fuente,id_origen,comprador,objeto,tipo,fecha_publicacion,fecha_apertura,estado,categoria_zona,es_ruido,keywords,url,fragmento,primera_vez_visto,vista_ultima_corrida,ultima_vez_visto
sibom,https://sibom.slyt.gba.gob.ar/bulletins/15450/contents/2422693,Berazategui,Decreto Nº555 en el boletín 157º de Berazategui,,29/07/2026,,,objetivo,no,"bateria,baterias",https://sibom.slyt.gba.gob.ar/bulletins/15450/contents/2422693,"Licitacion Privada 31/2026 para el objeto ""Adquisicion de baterias para flota rodante municipal"" ...",2026-08-31,2026-09-01,2026-09-04
sibom,https://sibom.slyt.gba.gob.ar/bulletins/15325/contents/2412681,Bahia Blanca,Decreto Nº1163 en el boletín 499º de Bahia Blanca,,08/07/2026,,,volumen_alto,si,"bateria,baterias",https://sibom.slyt.gba.gob.ar/bulletins/15325/contents/2412681,", y; CONSIDERANDO: Que la presente contratación consiste en el alquiler de equipos telefónicos para el Proceso Apell, el cual incluye 20 equipos transceptores comunes, reposición de baterías ... […] no antiexplosivos, 5 equipos transceptores portátiles intrínsecamente seguros con reposición de baterías , 9 transceptores portátiles, reposición de baterías , 2 equipos base completo y el mantenimiento bases ... […] a la firma BAHIA COMUNICACIONES S.A. - Proveedor Nº 5.375, el alquiler de 5 (CINCO) Equipos Transceptores portátiles, intrinsecameante seguros con reposición de baterias , 20 (VEINTE) ",2026-08-31,2026-08-31,2026-09-04
sibom,https://sibom.slyt.gba.gob.ar/bulletins/15325/contents/2412285,Bahia Blanca,Decreto Nº1415 en el boletín 499º de Bahia Blanca,,08/07/2026,,,volumen_alto,si,"bateria,baterias",https://sibom.slyt.gba.gob.ar/bulletins/15325/contents/2412285,"reguladora, batería y antena omnidireccional, y 5 equipos transceptores portátiles, intrínsecamente seguros con reposición de baterías ; Que a fojas 7, el Comité Técnico Ejecutivo, fundamenta ... […] - Transceptores Portátiles Sistema de Trunking, incluye 1 (uno) Equipo Base Completo con Fuente Reguladora, Batería y Antena Omnidireccional y 5 (cinco) Equipos Transceptores Portátiles intrínsecamente seguros ... […] , con reposición de baterías , por el período comprendido entre el 1 de julio y el 31 de diciembre de 2026, por un total de $22.960.782; Por todo lo expuesto, el INTENDENTE MUNICIPAL",2026-08-31,2026-08-31,2026-09-04
pbac,2026-50-101-293,103.13.4.1 - Dir. Pcial. Hospitales - Hospital M.V.De Martinez - Tigre,BATERIAS PARA GRUPO ELECTROGENO,Procedimiento Abreviado,,04/09/2026 10:00 Hrs.,Publicado,,si,bateria,https://pbac.cgp.gba.gov.ar/ListarAperturaProxima.aspx,,2026-08-31,2026-08-31,2026-09-04
sibom,https://sibom.slyt.gba.gob.ar/bulletins/15416/contents/2422544,Mercedes,Decreto Nº1038/2026 en el boletín 107º de Mercedes,,30/07/2026,10/06/2026,adjudicada,volumen_alto,no,"cubierta,cubiertas",https://sibom.slyt.gba.gob.ar/bulletins/15416/contents/2422544,"es la adquisición de cubiertas ... […] - -MERCEDES-COMP#SEH, caratulado “Concurso de Precios N° 33/2026 – Adquisición de cubiertas ”, y; ... […] .000,00 (Pesos veinticuatro millones ochocientos noventa mil con 00/100 centavos) la compra de cubiertas , según lo especificado en el Pliego de Bases y Condiciones obrante en el EX-2026-00047451- -MERCEDES-COMP#SEH ...",2026-08-28,2026-09-01,2026-09-04
sibom,https://sibom.slyt.gba.gob.ar/bulletins/15468/contents/2423123,Tandil,Decreto Nº2364/2026 en el boletín 349º de Tandil,,29/07/2026,,adjudicada,volumen_alto,no,"neumatico,neumaticos",https://sibom.slyt.gba.gob.ar/bulletins/15468/contents/2423123,", y el ítem N°2 a la mejor oferta, Proveedor LARROCA NEUMATICOS S […] ) Proveedor LAROCCA NEUMATICOS S.A.: Ítem N° 2 por un valor de $3.769.740,00 (tres millones setecientos […] El Concurso de Precios N° 64-03-26 “ADQUISICION NEUMATICOS PARA CARGA Y TRANSPORTE",2026-08-28,2026-09-01,2026-09-04
sibom,https://sibom.slyt.gba.gob.ar/bulletins/15286/contents/2410659,Tandil,Decreto Nº2070/2026 en el boletín 345º de Tandil,,01/07/2026,,,volumen_alto,no,"llanta,llantas",https://sibom.slyt.gba.gob.ar/bulletins/15286/contents/2410659,de la compra de llantas y cubiertas del tractor Massey Ferguson 265 que se utiliza para tareas de mantenimiento dentro ... […] La solicitud realizada por el Ente Administrador del Parque Industrial […] a lo dispuesto por la Ordenanza N°12.646 y poder cubrir los gastos de la compra de llantas y cubiertas del tractor Massey Ferguson 265 que se utiliza para tareas ...,2026-08-28,2026-09-01,2026-09-04
sibom,https://sibom.slyt.gba.gob.ar/bulletins/14909/contents/2392207,Nueve de Julio,Decreto Nº689/2026 en el boletín 121º de Nueve de Julio,,02/06/2026,,adjudicada,volumen_alto,no,"neumatico,neumaticos",https://sibom.slyt.gba.gob.ar/bulletins/14909/contents/2392207,"Que corresponde dictar acto administrativo expreso, de conformidad a las constancias enunciadas ... […] La comunicación NO–2026-00012016-MUNINUE-SSC#SAH. El expediente Nº 4082-262/26. La solicitud de la Secretaría de Obras y Servicios Públicos y la Secretaria de Gobierno. Las invitaciones a cotizar y los presupuestos ... […] LLAMADO A LICITACION Nº 13 - NEUMATICOS - ADJUDICACIÓN. ...",2026-08-28,2026-08-31,2026-09-04
sibom,https://sibom.slyt.gba.gob.ar/bulletins/15141/contents/2400537,General San Martín,Decreto Nº00097/26 en el boletín 2040º de General San Martín,,04/06/2026,,,objetivo,si,"cubierta,cubiertas",https://sibom.slyt.gba.gob.ar/bulletins/15141/contents/2400537,Ampliando monto de obra Cubierta playón deportivo del Parque José Hernández y ampliando plazo de obra. ...,2026-08-28,2026-08-28,2026-09-04
sibom,https://sibom.slyt.gba.gob.ar/bulletins/15545/contents/2435466,Quilmes,Decreto Nº1846/2026 en el boletín 567º de Quilmes,,31/08/2026,,,objetivo,no,gomeria,https://sibom.slyt.gba.gob.ar/bulletins/15545/contents/2435466,": Gomería , alineación y balanceo.- Domicilio: Calle Vicente Lopez Nº 429, localidad de Quilmes ...",2026-08-31,2026-09-01,2026-09-01
sibom,https://sibom.slyt.gba.gob.ar/bulletins/15586/contents/2435453,Bragado,Decreto Nº0727 en el boletín 182º de Bragado,,28/08/2026,,,volumen_alto,no,gomeria,https://sibom.slyt.gba.gob.ar/bulletins/15586/contents/2435453,"20-05056042-3, domicilio comercial en calle Rauch y Salta de la ciudad de Bragado, bajo el rubro Taller de Gomería , Partida Nº 181 ... […] VISTO ... […] , CUIT Nº 20-05056042-3, Partida Nº 181, cuyo domicilio comercial es en calle Rauch y Salta de la ciudad de Bragado, y bajo el rubro Taller de Gomería , ello en conformidad con lo establecido en los artículos 97 y 100 ...",2026-08-28,2026-09-01,2026-09-01
sibom,https://sibom.slyt.gba.gob.ar/bulletins/15592/contents/2434615,Coronel Suárez,Decreto Nº1190/2026 en el boletín 163º de Coronel Suárez,,27/08/2026,,,volumen_alto,no,"neumatico,neumaticos",https://sibom.slyt.gba.gob.ar/bulletins/15592/contents/2434615,"Que es necesaria su adquisición ... […] NEUMÁTICOS , para vehículos de la Secretaría de Servicios y Mantenimiento Urbano, y – ... […] : Llamar a Concurso de Precios nº 41/2026 para adquirir 22 NEUMATICOS - - - - - para vehículos de la Secretaría ...",2026-08-27,2026-09-01,2026-09-01
sibom,https://sibom.slyt.gba.gob.ar/bulletins/15537/contents/2430840,Chivilcoy,Ordenanza Nº11068 en el boletín 118º de Chivilcoy,,14/08/2026,,,volumen_alto,no,"bateria,baterias",https://sibom.slyt.gba.gob.ar/bulletins/15537/contents/2430840,", con batería , y un (1) gabinete de pared para desfibrilador, conforme surge del Acta de Entrega de Donación suscripta entre las partes, según expediente 4031-274141 Interno 1618 E. Artículo 2 ...",2026-08-14,2026-09-01,2026-09-01
sibom,https://sibom.slyt.gba.gob.ar/bulletins/15429/contents/2426107,General Villegas,Decreto Nº543/26 en el boletín 195º de General Villegas,,10/08/2026,,,volumen_alto,no,"neumatico,neumaticos,protector de neumaticos",https://sibom.slyt.gba.gob.ar/bulletins/15429/contents/2426107,", correspondientes a la Licitación Privada Nº 5/26 destinada a la “Adquisición de Neumáticos Nuevos – Unidades de la Dirección Vial y Delegaciones Municipales”, autorizada por Decreto Nº 393/26 ... […] conveniente adjudicar los ítems 1, 4, 9, 12 y 16 a Neumáticos Villegas S.A. y los ítems 2, 3, 5, 6, 7, 8, 10, 11, 13, 14, 15, 17, 18, 19 y 20 a Leticia Liliana Morra, por resultar beneficioso a los intereses municipales ... […] . Por otro lado, corresponde desestimar las ofertas de Neumáticos Villegas S.A., ítems 1 alternativa 1; 2 original y alternativa 1; 3 original; 4 alternativa 1 y 2; 5 ori",2026-08-10,2026-09-01,2026-09-01
sibom,https://sibom.slyt.gba.gob.ar/bulletins/15468/contents/2421723,Tandil,Decreto Nº2319/2026 en el boletín 349º de Tandil,,29/07/2026,,,volumen_alto,no,"llanta,llantas",https://sibom.slyt.gba.gob.ar/bulletins/15468/contents/2421723,"de la puerta trasera derecha rota, llantas rayadas, paragolpes delantero roto y la puerta del baúl abollada ... […] El reclamo formulado por la Sra. ALDANA SOLEDAD BINDERUP, D.N.I. Nº 37.906.320, a través de nota N […] Artículo 1",2026-07-29,2026-09-01,2026-09-01
sibom,https://sibom.slyt.gba.gob.ar/bulletins/15450/contents/2422123,Berazategui,Resolución Nº048 en el boletín 157º de Berazategui,,29/07/2026,,,objetivo,no,"bateria,baterias",https://sibom.slyt.gba.gob.ar/bulletins/15450/contents/2422123,Nº 31/2026 para el objeto: “ADQUISICIÓN DE BATERIAS PARA LA FLOTA RODANTE ...,2026-07-29,2026-09-01,2026-09-01
sibom,https://sibom.slyt.gba.gob.ar/bulletins/15407/contents/2417869,Chacabuco,Decreto Nº814 en el boletín 115º de Chacabuco,,28/07/2026,,,volumen_alto,no,"cubierta,cubiertas",https://sibom.slyt.gba.gob.ar/bulletins/15407/contents/2417869,"DISPONIENDO LA AMPLIACIÓN DE CONTRATO PARA LA OBRA: ""REPARACIÓN CUBIERTA DE TECHO DEL PALACIO MUNICIPAL”.- ...",2026-07-28,2026-09-01,2026-09-01
sibom,https://sibom.slyt.gba.gob.ar/bulletins/15408/contents/2419283,Moreno,Decreto Nº1288/26 en el boletín 327º de Moreno,,28/07/2026,,,objetivo,no,gomeria,https://sibom.slyt.gba.gob.ar/bulletins/15408/contents/2419283,"y materiales para gomería ” solicitado por la Secretaria de Ambiente y Desarrollo Sostenible, a la oferta N° 1 correspondiente a la firma GRIMAU NEUMATICOS Y SERVICIOS SRL y a la oferta N° 2 correspondiente a la firma KIMEL DANIEL LUIS ...",2026-07-28,2026-09-01,2026-09-01
sibom,https://sibom.slyt.gba.gob.ar/bulletins/15287/contents/2419656,Coronel Dorrego,Resolución Nº037/2026 en el boletín 198º de Coronel Dorrego,,27/07/2026,,,volumen_alto,no,gomeria,https://sibom.slyt.gba.gob.ar/bulletins/15287/contents/2419656,"Los antecedentes obrantes ... […] del local de acceso público ubicado en calle Av. Santagada Nº 425 de la ciudad de CORONEL DORREGO, peticionada por MESA PAOLA BELÉN - Ramo GOMERÍA con la finalidad de proveer a la salubridad ... […] el INTENDENTE ...",2026-07-27,2026-09-01,2026-09-01
sibom,https://sibom.slyt.gba.gob.ar/bulletins/15333/contents/2412716,Berazategui,Decreto Nº283 en el boletín 156º de Berazategui,,23/07/2026,,,objetivo,no,camara de aire,https://sibom.slyt.gba.gob.ar/bulletins/15333/contents/2412716,"Ampliar Lic. Privada N°108/25 para reposicion de camaras de registro cloacal, brocales y techos de camara Adj. A Checa SRL Expediente N° 4011-15748/2025 ...",2026-07-23,2026-09-01,2026-09-01
sibom,https://sibom.slyt.gba.gob.ar/bulletins/15321/contents/2412370,Moreno,Decreto Nº1072/26 en el boletín 326º de Moreno,,17/07/2026,,adjudicada,objetivo,no,"bateria,baterias",https://sibom.slyt.gba.gob.ar/bulletins/15321/contents/2412370,"Adjudíquese el Concurso de Precios N° 60/2026, para la adquisición de “Drone y Baterías ” solicitado ...",2026-07-17,2026-09-01,2026-09-01
sibom,https://sibom.slyt.gba.gob.ar/bulletins/15256/contents/2408298,Saladillo,Decreto Nº463/2026 en el boletín 128º de Saladillo,,14/07/2026,,,volumen_alto,no,gomeria,https://sibom.slyt.gba.gob.ar/bulletins/15256/contents/2408298,"; La firma SALADILLO NEUMÁTICOS S.A., cotizó todos los ítems por la suma de $ 36.475.800,00; La firma NUEVA GOMERÍA PALERMO S.R.L., cotizó todos los ítems por la suma de $ 33.781.046,00 ... […] CECILIA NORA, los ítems 2, 3, 5, y 10 a la firma SALADILLO NEUMÁTICOS S.A.; los ítems 6, 8, 9, 11 y 12 a la firma NUEVA GOMERÍA PALERMO S.R.L., y el ítem 13 a la firma MEYER CARLOS ADRIÁN ... […] , y 7 a CETARO CECILIA NORA, ítems 2, 3, 5, y 10 a la firma SALADILLO NEUMÁTICOS S.A.; ítems 6, 8, 9, 11 y 12 a la firma NUEVA GOMERÍA PALERMO S.R.L., y el ítem 13 a la firma MEYER CARLOS ADRIÁN; por ser las má",2026-07-14,2026-09-01,2026-09-01
sibom,https://sibom.slyt.gba.gob.ar/bulletins/15256/contents/2408096,Saladillo,Decreto Nº454/2026 en el boletín 128º de Saladillo,,14/07/2026,,,volumen_alto,no,camara de aire,https://sibom.slyt.gba.gob.ar/bulletins/15256/contents/2408096,"que en virtud de ello se hace necesario adecuar, en el Presupuesto 2026, lo presupuestado en el rubro Deuda Flotante y lo estimado en Saldos de libre disponibilidad, dictándose el acto administrativo pertinente ... […] que se cuenta con los saldos definitivos de disponibilidades y deuda flotante al cierre del ejercicio 2025 ... […] Cubiertas y cámaras de aire ...",2026-07-14,2026-09-01,2026-09-01
sibom,https://sibom.slyt.gba.gob.ar/bulletins/15274/contents/2409266,Bahia Blanca,Decreto Nº1136 en el boletín 498º de Bahia Blanca,,03/07/2026,,,volumen_alto,no,"bateria,baterias",https://sibom.slyt.gba.gob.ar/bulletins/15274/contents/2409266,", y; CONSIDERANDO: Que, la contratación a llevar a cabo objeto de la presente solicitud, incluye servicio y gastos de 80 equipos tranceptores portátiles, sistema de trunking, reposición y reparaciones de baterías . Los equipos ... […] solicitados deben tener potencia 2.5 watts y 25 watts, batería de alto rendimiento y funcionar en el Sistema de Trunking de 800 MHZ conformado por múltiples repetidoras de alta seguridad en comunicaciones, ya que las misma se encuentran encriptadas ...",2026-07-03,2026-09-01,2026-09-01
sibom,https://sibom.slyt.gba.gob.ar/bulletins/15121/contents/2410229,Trenque Lauquen,Decreto Nº596/2026 en el boletín 222º de Trenque Lauquen,,30/06/2026,,,volumen_alto,no,"llanta,llantas",https://sibom.slyt.gba.gob.ar/bulletins/15121/contents/2410229,"Que, en ellas, los SRES. ÉRCOLI, HERNÁN JESÚS y GÓMEZ, LETICIA IVONE, solicitan se realicen los trámites necesarios para proceder a la escrituración, por intermedio de la Escribanía General de Gobierno, de la vivienda de su propiedad ... […] Las actuaciones obrantes en el Expediente Nº 4115-41/2025 ... […] 596/2026 Declara Interés Social escritura Ercoli - Gomez Tres LLantas ...",2026-06-30,2026-09-01,2026-09-01
sibom,https://sibom.slyt.gba.gob.ar/bulletins/14909/contents/2384004,Nueve de Julio,Resolución Nº68/2026 en el boletín 121º de Nueve de Julio,,02/06/2026,,,volumen_alto,no,"llanta,llantas",https://sibom.slyt.gba.gob.ar/bulletins/14909/contents/2384004,"el vehículo en llanta )”. Que de lo informado por el Secretario de Obras y Servicios Públicos (fs. 7) surge que “se informa la existencia del cordón, el cual se encuentra señalizado con pintura amarilla, lo que indica la prohibición de estacionar ... […] Las constancias obrantes en el Expediente Municipal Nº 4082-177/2026 caratulado “Ingrati Romina – Rotura de neumático por cordón sobresaliente” que tienen por objeto el reclamo de resarcimiento de los daños producidos en el vehículo con dominio AC ... […] ARTICULO 1º: Rechazar el reclamo administrativo interpuesto por la Sra. Ingrati Ines Romi",2026-06-02,2026-09-01,2026-09-01
sibom,https://sibom.slyt.gba.gob.ar/bulletins/15107/contents/2397527,Zárate,Decreto Nº191/26 en el boletín 253º de Zárate,,29/05/2026,,,objetivo,no,"neumatico,neumaticos,protector de neumaticos",https://sibom.slyt.gba.gob.ar/bulletins/15107/contents/2397527,"Que, se solicitó por parte de la Subsecretaría de Obras Públicas y Mantenimiento Urbano la adquisición de neumáticos destinados a los vehículos de dicha dependencia; Que, en relación a ello se dispuso la apertura de los presentes actuados ... […] , con el fin de canalizar dicha demanda; Que, conforme surge de las actuaciones, las áreas técnicas han cotejado los valores ofertados, verificando que los neumáticos requeridos constituyen bienes de valor corriente en plaza ... […] ; Que, la oferta presentada por la firma Fioranelli Neumáticos S.A.S. resulta ser la más conveniente a los intereses mun",2026-05-29,2026-09-01,2026-09-01
sibom,https://sibom.slyt.gba.gob.ar/bulletins/14981/contents/2395207,Puan,Decreto Nº0322 en el boletín 161º de Puan,,29/05/2026,,,volumen_alto,no,"bateria,baterias",https://sibom.slyt.gba.gob.ar/bulletins/14981/contents/2395207,"de partes, piezas y accesorios nuevos ncp, venta y reparación de cámaras y cubiertas, venta al por menor de baterías y venta al por menor de artículos de ferretería y materiales eléctricos, de la calle Humberto ...",2026-05-29,2026-09-01,2026-09-01
sibom,https://sibom.slyt.gba.gob.ar/bulletins/15058/contents/2394241,Coronel Pringles,Decreto Nº0377/26 en el boletín 265º de Coronel Pringles,,27/05/2026,,,volumen_alto,no,"cubierta,cubiertas",https://sibom.slyt.gba.gob.ar/bulletins/15058/contents/2394241,"Que el Director de Vialidad Municipal, Sr. Vivas Luciano, informa el deterioro que presenta la cubierta del edificio donde funcionan las Oficinas Administrativas de Vialidad y Servicios Urbanos ... […] ; Que dichas tareas comprenden el desarme de la cubierta existente y la posterior construcción de una nueva estructura con malla, lana de vidrio y colocación de chapas nuevas; Que la Contaduría Municipal a fs. 22 da lugar ... […] a lo requerido para atender el gasto que demanden las tareas de mantenimiento por deterioro de la cubierta del edificio del Parque Vial, con el objeto de solucionar los",2026-05-27,2026-09-01,2026-09-01
sibom,https://sibom.slyt.gba.gob.ar/bulletins/15073/contents/2395085,Zárate,Resolución Nº267/26 en el boletín 251º de Zárate,,26/05/2026,,,objetivo,no,gomeria,https://sibom.slyt.gba.gob.ar/bulletins/15073/contents/2395085,".), y actividades accesorias de Depósito Fiscal (Depósito de Mercaderías de Importación y exportación excepto inflamables y explosivos), Lavadero de autos, Gomería , Shop-Autoservicio de Comidas y Locutorio Telefónico, en el establecimiento ubicado ... […] inflamables y explosivos), Lavadero de autos, Gomería , Shop-Autoservicio de Comidas y Locutorio Telefónico, Servicio de Almacenamiento y Depósitos en cámaras frigoríficas de productos alimenticios, Servicio de Almacenamiento y Depósito de mercaderías ... […] El señor SECRETARIO DE GOBIERNO de la MUNICIPALIDAD DE ZÁRATE, en uso de las facult",2026-05-26,2026-09-01,2026-09-01
sibom,https://sibom.slyt.gba.gob.ar/bulletins/15003/contents/2391399,Lujan,Decreto Nº381 en el boletín 88º de Lujan,,24/05/2026,,,objetivo,no,camara de aire,https://sibom.slyt.gba.gob.ar/bulletins/15003/contents/2391399,"Que en orden 2 toma conocimiento la Secretaría de Protección Ciudadana de la nota presentada por el Señor Fernández Federico Samuel, DNI 42.397.195, para la autorización del evento bailable al aire libre, a fin de festejar un ""After Club ... […] lo actuado en el expediente EX-2026-00028393-MUNILUJAN-DRH#SGPC, referente a un evento bailable al aire libre en el predio del Club Social y Deportivo Flandria; y ... […] EX-2026-00028393- -MUNILUJAN-DRH#SGPC - Autoriación para realización de evento bailable al aire libre ""After Club"" en el predio del Club Social y Deportivo Flandria ...",2026-05-24,2026-09-01,2026-09-01
sibom,https://sibom.slyt.gba.gob.ar/bulletins/14984/contents/2392538,General Alvear,Decreto Nº229/2026 en el boletín 95º de General Alvear,,20/05/2026,,,volumen_alto,no,"cubierta,cubiertas",https://sibom.slyt.gba.gob.ar/bulletins/14984/contents/2392538,"VISTO: El Expte. N.º: 4039-17522/2026-BIS, por el cual se llama a Concurso de Precio N.º: 05/2026, referente a: Adquisición de 4 cubiertas 295/80 RX ... […] 22 C/TACO para compactadora, con destino a SEU y 4 cubiertas C/TACOS 1400 x 24 x 12 dibujo R2 P/ Motoniveladora Zanello: VIAL, cuatro neumáticos pirelli 205/75 R16 “C” para ambulancias fiat ducato dominio NQK355 y AD174IN”, por un costo aproximado ... […] ), referente a la Adquisición de 4 cubiertas 295/80 RX 22 C/TACO para compactadora, con destino a SEU y 4 cubiertas C/TACOS 1400 x 24 x 12 dibujo R2 P/ Motoniveladora Zanello: VIAL, cuatr",2026-05-20,2026-09-01,2026-09-01
sibom,https://sibom.slyt.gba.gob.ar/bulletins/14984/contents/2388986,General Alvear,Decreto Nº186/2026 en el boletín 95º de General Alvear,,20/05/2026,,,volumen_alto,no,"cubierta,cubiertas",https://sibom.slyt.gba.gob.ar/bulletins/14984/contents/2388986,"VISTO: El Expediente Nº: 4039-17522/2026, referente a “Adquisición de 4 cubiertas 295/80 RX 22 C/TACO para compactadora, con destino a SEU y 4 cubiertas C/TACOS 1400 x 24 x 12 dibujo R2 P ... […] ARTICULO 1º: Llámese a Concurso de Precios Nº 04/2026 (Expte. Nº: 4039-17522/2026), para el día 09 de abril de 2026, a las 11:00 hs “Adquisición de 4 cubiertas 295/80 RX 22 C/TACO para compactadora ... […] , con destino a SEU y 4 cubiertas C/TACOS 1400 x 24 x 12 dibujo R2 P/ Motoniveladora Zanello: vial, cuatro neumáticos pirelli 205/75 R16 “C” para ambulancias fiat ducato dominio NQK355 y AD174IN”, p",2026-05-20,2026-09-01,2026-09-01
sibom,https://sibom.slyt.gba.gob.ar/bulletins/14984/contents/2392311,General Alvear,Decreto Nº206/2026 en el boletín 95º de General Alvear,,20/05/2026,,,volumen_alto,no,"cubierta,cubiertas",https://sibom.slyt.gba.gob.ar/bulletins/14984/contents/2392311,"VISTO: El Expediente Nº: 4039-17522/2026-BIS , referente a “Adquisición de 4 cubiertas 295/80 RX 22 C/TACO para compactadora, con destino a SEU y 4 cubiertas C/TACOS 1400 x 24 x 12 dibujo R2 P ... […] ARTICULO 1º: Llámese a Concurso de Precios N.º: 05/2026 (Expte. Nº: 4039-17522/2026-BIS), para el día 17 de abril de 2026, a las 11:00 Hs. “Adquisición de 4 cubiertas 295/80 RX 22 C/TACO para compactadora, con destino ... […] a SEU y 4 cubiertas C/TACOS 1400 x 24 x 12 dibujo R2 P/ Motoniveladora Zanello: vial, cuatro neumáticos pirelli 205/75 R16 “C” para ambulancias fiat ducato dominio NQK355 y ",2026-05-20,2026-09-01,2026-09-01
sibom,https://sibom.slyt.gba.gob.ar/bulletins/14778/contents/2391908,Tapalqué,Decreto Nº0810 en el boletín 120º de Tapalqué,,20/05/2026,,,volumen_alto,no,camara de aire,https://sibom.slyt.gba.gob.ar/bulletins/14778/contents/2391908,"El informe elevado al respecto por la Contaduría de esta Comuna ... […] La necesidad de proceder a la modificación del Cálculo de Recursos y Presupuesto de Gastos en vigencia, como consecuencia de tener que ingresar los fondos que serán destinados al programa Tasa de Seguridad Ciudadana ... […] 22.00.00 Cubiertas y cámaras de aire ...",2026-05-20,2026-09-01,2026-09-01
sibom,https://sibom.slyt.gba.gob.ar/bulletins/14696/contents/2391874,Quilmes,Decreto Nº0877/2026 en el boletín 543º de Quilmes,,20/05/2026,,,objetivo,no,"bateria,baterias",https://sibom.slyt.gba.gob.ar/bulletins/14696/contents/2391874,"DESÍGNASE a la Sra. Pozas, Candela (CUIL Nº 27-38303553-3), como Profesora, con la cantidad de cuatro (4) Horas Interinas Nivel Superior (Cátedra Batería 1 ...",2026-05-20,2026-09-01,2026-09-01
sibom,https://sibom.slyt.gba.gob.ar/bulletins/14910/contents/2390185,Chivilcoy,Decreto Nº584 en el boletín 115º de Chivilcoy,,19/05/2026,,,volumen_alto,no,camara de aire,https://sibom.slyt.gba.gob.ar/bulletins/14910/contents/2390185,"la nota presentada por la Secretaria de Hacienda Interina, por la cual solicita dar de baja un aire acondicionado, por encontrarse en un estado irrecuperable. ... […] EL INTENDENTE MUNICIPAL, en uso de sus atribuciones; D E C R E T A: Artículo 1º: Efectúese la baja del patrimonio municipal de un aire acondicionado, Cod. de Identificación N° 14417, perteneciente a la Secretaria de Hacienda ... […] El intendente municipal, en uso de sus atribuciones, decreta ...",2026-05-19,2026-09-01,2026-09-01
sibom,https://sibom.slyt.gba.gob.ar/bulletins/14966/contents/2388448,Bahia Blanca,Decreto Nº2902 en el boletín 491º de Bahia Blanca,,18/05/2026,,,volumen_alto,no,"bateria,baterias",https://sibom.slyt.gba.gob.ar/bulletins/14966/contents/2388448,"el desarrollo del uso ""Taller de reparación eléctrica, de tableros e instrumental, reparación y recarga de baterías , instalación de alarmas, radios y sistema de climatización"" Por ello el INTENDENTE MUNICIPAL en uso de sus facultades ...",2026-05-18,2026-09-01,2026-09-01
sibom,https://sibom.slyt.gba.gob.ar/bulletins/14951/contents/2386802,Avellaneda,Decreto Nº339/2026 en el boletín 125º de Avellaneda,,15/05/2026,,adjudicada,objetivo,no,"bateria,baterias",https://sibom.slyt.gba.gob.ar/bulletins/14951/contents/2386802,"Que se ha procedido a la apertura de sobres en fecha 16 de enero del año 2026 a las 09.30 horas, según Decreto Nro. 44/2026 fechado el 08 de enero del 2026 tal como consta en el acta de apertura ... […] El trámite promovido por el Expediente: EX-2025-00307089- -MUNIAVEBA-SSGR#SOSP que trata la: ""PROVISIÓN DE REPUESTOS Y BATERIAS PARA VEHICULOS DE LA SSGR - SECRETARÍA DE OBRAS Y SERVICIOS PÚBLICOS"" y; ... […] DECRE-2026-339-E-MUNIAVEBA-INT ...",2026-05-15,2026-09-01,2026-09-01
sibom,https://sibom.slyt.gba.gob.ar/bulletins/14959/contents/2387269,Zárate,Decreto Nº168/26 en el boletín 242º de Zárate,,11/05/2026,,,objetivo,no,"llanta,llantas",https://sibom.slyt.gba.gob.ar/bulletins/14959/contents/2387269,"de la instalación de una planta de fabricación de llantas de aluminio para automóviles, según las actuaciones presentes en el expediente municipal 4121-2929-2025; Que, la empresa ha ofrecido, como parte de su Plan de Responsabilidad Social ... […] La Ordenanza 5218, y el expediente 4121-2929-2025 ... […] ARTÍCULO 1º.- Otórgase a la empresa NEO RODAS MERCO S.A., cuyo establecimiento se encuentra situado en Ruta Nacional 9, a la altura del kilómetro 83 (Circunscripción II, Partida 48187, parcela 210 AN, Circunscripción II, Partida ...",2026-05-11,2026-09-01,2026-09-01
sibom,https://sibom.slyt.gba.gob.ar/bulletins/14798/contents/2384912,Bragado,Ordenanza Nº5778 en el boletín 176º de Bragado,,07/05/2026,,,volumen_alto,no,"bateria,baterias",https://sibom.slyt.gba.gob.ar/bulletins/14798/contents/2384912,"un dispositivo de Cámara Corporal CS11 con pantalla y luz LED, calidad de imagen HD, micrófono integrado, lente rotatorio de 180º, batería recargable integrada, conexión Wifi y almacenamiento de 128 GB, a favor de la Dirección de Seguridad ... […] , micrófono integrado, lente rotatorio de 180º, batería recargable integrada, conexión Wifi y almacenamiento de 128 GB, para que sea utilizada por el personal de Tránsito municipal dependiente de la Dirección General de Seguridad de la Municipalidad ...",2026-05-07,2026-09-01,2026-09-01
sibom,https://sibom.slyt.gba.gob.ar/bulletins/14832/contents/2378933,General Alvear,Decreto Nº137/2026 en el boletín 94º de General Alvear,,24/04/2026,,,volumen_alto,no,"cubierta,cubiertas",https://sibom.slyt.gba.gob.ar/bulletins/14832/contents/2378933,"VISTO: El Expediente Nº: 4039-17508/2026, referente a “Adquisición de 4 cubiertas 295/80 RX 22 C/TACO para compactadora -: SEU y 4 cubiertas C/TACOS 1400 x 24 x 12 dibujo R2 P/ Motoniveladora Zanello ... […] /2026), para el día 18 de marzo de 2026, a las 11:00 hs “Adquisición de 4 cubiertas 295/80 RX 22 C/TACO para compactadora-: SEU y 4 cubiertas C/TACOS 1400 x 24 x 12 dibujo R2 P/ Motoniveladora Zanello: vial,”, por un costo aproximado de cinco millones ...",2026-04-24,2026-09-01,2026-09-01
sibom,https://sibom.slyt.gba.gob.ar/bulletins/14743/contents/2371747,Moreno,Decreto Nº0167/26 en el boletín 321º de Moreno,,17/04/2026,,adjudicada,objetivo,no,camara de aire,https://sibom.slyt.gba.gob.ar/bulletins/14743/contents/2371747,"Adjudíquese al Concurso de Precios N° 02/2026, realizado para la adquisición de “Cubiertas y Cámaras de Aire ” solicitado por la Secretaria de Obras y Servicios Públicos, a la firma GRIAMU NEUMATICOS Y SERVICIOS SRL ...",2026-04-17,2026-09-01,2026-09-01
sibom,https://sibom.slyt.gba.gob.ar/bulletins/14739/contents/2371725,Bahia Blanca,Decreto Nº713 en el boletín 487º de Bahia Blanca,,13/04/2026,,,volumen_alto,no,"bateria,baterias",https://sibom.slyt.gba.gob.ar/bulletins/14739/contents/2371725,"Visto las presentes actuaciones, referidas a la adquisición de baterías de una UPS APC SURT10000XLI y; CONSIDERANDO Que la presente adquisición incluye ... […] la provisión y reemplazo de 3 pack de baterías del equipo, utilizando baterías tipo CSB de alta capacidad de descarga de 12 volts, 5, 1 amperes. La tarea se realizará en laboratorio, realizando limpieza minuciosa de los componentes y revision ... […] oferta económica a la firma C3I S.A. Que a fojas 25, el Departamento Compras sugiere adjudicar el reemplazo de baterías UPS de CEUM a C3I S.A., Proveedor N.º5109, por mejor oferta mas econó",2026-04-13,2026-09-01,2026-09-01
sibom,https://sibom.slyt.gba.gob.ar/bulletins/14747/contents/2372313,Campana,Decreto Nº255/26 en el boletín 485º de Campana,,10/04/2026,,,objetivo,no,"neumatico,neumaticos",https://sibom.slyt.gba.gob.ar/bulletins/14747/contents/2372313,"., GTS NEUMÁTICOS S.A., NEUMÁTICOS LA CUEVA S.R.L., LENCINA VICTOR HUGO, BULL VIAL S.R.L., NEUMÁTICOS MIGUEL FERNÁNDEZ S.R.L., con sus correspondientes firmas. Que corre agregada la documentación presentada por las firmas H.K. SERVICE S.R.L ... […] ., NEUMÁTICOS LA CUEVA S.R.L. y BULL VIAL S.R.L., respectivamente. Que obra Acta de Apertura de fecha diecinueve (19) de febrero de 2026, donde se deja constancia que se procede a la apertura de los sobres que contienen las siguientes propuestas ... […] : Oferta 1 – H.K SERVICE S.R.L., Oferta 2 – NEUMÁTICOS LA CUEVA S.R.L., y Oferta 3 – BULL VIAL S.",2026-04-10,2026-09-01,2026-09-01
sibom,https://sibom.slyt.gba.gob.ar/bulletins/14590/contents/2365573,Bragado,Ordenanza Nº5778 en el boletín 173º de Bragado,,10/04/2026,,,volumen_alto,no,"bateria,baterias",https://sibom.slyt.gba.gob.ar/bulletins/14590/contents/2365573,"un dispositivo de Cámara Corporal CS11 con pantalla y luz LED, calidad de imagen HD, micrófono integrado, lente rotatorio de 180º, batería recargable integrada, conexión Wifi y almacenamiento de 128 GB, a favor de la Dirección de Seguridad ... […] , micrófono integrado, lente rotatorio de 180º, batería recargable integrada, conexión Wifi y almacenamiento de 128 GB, para que sea utilizada por el personal de Tránsito municipal dependiente de la Dirección General de Seguridad de la Municipalidad ...",2026-04-10,2026-09-01,2026-09-01
sibom,https://sibom.slyt.gba.gob.ar/bulletins/14708/contents/2369148,General Villegas,Ordenanza Nº6742/25 en el boletín 189º de General Villegas,,07/04/2026,,,volumen_alto,no,recapado,https://sibom.slyt.gba.gob.ar/bulletins/14708/contents/2369148,"VISTO: El Expediente Nº 11966/25, iniciado por la Directora de Rentas, elevando el proyecto de ordenanza tendiente a actualizar ... […] Gomerías, vulcanización, recapado , etc. $ 10,800 ... […] Gomerías, vulcanización, recapado , etc. $ 3,413.06 ...",2026-04-07,2026-09-01,2026-09-01
sibom,https://sibom.slyt.gba.gob.ar/bulletins/14561/contents/2365906,Nueve de Julio,Resolución Nº51/2026 en el boletín 119º de Nueve de Julio,,05/04/2026,,,volumen_alto,no,"llanta,llantas",https://sibom.slyt.gba.gob.ar/bulletins/14561/contents/2365906,"y Gardel, mi vehículo sufrió la rotura de una llanta a causa de un bache de gran tamaño que se encuentra en dicha arteria”. Que de lo informado por el Secretario de Obras y Servicios Públicos (fs. 6) surge que “dicha secretaria no recibió ningún ... […] Las constancias obrantes en el Expediente Municipal Nº 4082-572/2025 caratulado “Lagorio Cintia s/ rotura de llanta por bache” que tienen por objeto el reclamo de resarcimiento de los daños producidos en el vehículo con dominio AF340TD. El dictamen del Sr. Asesora Legal y Técnica en fojas 15 a 17. Jurisprudencia y doctrina aplicada a la materia",2026-04-05,2026-09-01,2026-09-01
sibom,https://sibom.slyt.gba.gob.ar/bulletins/14661/contents/2364347,Bahia Blanca,Decreto Nº310 en el boletín 485º de Bahia Blanca,,27/03/2026,,,volumen_alto,no,"bateria,baterias",https://sibom.slyt.gba.gob.ar/bulletins/14661/contents/2364347,", y; CONSIDERANDO: Que, la contratación a llevar a cabo objeto de la presente solicitud, incluye servicio y gastos de 80 equipos tranceptores portátiles, sistema de trunking, reposición y reparaciones de baterías . Los equipos ... […] solicitados deben tener potencia 2.5 watts y 25 watts, batería de alto rendimiento y funcionar en el Sistema de Trunking de 800 MHZ conformado por múltiples repetidoras de alta seguridad en comunicaciones, ya que las misma se encuentran encriptadas ...",2026-03-27,2026-09-01,2026-09-01
sibom,https://sibom.slyt.gba.gob.ar/bulletins/14579/contents/2358242,Coronel Rosales,Decreto Nº101 en el boletín 76º de Coronel Rosales,,11/03/2026,,,volumen_alto,no,"llanta,llantas",https://sibom.slyt.gba.gob.ar/bulletins/14579/contents/2358242,"viajó a la Capital para tramitar pasaportes y se encontraba con Alberto Barco en el lugar de los hechos haciendo una exclusiva viviendo “pánico, bronca, sangre, llantos , gritos, desesperación, la congoja de los familiares…” según sus dichos ... […] La destacada trayectoria periodística llevada a cabo por la Sr Norberto “Pichi” Sella habiendo cumplido 46 años de profesión ... […] El Honorable Concejo Deliberante de Coronel Rosales declara al señor Norberto “Pichi” Sella, personalidad destacada por su labor periodística ...",2026-03-11,2026-09-01,2026-09-01
sibom,https://sibom.slyt.gba.gob.ar/bulletins/14413/contents/2347155,Moreno,Decreto Nº4095/25 en el boletín 316º de Moreno,,05/02/2026,,adjudicada,objetivo,no,camara de aire,https://sibom.slyt.gba.gob.ar/bulletins/14413/contents/2347155,"Adjudíquese al Concurso de Precios N° 248/2025, realizado para la adquisición de “Cubiertas y cámaras de aire ” solicitado por la Secretaria de Obras y Servicios Públicos, a la firma GRIMAU NEUMATICOS Y SERVICIOS SRL. SR NAHUEL BERGUIER ...",2026-02-05,2026-09-01,2026-09-01
sibom,https://sibom.slyt.gba.gob.ar/bulletins/14402/contents/2347799,General San Martín,Decreto Nº94/26 en el boletín 2026º de General San Martín,,05/02/2026,,,objetivo,no,camara de aire,https://sibom.slyt.gba.gob.ar/bulletins/14402/contents/2347799,"Procediendo a la baja del Patrimonio Municipal del elemento faltante AIRE ACONDICIONADO SPLIT, inventariado bajo el Nº 87641. ...",2026-02-05,2026-09-01,2026-09-01
sibom,https://sibom.slyt.gba.gob.ar/bulletins/14255/contents/2343986,Coronel Dorrego,Decreto Nº2968/2025 en el boletín 193º de Coronel Dorrego,,02/02/2026,,,volumen_alto,no,gomeria,https://sibom.slyt.gba.gob.ar/bulletins/14255/contents/2343986,"que en la mencionada nota, el Sr. Raúl Cesareo Rodríguez solicita se otorgue la baja, por cese de actividades comerciales en el rubro “ Gomería ” otorgada mediante Resolución recaída en Expte Nº 1077/01, local ubicado ... […] la nota presentada mediante Expte. 1963/25 por el Sr. Raúl Cesareo Rodríguez ... […] ARTÍCULO 1°) Dése de baja a la Habilitación Municipal en el rubro “ Gomería ” , por cese de actividades solicitada por el Sr. RAÚL CESAREO ...",2026-02-02,2026-09-01,2026-09-01
sibom,https://sibom.slyt.gba.gob.ar/bulletins/14255/contents/2344775,Coronel Dorrego,Resolución Nº0176/2025 en el boletín 193º de Coronel Dorrego,,02/02/2026,,,volumen_alto,no,gomeria,https://sibom.slyt.gba.gob.ar/bulletins/14255/contents/2344775,"el ejercicio del Poder de Policía que a este Municipio le confieren los Arts. 190, 191, 192 incs. 4 ... […] los antecedentes obrantes en el Expte 1196/2025 ... […] HUGO GUILLERMO- CUIL 20-30903480-6 - Ramo: “ GOMERIA ” con la finalidad de proveer a la salubridad, seguridad e higiene de la población, potestad genéricamente ...",2026-02-02,2026-09-01,2026-09-01
sibom,https://sibom.slyt.gba.gob.ar/bulletins/14360/contents/2342439,Moreno,Decreto Nº3599/25 en el boletín 314º de Moreno,,27/01/2026,,adjudicada,objetivo,no,"neumatico,neumaticos,protector de neumaticos",https://sibom.slyt.gba.gob.ar/bulletins/14360/contents/2342439,"Adjudíquese al Concurso de Precios N° 224/2025, realizado para la adquisición de “Cubiertas y Cámaras para Neumáticos ” solicitado por la Secretaria de Obras y Servicios Públicos, a la oferta correspondiente a la firma GRIMAU NEUMATICOS ...",2026-01-27,2026-09-01,2026-09-01
sibom,https://sibom.slyt.gba.gob.ar/bulletins/14378/contents/2343125,General Alvear,Decreto Nº662/2025 en el boletín 89º de General Alvear,,27/01/2026,,,volumen_alto,no,camara de aire,https://sibom.slyt.gba.gob.ar/bulletins/14378/contents/2343125,.4.0 Cubiertas y cámaras de aire ...,2026-01-27,2026-09-01,2026-09-01
sibom,https://sibom.slyt.gba.gob.ar/bulletins/14378/contents/2343121,General Alvear,Decreto Nº661/2025 en el boletín 89º de General Alvear,,27/01/2026,,,volumen_alto,no,camara de aire,https://sibom.slyt.gba.gob.ar/bulletins/14378/contents/2343121,.4.0 Cubiertas y cámaras de aire ...,2026-01-27,2026-09-01,2026-09-01
sibom,https://sibom.slyt.gba.gob.ar/bulletins/14212/contents/2333169,Saladillo,Ordenanza Nº4162 en el boletín 118º de Saladillo,,08/01/2026,,,volumen_alto,no,protector de neumaticos,https://sibom.slyt.gba.gob.ar/bulletins/14212/contents/2333169,"de Saladillo y la Asociación Civil Sociedad Protectora de Desvalidos; que , existe un Acuerdo suscripto entre la Cooperativa Eléctrica de Consumo y Otros Servicios de Saladillo Ltda., la asociación ... […] civil Sociedad Protectora de Desvalidos y la Municipalidad de Saladillo con fecha 2 de enero de 2025; que , la Sociedad Protectora de Desvalidos es una asociación sin fines de lucro que tiene ... […] que tiene su ámbito de actuación en el partido de Saladillo, en reconocimiento a la labor desarrollada por la Sociedad Protectora de Desvalidos se decide, conjuntamente con la Cooperativa Eléctr",2026-01-08,2026-09-01,2026-09-01
sibom,https://sibom.slyt.gba.gob.ar/bulletins/13977/contents/2320477,Moreno,Decreto Nº3073/25 en el boletín 311º de Moreno,,07/01/2026,,adjudicada,objetivo,no,"neumatico,neumaticos,protector de neumaticos",https://sibom.slyt.gba.gob.ar/bulletins/13977/contents/2320477,"Adjudíquese el Concurso de Precios N° 197/2025, realizado para la adquisición de “Cámaras para Neumáticos y Cubiertas” solicitado por la Secretaria de Obras y Servicios Públicos, a la oferta correspondiente a la firma GRIMAU NEUMATICOS ...",2026-01-07,2026-09-01,2026-09-01
sibom,https://sibom.slyt.gba.gob.ar/bulletins/14091/contents/2325051,Lujan,Decreto Nº1779 en el boletín 83º de Lujan,,07/01/2026,,,objetivo,no,"llanta,llantas",https://sibom.slyt.gba.gob.ar/bulletins/14091/contents/2325051,"Que el presente se dicta en ejercicio de las facultades que se derivan del artículo 108 inciso 2 de la Ley Orgánica de las Municipalidades de la Provincia de Buenos Aires. Por ello ... […] Que el Honorable Concejo Deliberante, en su Sesión de fecha 6 de octubre de 2025 ha sancionado la ORDENANZA Nº8834 ... […] EX-2024-00166070- -MUNILUJAN-HCD Promúlgase la ORDENANZA Nº8834 Designación a la calle 236 Bis con el nombre de “Nelly Dorronzoro ...",2026-01-07,2026-09-01,2026-09-01
sibom,https://sibom.slyt.gba.gob.ar/bulletins/14157/contents/2328944,Saladillo,Decreto Nº971/2025 en el boletín 117º de Saladillo,,30/12/2025,,,volumen_alto,no,gomeria,https://sibom.slyt.gba.gob.ar/bulletins/14157/contents/2328944,"por la suma total de $ 3.052.476,00; La firma Nueva Gomería Palermo S.R.L., cotizó todos los ítems por la suma total de $ 24.702.068,00; y presentó una oferta alternativa para el ítem 1 por la suma de $ 467.770,00 ... […] alternativa), 3, 7, y 9 a la firma Nueva Gomería Palermo S.R.L.; los ítems 2, 4, y 8 a la firma Almeira Claudio Oscar; y los ítems 5 y 6 a la firma Saladillo Neumáticos S ... […] por las firmas Nueva Gomería Palermo S.R.L., para los ítems 1, 3, 7 y 9; Almeira Claudio Oscar, para los ítems 2, 4, y 8; y Saladillo Neumáticos S.A., para los ítems 5 y 6, son las más convenientes a",2025-12-30,2026-09-01,2026-09-01
sibom,https://sibom.slyt.gba.gob.ar/bulletins/13995/contents/2318944,General Villegas,Decreto Nº1126/25 en el boletín 183º de General Villegas,,30/12/2025,,,volumen_alto,no,"bateria,baterias",https://sibom.slyt.gba.gob.ar/bulletins/13995/contents/2318944,DE BATERIA PARA PILAS 3639 – 3640 TELEFONO CON CABLE ALCATEL ... […] 4076 CARGADOR DE BATERÍA PARA PILAS 4245 ...,2025-12-30,2026-09-01,2026-09-01
sibom,https://sibom.slyt.gba.gob.ar/bulletins/14002/contents/2325961,Coronel Suárez,Decreto Nº2828/2025 en el boletín 157º de Coronel Suárez,,22/12/2025,,adjudicada,volumen_alto,no,"neumatico,neumaticos",https://sibom.slyt.gba.gob.ar/bulletins/14002/contents/2325961,"en la marca de los neumáticos cotizados y los plazos de entrega no se pueden prever, es que solicita la des adjudicación a Julio Bordehore e Hijo SS de los ítem 1, 2, 3 y 6 ... […] el Decreto 2661 de fecha 05 de noviembre 2025, por el cual se adjudicó los ítems 1, 2, 3 y 6 de la Licitación Privada nº 33/2025, al proveedor Julio Bordehore e Hijo SS para la adquisición de Neumáticos para Gerencia Vial Rural, y - ... […] de Neumáticos para Gerencia Vial Rural de nuestra ciudad; declárese desierto el ítem 1; adjudicase los ítem 2 y 3 al proveedor Mayer Rattegan María Verónica en un importe total d",2025-12-22,2026-09-01,2026-09-01
sibom,https://sibom.slyt.gba.gob.ar/bulletins/14073/contents/2323271,Bahia Blanca,Resolución Nº204 en el boletín 473º de Bahia Blanca,,22/12/2025,,,volumen_alto,no,recapado,https://sibom.slyt.gba.gob.ar/bulletins/14073/contents/2323271,"Municipal; y, CONSIDERANDO Que el agente Gino Gustavo GALVAN, legajo N°17.388 asiste el día martes 2 de diciembre de 2025 a la localidad de Coronel Pringles a fin de retirar dos neumáticos recapados por la firma Duhau, elementos ...",2025-12-22,2026-09-01,2026-09-01
sibom,https://sibom.slyt.gba.gob.ar/bulletins/14002/contents/2326836,Coronel Suárez,Ordenanza Nº8462/2025 en el boletín 157º de Coronel Suárez,,22/12/2025,,,volumen_alto,no,camara de aire,https://sibom.slyt.gba.gob.ar/bulletins/14002/contents/2326836,Gerencia Vial Rural Cámara digital D 390 olimpus 2578 ... […] Climatizador de aire – marca Neil master – modelo 12 volts. 22904 ... […] Gerencia Vial Rural Climatizador de aire – marca viesa – modelo agro 24 volts - 22894 ...,2025-12-22,2026-09-01,2026-09-01
sibom,https://sibom.slyt.gba.gob.ar/bulletins/14118/contents/2325888,San Vicente,Ordenanza Nº5559 en el boletín 90º de San Vicente,,19/12/2025,,,objetivo,no,"llanta,llantas",https://sibom.slyt.gba.gob.ar/bulletins/14118/contents/2325888,"comerciales: con llanta metálica: $2.735,00 con llanta ...",2025-12-19,2026-09-01,2026-09-01
sibom,https://sibom.slyt.gba.gob.ar/bulletins/14084/contents/2324062,General Viamonte,Licitación Nº11/2025 en el boletín 361º de General Viamonte,,16/12/2025,,,volumen_alto,no,"neumatico,neumaticos",https://sibom.slyt.gba.gob.ar/bulletins/14084/contents/2324062,"ARTICULADAS SOBRE NEUMATICOS Y 1 EXCAVADORA SOBRE ORUGAS” NUEVAS, PARA EL EQUIPO VIAL MUNICIPAL. - SEGUNDO LLAMADO.- PRESUPUESTO OFICIAL: $ 976.930.500,00 (PESOS ... […] : 3 MOTONIVELADORAS ARTICULADAS SOBRE NEUMÁTICOS $742.560.000,00 OBJETO 2: 1 EXCAVADORA SOBRE ... […] : 3 MOTONIVELADORA ARTICULADA SOBRE NEUMÁTICOS $ 1.485.120,00 OBJETO 2: 1 ...",2025-12-16,2026-09-01,2026-09-01
sibom,https://sibom.slyt.gba.gob.ar/bulletins/14056/contents/2322144,General Viamonte,Decreto Nº806 en el boletín 360º de General Viamonte,,12/12/2025,,,volumen_alto,no,"neumatico,neumaticos",https://sibom.slyt.gba.gob.ar/bulletins/14056/contents/2322144,"Que, de conformidad con lo peticionado por la Secretaría de Servicios Urbanos y Rurales, según la solicitud de pedido N° 5448 ... […] SOBRE NEUMÁTICOS Y UNA EXCAVADORA SOBRE ORUGAS NUEVAS. Para el Equipo Vial Municipal” , en el marco del Expediente 4053-270/2025; y ... […] Artículo 1 °. - Llámese a Licitación Pública N° 11/2025, para la “ADQUISICIÓN DE TRES MOTONIVELADORAS ARTICULADAS SOBRE NEUMÁTICOS Y UNA EXCAVADORA SOBRE ORUGAS NUEVAS ...",2025-12-12,2026-09-01,2026-09-01
sibom,https://sibom.slyt.gba.gob.ar/bulletins/13978/contents/2317422,Coronel Pringles,Decreto Nº1358/25 en el boletín 251º de Coronel Pringles,,05/12/2025,,,volumen_alto,no,"camara de aire,cubierta,cubiertas,recapado",https://sibom.slyt.gba.gob.ar/bulletins/13978/contents/2317422,"Que a fs. 01 solicita autorización para la compra de cubiertas para maquinarias viales pesadas, camiones y camionetas. La compra de las mismas será para recambio de las unidades debido al desgaste lógico del uso. Siendo ... […] dicha adquisición compartida entre las áreas de Vialidad y Servicios Urbanos; Que las cubiertas deberán ser mixtas para carretera, obras y cantera teniendo en cuenta que se utilizan tanto para viajes a corta ... […] . 2 y 3 se adjunta detalle de cantidad y medidas de las cubiertas necesarias para cada área; Que por lo expuesto se llama a Concurso de Precios N° 50/25 par",2025-12-05,2026-09-01,2026-09-01
sibom,https://sibom.slyt.gba.gob.ar/bulletins/13978/contents/2319149,Coronel Pringles,Decreto Nº1467/25 en el boletín 251º de Coronel Pringles,,05/12/2025,,,volumen_alto,no,camara de aire,https://sibom.slyt.gba.gob.ar/bulletins/13978/contents/2319149,"Que mediante Decreto Nº 1.358/25 se llamó a Concurso de Precios N° 50/25 para la “COMPRA DE CUBIERTAS PARA VIALIDAD MUNICIPAL”, con un Presupuesto Oficial de $29.865.027,85 ... […] el Expediente N° 1.539/2025, iniciado por el Secretario de Planeamiento, Obras y Servicios Públicos, Arq. Pelegrinelli Diego ... […] y Servicios Públicos”, Categoría Programática 24.00.00 “Mantenimiento Caminos Provinciales”, Partida 2.4.4.0 “Cubiertas y cámaras de aire ”, Fuente de Financiamiento 132 – “de Origen Provincial”. Recurso 11.4.02.00 “Inmobiliario Rural – Fondo ...",2025-12-05,2026-09-01,2026-09-01
sibom,https://sibom.slyt.gba.gob.ar/bulletins/13909/contents/2314270,General Viamonte,Decreto Nº518 en el boletín 355º de General Viamonte,,27/11/2025,,,volumen_alto,no,"cubierta,cubiertas",https://sibom.slyt.gba.gob.ar/bulletins/13909/contents/2314270,"Que, a la apertura de sobres de la Licitación de referencia se presentaron seis oferentes, a saber: MHR NEUMÁTICOS S.R.L., MARIO ... […] El llamado a la LICITACIÓN PRIVADA N° 08/2025, para la “ADQUISICIÓN DE NEUMÁTICOS NUEVOS” PARA VEHÍCULOS ... […] de Buenos Aires, el OBJETO 1: 2 Cubiertas 15/6.00 X 6 P/tractor cespedero por la suma de PESOS NOVENTA Y SIETE MIL DOSCIENTOS ($97.200); el OBJETO 2: 2 Cubiertas 650/16 - con taco - 8 telas mínimo , por la suma ...",2025-11-27,2026-09-01,2026-09-01
sibom,https://sibom.slyt.gba.gob.ar/bulletins/13839/contents/2307989,Bahia Blanca,Resolución Nº1339 en el boletín 470º de Bahia Blanca,,20/11/2025,,,volumen_alto,no,gomeria,https://sibom.slyt.gba.gob.ar/bulletins/13839/contents/2307989,"para desarrollar actividad bajo el rubro de VENTA AL POR MENOR DE CÁMARAS Y CUBIERTAS - GOMERÍA - TALLER DE ALINEACIÓN Y BALANCEO , en el domicilio de la calle RUTA 3 SUR Km: 693.5 de la Localidad de Bahía Blanca ... […] .A., CUIT 30-71245183-8, Contribuyente N.º 27084A , para desarrollar actividades bajo el rubro VENTA AL POR MENOR DE CÁMARAS Y CUBIERTAS - GOMERÍA - TALLER DE ALINEACIÓN Y BALANCEO , en el domicilio de la calle RUTA 3 SUR Km ...",2025-11-20,2026-09-01,2026-09-01
sibom,https://sibom.slyt.gba.gob.ar/bulletins/13888/contents/2310268,General Viamonte,Decreto Nº423 en el boletín 354º de General Viamonte,,17/11/2025,,,volumen_alto,no,"cubierta,cubiertas",https://sibom.slyt.gba.gob.ar/bulletins/13888/contents/2310268,"Que, de conformidad con lo peticionado por el Jefe de Compras, según las solicitudes de pedido N° 2501, 2495, 2491, 2490, 2489 y de gasto 1-2799, 1 ... […] La necesidad de proceder al LLAMADO a LICITACIÓN PRIVADA N° 08/2025, para la “ADQUISICION DE NEUMATICOS NUEVOS ... […] : OBJETO 1: 2 Cubiertas 15/6.00 X 6 P/tractor cespedero ...",2025-11-17,2026-09-01,2026-09-01
sibom,https://sibom.slyt.gba.gob.ar/bulletins/13800/contents/2305921,Bahia Blanca,Decreto Nº2612 en el boletín 469º de Bahia Blanca,,07/11/2025,,,volumen_alto,no,"neumatico,neumaticos",https://sibom.slyt.gba.gob.ar/bulletins/13800/contents/2305921,"Visto las presentes actuaciones, referidas a la adquisición de neumáticos y servicios de gomería con alimentación y balanceo para móviles policiales y; CONSIDERANDO Que a fojas 27 el Departamento de Compras ... […] las firmas ALAUX SERVICIOS S.A., total de la oferta económica $19.068.000 y ÁLVAREZ NEUMÁTICOS S.A., total de la oferta económica $19.349.548, presento oferta alternativa por un total de $19.115.148; Que a fojas 43, el Departamento Compras ... […] sugiere adjudicar al proveedor ALAUX SERVICIOS S.A., Proveedor N° 7182, los ítems 1 a 3, por ser la oferta más económica total en lote 1,",2025-11-07,2026-09-01,2026-09-01
sibom,https://sibom.slyt.gba.gob.ar/bulletins/13737/contents/2298632,Mercedes,Decreto Nº2019/2025 en el boletín 97º de Mercedes,,01/11/2025,,adjudicada,volumen_alto,no,"cubierta,cubiertas,neumatico,neumaticos,protector de neumaticos",https://sibom.slyt.gba.gob.ar/bulletins/13737/contents/2298632,".- $ 3,200,000 MHR NEUMATICOS SRL ... […] .- $ 460,000 LAROCCA NEUMATICOS SA ... […] LAROCCA NEUMATICOS SA $ 900,934.00 $ 1,801 ...",2025-11-01,2026-09-01,2026-09-01
sibom,https://sibom.slyt.gba.gob.ar/bulletins/13633/contents/2295523,Coronel Suárez,Decreto Nº2168/2025 en el boletín 155º de Coronel Suárez,,30/10/2025,,,volumen_alto,no,camara de aire,https://sibom.slyt.gba.gob.ar/bulletins/13633/contents/2295523,"Que dicho Contrato se celebrará con la empresa LINDE, contando con una carga inicial de aire comprimido y luego será a demanda; ... […] el expediente de referencia, mediante el cual la Secretaría de Salud solicita la contratación de Equipos y Servicios de Tubos aire comprimido, y Aire Comprimido, para el Hospital Municipal “Dr. Raúl A Caccavo” de nuestra ciudad, y ... […] ART. 1º: Celébrese un Contrato de Locación con la empresa “LINDE” de seis (6) - - - - - - Equipos y Servicios de Tubos aire comprimido, en un monto total mensual de $ 176.623,08 (Pesos ciento ...",2025-10-30,2026-09-01,2026-09-01
sibom,https://sibom.slyt.gba.gob.ar/bulletins/13725/contents/2296884,Lujan,Resolución Nº248 en el boletín 81º de Lujan,,29/10/2025,,,objetivo,no,"gomeria,neumatico,neumaticos",https://sibom.slyt.gba.gob.ar/bulletins/13725/contents/2296884,"@hotmail.com; Que a Orden N° 0002 presenta copia del Contrato Constitutivo de la sociedad, bajo la denominación “JUAN ROCCA NEUMATICOS S.R.L.”, inscripto en el Ministerio de Justicia, Inspección General de Justicia, bajo Folio de Inscripción N ... […] °125413 , Legajo: 223204, Matricula: 128440, Resolución DPPJ: 1578 de fecha 06/04/2015; Que a Orden N° 0002 luce Certificado de Habilitación bajo Resolución N° 1115 de fecha 21 de Junio de 2019, a favor de BELGRANO NEUMATICOS S.A, C.U.I.T. N ... […] El expediente administrativo EX-2025-00065461--MUNILUJAN-DIP#SEF mediante el cual el Sr. RUGGERI, ",2025-10-29,2026-09-01,2026-09-01
sibom,https://sibom.slyt.gba.gob.ar/bulletins/13757/contents/2300630,Exaltación de la Cruz,Ordenanza Nº3117 en el boletín 330º de Exaltación de la Cruz,,29/10/2025,,,objetivo,no,gomeria,https://sibom.slyt.gba.gob.ar/bulletins/13757/contents/2300630,"El HONORABLE CONCEJO DELIBERANTE DE EXALTACIÓN DE LA CRUZ, en uso de las atribuciones que le son propias, sanciona la siguiente ... […] al automotor y gomería ”, ubicado en Ruta 39 km. 9, en la siguiente ubicación catastral: Circunscripcion II, Seccion R, Parcela 401 C, Partida Inmobiliaria Nº 32.021, de la Localidad de Capilla del Señor, Partido de Exaltacion de la Cruz.- .- ARTÍCULO 2° De Forma.- ...",2025-10-29,2026-09-01,2026-09-01
sibom,https://sibom.slyt.gba.gob.ar/bulletins/13685/contents/2293435,Lujan,Resolución Nº223 en el boletín 80º de Lujan,,17/10/2025,,,objetivo,no,"neumatico,neumaticos",https://sibom.slyt.gba.gob.ar/bulletins/13685/contents/2293435,"de la sociedad, bajo la denominación “MHR NEUMATICOS S.R.L.”, inscripto en el Ministerio de Justicia, Inspección General de Justicia, bajo Número Correlativo IGJ: 1966676 , Escritura/s: 145, inscripto en el Registro bajo número: 8612 del Libro: 164 ... […] la inspección de rigor al local comercial en trato, se constata que el mismo, cumple con las condiciones para acceder a la habilitación solicitada bajo el rubro: Venta al por menor de neumáticos y cubiertas; Que a Orden N° 0010 según informe ... […] El expediente administrativo EX-2025-00071223--MUNILUJAN-DIP#SEF mediante el cual la Sra. ROM",2025-10-17,2026-09-01,2026-09-01
sibom,https://sibom.slyt.gba.gob.ar/bulletins/13563/contents/2291922,Coronel Dorrego,Resolución Nº125/2025 en el boletín 184º de Coronel Dorrego,,17/10/2025,,,volumen_alto,no,gomeria,https://sibom.slyt.gba.gob.ar/bulletins/13563/contents/2291922,"el ejercicio del Poder de Policía que a este Municipio le confieren los Arts. 190, 191, 192 incs. 4 y 6) de la Constitución Provincial, los artículos 27, 108, 226, 228, 286 y cc. del Decreto Ley 6769/58 – Ley Orgánica de las Municipalidades ... […] los antecedentes obrantes en el Expte1160/2025 ... […] JORGE RAUL- CUIL 20-16863102-3 - Ramo: “ GOMERIA ” con la finalidad de proveer a la salubridad, seguridad e higiene de la población, potestad genéricamente reconocida por los Arts. 26, 107, 108 inc. 4 ...",2025-10-17,2026-09-01,2026-09-01
sibom,https://sibom.slyt.gba.gob.ar/bulletins/13614/contents/2291258,Moreno,Decreto Nº2420/25 en el boletín 308º de Moreno,,16/10/2025,,adjudicada,objetivo,no,"llanta,llantas,protector de neumaticos",https://sibom.slyt.gba.gob.ar/bulletins/13614/contents/2291258,"Adjudíquese al Concurso de Precios N° 166/2025, realizado para la adquisición de “Cubiertas, Llantas , Protectoras y Cámaras para Vehículos Municipales” solicitada por la Secretaria de Obras y Servicios Públicos, a la oferta correspondiente ...",2025-10-16,2026-09-01,2026-09-01
sibom,https://sibom.slyt.gba.gob.ar/bulletins/13529/contents/2283795,Mercedes,Decreto Nº1809/2025 en el boletín 96º de Mercedes,,03/10/2025,,,volumen_alto,no,"cubierta,cubiertas",https://sibom.slyt.gba.gob.ar/bulletins/13529/contents/2283795,"La necesidad manifestada por la Subsecretaría de Servicios Públicos según Solicitud de Pedido n° 5991 de proveer de un stock mínimo de cubiertas para vehículos, que le permitan cubrir los requerimientos operativos ... […] 4 CUBIERTA 12-4-24 ... […] .- 2 2 CUBIERTA 1300 ...",2025-10-03,2026-09-01,2026-09-01
sibom,https://sibom.slyt.gba.gob.ar/bulletins/13529/contents/2288964,Mercedes,Decreto Nº1975/2025 en el boletín 96º de Mercedes,,03/10/2025,,,volumen_alto,no,camara de aire,https://sibom.slyt.gba.gob.ar/bulletins/13529/contents/2288964,"tradicional que requiere precisión y creatividad. Este tipo de certamen contribuye a la difusión y apreciación de una técnica antigua, acercando al público a los orígenes del grabado y a las raíces del arte impreso. Al ser al aire libre, el certamen ... […] DEL GRABADO (IV BIENAL NACIONAL DE GRABADO MERCEDES PEQUEÑO FORMATO MINIPRINT 2025, Y EL VI CERTAMEN DE GRABADO XILOGRAFICO AL AIRE LIBRE)”, y; ... […] XILOGRAFICO AL AIRE LIBRE)” a desarrollarse durante el mes de octubre de 2025 en la ciudad de Mercedes.- ARTICULO 2°: APRUÉBESE el reglamento que regirá ...",2025-10-03,2026-09-01,2026-09-01
sibom,https://sibom.slyt.gba.gob.ar/bulletins/13501/contents/2286479,Bahia Blanca,Resolución Nº1253 en el boletín 465º de Bahia Blanca,,26/09/2025,,,volumen_alto,no,recapado,https://sibom.slyt.gba.gob.ar/bulletins/13501/contents/2286479,"el rubro de VENTA DE CUBIERTAS NUEVAS Y RECAPADAS - SERVICIO DE ALINEACION Y BALANCEO - REPARACION DE NEUMATICOS , en el domicilio de la calle VIEYTES Nº 1864 de la Localidad de Bahía Blanca, y; CONSIDERANDO ... […] NEUMATICOS S. A. con CUIT 30-71750912-5, contribuyente Nº 93.778, para desarrollar actividades bajo el rubro VENTA DE CUBIERTAS NUEVAS Y RECAPADAS - SERVICIO DE ALINEACION Y BALANCEO - REPARACION DE NEUMATICOS ...",2025-09-26,2026-09-01,2026-09-01
sibom,https://sibom.slyt.gba.gob.ar/bulletins/13452/contents/2278893,Bragado,Decreto Nº0895 en el boletín 164º de Bragado,,25/09/2025,,,volumen_alto,no,"bateria,baterias",https://sibom.slyt.gba.gob.ar/bulletins/13452/contents/2278893,"CONSIDERANDO: Que, el mismo se encuentra emplazado en zona donde se permite el desarrollo de la citada actividad; Que, realizadas las inspecciones de seguridad e higiene y catastral se constató que posee ... […] VISTO: La solicitud de habilitación definitiva presentada por el ciudadano Néstor Luis Caruzzo, en el expediente municipal Nº 4532/23 correspondiente al local comercial sito en calle Dardo Rocha Nº 270 de Bragado, cuya actividad funciona bajo el rubro “venta de baterías ”; y, ... […] - Parc. 2, dedicado a RUBRO “VENTA DE BATERÍAS ”, propiedad del Sr. CARUZZO, NÉSTOR LUIS, DNI Nº 28.601",2025-09-25,2026-09-01,2026-09-01
sibom,https://sibom.slyt.gba.gob.ar/bulletins/13436/contents/2282011,Chivilcoy,Decreto Nº1462 en el boletín 107º de Chivilcoy,,19/09/2025,,,volumen_alto,no,gomeria,https://sibom.slyt.gba.gob.ar/bulletins/13436/contents/2282011,"que se debe proceder a su promulgación en tiempo y forma ... […] la Ordenanza N°10906 sancionada por el Honorable Concejo Deliberante en la sesión pública ordinaria realizada el día 14 de agosto de 2025 , por la cual se otorga la excepción solicitada de uso de suelo sobre inmueble, para su posterior habilitación de gomería , y ... […] el inmueble identificado catastralmente como: Circunscripción XVIII, Sección B, Manz 139, Parc 5, a nombre de Ramon Adolfo Rodríguez sito en calle A. Brown N°144, para su posterior habilitación de gomería . Expte Int 1554 H ...",2025-09-19,2026-09-01,2026-09-01
sibom,https://sibom.slyt.gba.gob.ar/bulletins/13436/contents/2283190,Chivilcoy,Ordenanza Nº10906 en el boletín 107º de Chivilcoy,,19/09/2025,,,volumen_alto,no,gomeria,https://sibom.slyt.gba.gob.ar/bulletins/13436/contents/2283190,", para su posterior habilitación de gomería . Artículo 2.- La excepción solicitada caducará con el vencimiento de la habilitación municipal correspondiente ...",2025-09-19,2026-09-01,2026-09-01
sibom,https://sibom.slyt.gba.gob.ar/bulletins/13337/contents/2267161,Saladillo,Decreto Nº327/2025 en el boletín 114º de Saladillo,,18/09/2025,,,volumen_alto,no,gomeria,https://sibom.slyt.gba.gob.ar/bulletins/13337/contents/2267161,"el personal afectado a las tareas de gomería insuficiente para cubrir tal demanda; QUE en ésta época del año se incrementan los servicios de traslados ... […] y Servicios Públicos y de la Secretaría de Obras y Servicios Públicos –área a la que pertenece la primera-, para llevar a cabo trabajos de gomería en el Corralón Municipal, y contratar dichos servicios ... […] la nota presentada por la Subsecretaria de Obras y Servicios Públicos, Arq. Anabella Soledad Fasano, en la que manifiesta la necesidad de contar con personal para realizar trabajos de gomería en el Corralón Municipal; y ...",2025-09-18,2026-09-01,2026-09-01
sibom,https://sibom.slyt.gba.gob.ar/bulletins/13337/contents/2268639,Saladillo,Decreto Nº373/2025 en el boletín 114º de Saladillo,,18/09/2025,,,volumen_alto,no,gomeria,https://sibom.slyt.gba.gob.ar/bulletins/13337/contents/2268639,"; La firma Nueva Gomería Palermo S.R.L., cotiza todos los ítems por la suma de $ 33.873.378,00; La firma Almeira Claudio Oscar, cotiza todos los ítems por la suma total de $ 34.714.946,00 ... […] ofrecidos: los ítems 1, 2, 3, 4, 5, y 11 a la firma Almeira Claudio Oscar; los ítems 6, 8, 9, 10 y 12 a la firma Nueva Gomería Palermo S.R.L., y el ítem 7 a la firma Cetaro Cecilia Nora ... […] Claudio Oscar, para los ítems 1, 2, 3, 4, 5, y 11, Cetaro Cecilia Nora, para el ítem 7; y Nueva Gomería Palermo S.R.L., para los ítems 6, 8, 9, 10 y 12, son las más convenientes a los intereses municipales, por",2025-09-18,2026-09-01,2026-09-01
sibom,https://sibom.slyt.gba.gob.ar/bulletins/13510/contents/2280012,General Pueyrredon,Decreto Nº2034/25 en el boletín 827º de General Pueyrredon,,16/09/2025,,,volumen_alto,no,gomeria,https://sibom.slyt.gba.gob.ar/bulletins/13510/contents/2280012,"SE INFORMA QUE EL TEXTO COMPLETO EN PDF SE ENCUENTRA COMO ANEXO DEL PRESENTE .- Autorízase, con carácter precario, al Sr Federico Martín LEGUIZAMÓN, a afectar con el uso de suelo “ GOMERIA ” el inmueble sito en la Avenida Arturo Alió N° 2406 de la ciudad de Mar del Plata.- ...",2025-09-16,2026-09-01,2026-09-01
sibom,https://sibom.slyt.gba.gob.ar/bulletins/13465/contents/2276625,Lujan,Decreto Nº533 en el boletín 77º de Lujan,,14/09/2025,,,objetivo,no,recauchutaje,https://sibom.slyt.gba.gob.ar/bulletins/13465/contents/2276625,"Que el presente se dicta en ejercicio de las facultades que se derivan del artículo 108 inciso 2 de la Ley Orgánica de las Municipalidades de la Provincia de Buenos Aires. Por ello ... […] Que el Honorable Concejo Deliberante, en su Sesión de fecha 25 de marzo de 2025 ha sancionado la ORDENANZA Nº8744 ... […] EX-2024-00063826- -MUNILUJAN-SOI - Promulgación Ordenanza N°8744 Modificaciones C.O.U ...",2025-09-14,2026-09-01,2026-09-01
sibom,https://sibom.slyt.gba.gob.ar/bulletins/13404/contents/2272293,General Alvear,Decreto Nº306/2025 en el boletín 77º de General Alvear,,01/09/2025,,,volumen_alto,no,"neumatico,neumaticos,protector de neumaticos",https://sibom.slyt.gba.gob.ar/bulletins/13404/contents/2272293,"VISTO: El Expediente Nº: 4039-17204/2025, referente a: “COMPRA DE 12 (DOCE) NEUMÁTICOS 255/70/16 PARA CAMIONETA, 12 (DOCE) NEUMÁTICOS CON TACO PARA CAMIONETA 265/65/17, 4 (CUATRO) NEUMÁTICOS PARA AUTO 205/55/16 TIPO ... […] MARCAS FATE/BRIDGESTONE/PIRELLI, 2 (DOS) NEUMÁTICOS PARA CAMIONETA (AMBULANCIA) 225/75/16 MARCA MICHELIN, 4 (CUATRO) NEUMÁTICOS PARA CAMIONETA (AMBULANCIA) 205/75/16 MARCA PIRELLI Y 4 (CUATRO) CUBIERTAS PARA MOTONIVELADORA DIMENSIÓN 1400X 24 12 O 14 ...",2025-09-01,2026-09-01,2026-09-01
sibom,https://sibom.slyt.gba.gob.ar/bulletins/13404/contents/2272276,General Alvear,Decreto Nº305/2025 en el boletín 77º de General Alvear,,01/09/2025,,,volumen_alto,no,"neumatico,neumaticos,protector de neumaticos",https://sibom.slyt.gba.gob.ar/bulletins/13404/contents/2272276,"VISTO: El Expediente Nº: 4039-17204/2025, referente a: “COMPRA DE 12 (DOCE) NEUMÁTICOS 255/70/16 PARA CAMIONETA, 12 (DOCE) NEUMÁTICOS CON TACO ... […] PARA CAMIONETA 265/65/17, 4 (CUATRO) NEUMÁTICOS PARA AUTO 205/55/16 TIPO MARCAS FATE/BRIDGESTONE/PIRELLI, 2 (DOS) NEUMÁTICOS PARA CAMIONETA (AMBULANCIA) 225/75/16 MARCA MICHELIN, 4 (CUATRO) NEUMÁTICOS PARA CAMIONETA (AMBULANCIA) 205/75/16 MARCA PIRELLI Y 4 ...",2025-09-01,2026-09-01,2026-09-01
sibom,https://sibom.slyt.gba.gob.ar/bulletins/13241/contents/2270498,Quilmes,Decreto Nº2191/2025 en el boletín 530º de Quilmes,,01/09/2025,,,objetivo,no,"bateria,baterias,gomeria",https://sibom.slyt.gba.gob.ar/bulletins/13241/contents/2270498,": Expediente: 4091-11166-R-2024.­ Titular: Ramirez, Diego Ricardo. - Rubro: Gomería , alineación y balanceo ...",2025-09-01,2026-09-01,2026-09-01
sibom,https://sibom.slyt.gba.gob.ar/bulletins/13292/contents/2273523,Coronel Suárez,Decreto Nº1876/2025 en el boletín 153º de Coronel Suárez,,29/08/2025,,,volumen_alto,no,gomeria,https://sibom.slyt.gba.gob.ar/bulletins/13292/contents/2273523,"lo establecido a fojas uno del presente expediente y los informes producidos por distintas oficinas de esta Comuna ... […] - - - - - de fecha 27 de enero de 1992, al comercio propiedad del Sr. ESCOBAR RAMON ANTONIO, CUIT nº 20-11736626-0, ubicado en Calle Garibaldi nº 25 de Coronel Suarez, Nomenclatura Catastral: I - A – 67 – 5, bajo el rubro: TALLER DE GOMERIA , con fecha 30 ... […] el Intendente Municipal del Partido- D E C R E T ...",2025-08-29,2026-09-01,2026-09-01
sibom,https://sibom.slyt.gba.gob.ar/bulletins/13227/contents/2259488,Puan,Decreto Nº0848 en el boletín 153º de Puan,,22/08/2025,,,volumen_alto,no,"bateria,baterias",https://sibom.slyt.gba.gob.ar/bulletins/13227/contents/2259488,"Se habilita el local comercial en el rubro REPARACIONES ELÉCTRICAS DEL TABLERO E INSTRUMENTAL , REPARACIÓN Y RECARGA DE BATERÍAS , INSTALACIÓN DE ALARMAS, RADIOS Y SISTEMAS ...",2025-08-22,2026-09-01,2026-09-01
sibom,https://sibom.slyt.gba.gob.ar/bulletins/13163/contents/2254447,Bahia Blanca,Resolución Nº165 en el boletín 459º de Bahia Blanca,,12/08/2025,,,volumen_alto,no,"llanta,llantas",https://sibom.slyt.gba.gob.ar/bulletins/13163/contents/2254447,", al bajarme de mi vehículo tenía la rueda delantera izquierda prácticamente en llanta . (...) Acto seguido, retrocedo caminando hacia el lugar donde había tenido el impacto. Para mi sorpresa me encuentro con un pozo cubierto de agua en su totalidad ... […] , el mismo parecía ser de grande dimensión y profundidad (...) tenía la llanta de la rueda trasera izquierda en llanta , debiendo salir a conseguir alguien que me prestara una cubierta de auxilio atento a que la que contaba mi auto la había colocado ...",2025-08-12,2026-09-01,2026-09-01
sibom,https://sibom.slyt.gba.gob.ar/bulletins/13161/contents/2258468,Coronel Rosales,Resolución Nº165 en el boletín 62º de Coronel Rosales,,08/08/2025,,,volumen_alto,no,"bateria,baterias",https://sibom.slyt.gba.gob.ar/bulletins/13161/contents/2258468,"Que las pilas y baterías en desuso son residuos peligrosos debido a los metales pesados que contienen (como mercurio, cadmio, plomo y níquel), los cuales pueden contaminar el suelo y las napas de agua si no se disponen ... […] La necesidad de fomentar políticas públicas que promuevan el cuidado del ambiente ... […] de pilas y baterías en desuso en distintos puntos estratégicos del distrito, tales como la Terminal de Ómnibus, el edificio del Honorable Concejo Deliberante, la Secretaría de Desarrollo Social y otros espacios públicos de alta concurrencia ...",2025-08-08,2026-09-01,2026-09-01
sibom,https://sibom.slyt.gba.gob.ar/bulletins/13074/contents/2254501,Nueve de Julio,Resolución Nº18/2025 en el boletín 111º de Nueve de Julio,,05/08/2025,,,volumen_alto,no,"llanta,llantas,neumatico,neumaticos,protector de neumaticos,recapado",https://sibom.slyt.gba.gob.ar/bulletins/13074/contents/2254501,"Que el denunciante manifiesta haber adquirido en la firma denunciada, dos neumáticos que presentaron desperfectos: uno de ellos revienta, y el otro se abre a la altura de la llanta. Relata además que los mismos eran viejos y que tenían fecha ... […] de vencimiento 03/2017. Que el denunciante tiene como pretensión la reposición de los neumáticos defectuosos. Que se fijó la Audiencia de Conciliación el día 14 de octubre de 2021 a las 9:30 horas, contando con la comparecencia ... […] del denunciante y la incomparecencia de la denunciada Neumáticos Centro, quien se encontraba debidamente notificad",2025-08-05,2026-09-01,2026-09-01
sibom,https://sibom.slyt.gba.gob.ar/bulletins/13077/contents/2253862,Pergamino,Ordenanza Nº10055/2025 en el boletín 36º de Pergamino,,23/07/2025,,,volumen_alto,no,"cubierta,cubiertas",https://sibom.slyt.gba.gob.ar/bulletins/13077/contents/2253862,"Referencia: Ex- 1375-25 ordenanza 10055-25 L.Pub. 9/25 Polideportivo Cubierto - Superficie Deportiva ... […] .- EXPTE. EX-1375-2025 D.E. Eleva EX- D-99-25. SECRETARIA DE DESARROLLO URBANO. Polideportivo Cubierto - Provisión y colocación ... […] Pública N° 09-2025, para la obra ""POLIDEPORTIVO CUBIERTO - PROVISIÓN Y COLOCACIÓN DE SUPERFICIE DEPORTIVA ...",2025-07-23,2026-09-01,2026-09-01
sibom,https://sibom.slyt.gba.gob.ar/bulletins/13133/contents/2251571,Bahia Blanca,Resolución Nº136 en el boletín 458º de Bahia Blanca,,18/07/2025,,,volumen_alto,no,"llanta,llantas",https://sibom.slyt.gba.gob.ar/bulletins/13133/contents/2251571,". Que debe contemplarse que muchos vecinos han debido realizar reparaciones en sus vehículos vinculadas directamente al mal estado de la red vial, incluyendo roturas de tren delantero, llantas , cubiertas ...",2025-07-18,2026-09-01,2026-09-01
sibom,https://sibom.slyt.gba.gob.ar/bulletins/13111/contents/2247285,Coronel Suárez,Decreto Nº1336/2025 en el boletín 152º de Coronel Suárez,,17/07/2025,,,volumen_alto,no,gomeria,https://sibom.slyt.gba.gob.ar/bulletins/13111/contents/2247285,lo establecido a fojas uno del presente expediente y los informes producidos por distintas oficinas de esta Comuna ... […] ART. 1º: Dése de baja el negocio bajo el rubro de GOMERÍA ... […] el Intendente Municipal del Partido- D E C R E T ...,2025-07-17,2026-09-01,2026-09-01
sibom,https://sibom.slyt.gba.gob.ar/bulletins/13111/contents/2250755,Coronel Suárez,Decreto Nº1504/2025 en el boletín 152º de Coronel Suárez,,17/07/2025,,,volumen_alto,no,camara de aire,https://sibom.slyt.gba.gob.ar/bulletins/13111/contents/2250755,"Que dicho Contrato se celebrará con la empresa LINDE, contando con una carga inicial de aire comprimido y luego será a demanda; ... […] el expediente de referencia, mediante el cual la Secretaría de Salud solicita la contratación de Equipos y Servicios de Tubos aire comprimido, y Aire Comprimido, para el Hospital Municipal “Dr. Raúl A Caccavo” de nuestra ciudad, y ... […] ART. 1º: Celébrese un Contrato de Locación con la empresa “LINDE” de seis (6) - - - - - - Equipos y Servicios de Tubos aire comprimido, por un monto total de $ 126.930,00 (Pesos ciento veintiséis ...",2025-07-17,2026-09-01,2026-09-01
sibom,https://sibom.slyt.gba.gob.ar/bulletins/12994/contents/2251056,La Plata,Decreto Nº1395/25 en el boletín 1267º de La Plata,,15/07/2025,,,objetivo,no,camara de aire,https://sibom.slyt.gba.gob.ar/bulletins/12994/contents/2251056,Expte. 4061-2059988-25. Aprueba. Adjudica la Licit. Privada Nº 16-25 para el servicio de alquiler de mantenimiento de aire acondicionado. ... […] EL INTENDENTE MUNICIPAL DECRETA ...,2025-07-15,2026-09-01,2026-09-01
sibom,https://sibom.slyt.gba.gob.ar/bulletins/13101/contents/2246627,General Alvear,Decreto Nº259 en el boletín 74º de General Alvear,,11/07/2025,,,volumen_alto,no,"neumatico,neumaticos,protector de neumaticos",https://sibom.slyt.gba.gob.ar/bulletins/13101/contents/2246627,"Que los montos que presupuestan aconsejan la realización de un concurso de precios ... […] El Expediente Nº: 4039-17204/2025, referente a: “COMPRA DE 12 (DOCE) NEUMÁTICOS 255/70/16 PARA CAMIONETA, 12 (DOCE) NEUMÁTICOS CON TACO PARA CAMIONETA 265/65/17, 4 (CUATRO) NEUMÁTICOS PARA AUTO 205/55/16 TIPO MARCAS FATE/BRIDGESTONE/PIRELLI, 2 ... […] (DOS) NEUMÁTICOS PARA CAMIONETA (AMBULANCIA) 225/75/16 MARCA MICHELIN, 4 (CUATRO) NEUMÁTICOS PARA CAMIONETA (AMBULANCIA) 205/75/16 MARCA PIRELLI Y 4 (CUATRO) CUBIERTAS PARA MOTONIVELADORA DIMENSIÓN 1400X 24 12 O 14 TELAS, con destino a: policía Comunal ...",2025-07-11,2026-09-01,2026-09-01
sibom,https://sibom.slyt.gba.gob.ar/bulletins/13101/contents/2246632,General Alvear,Decreto Nº260 en el boletín 74º de General Alvear,,11/07/2025,,adjudicada,volumen_alto,no,"neumatico,neumaticos,protector de neumaticos",https://sibom.slyt.gba.gob.ar/bulletins/13101/contents/2246632,"Que es necesario constituir una Comisión Especial Evaluadora para una correcta adjudicación ... […] El Concurso de Precio Nº 05/2025 (Expediente Nº: 4039-17204/2025), referente a: “COMPRA DE 12 (DOCE) NEUMÁTICOS 255/70/16 PARA CAMIONETA, 12 (DOCE) NEUMÁTICOS CON TACO PARA CAMIONETA 265/65/17, 4 (CUATRO) NEUMÁTICOS ... […] PARA AUTO 205/55/16 TIPO MARCAS FATE/BRIDGESTONE/PIRELLI, 2 (DOS) NEUMÁTICOS PARA CAMIONETA (AMBULANCIA) 225/75/16 MARCA MICHELIN, 4 (CUATRO) NEUMÁTICOS PARA CAMIONETA (AMBULANCIA) 205/75/16 MARCA PIRELLI Y 4 (CUATRO) CUBIERTAS PARA MOTONIVELADORA ...",2025-07-11,2026-09-01,2026-09-01
sibom,https://sibom.slyt.gba.gob.ar/bulletins/13073/contents/2244586,Campana,Resolución Nº2816/25 en el boletín 438º de Campana,,03/07/2025,,,objetivo,no,"llanta,llantas",https://sibom.slyt.gba.gob.ar/bulletins/13073/contents/2244586,"ruta presenta roturas, lo que puede causar daños en vehículos como pinchaduras, daños en las llantas o problemas de suspensión, haciendo que aumente el riesgo de accidentes, especialmente si los conductores intentan esquivar los pozos ... […] El estado en que se encuentra la Ruta Nacional Nº 9 en particular el tramo comprendido entre el kilómetro 75 y 76, de ambas manos ... […] ARTÍCULO 1º.- Solicítase a la empresa concesionaria Corredores Viales, proceda de manera urgente e inmediata, a la reparación integral de la Ruta Nacional Nº 9 en particular el tramo comprendido entre el kilómetro 75 ..",2025-07-03,2026-09-01,2026-09-01
sibom,https://sibom.slyt.gba.gob.ar/bulletins/13012/contents/2239451,Bahia Blanca,Resolución Nº117 en el boletín 455º de Bahia Blanca,,26/06/2025,,,volumen_alto,no,"llanta,llantas",https://sibom.slyt.gba.gob.ar/bulletins/13012/contents/2239451,un fuerte golpe dañando así la cubierta y la llanta (img 2 y 3). Es por esto que solicito que se me compense por las pérdidas ocasionadas...”.- Que a fs. 3/8 consta la prueba documental acompañada ...,2025-06-26,2026-09-01,2026-09-01
sibom,https://sibom.slyt.gba.gob.ar/bulletins/12963/contents/2238242,Tandil,Decreto Nº4310/2025 en el boletín 291º de Tandil,,18/06/2025,,,volumen_alto,no,"bateria,baterias",https://sibom.slyt.gba.gob.ar/bulletins/12963/contents/2238242,ARTÍCULO 1 º: Deniéguese el asunto Nº115/2025 – Selles Jonathan Martín – Uso de espacio público en la Plaza 25 de Mayo para el alquiler de autos a batería para niños ... […] . ARTÍCULO 2 º: Procédase al archivo del asunto Nº115/2025 – Selles Jonathan Martín – Uso de espacio público en la Plaza 25 de Mayo para el alquiler de autos a batería para niños. ARTÍCULO ... […] EL HONORABLE CONCEJO DELIBERANTE DE TANDIL SANCIONA EL SIGUIENTE: DECRETO ...,2025-06-18,2026-09-01,2026-09-01
sibom,https://sibom.slyt.gba.gob.ar/bulletins/12970/contents/2235704,Lujan,Decreto Nº1755 en el boletín 70º de Lujan,,13/06/2025,,,objetivo,no,protector de neumaticos,https://sibom.slyt.gba.gob.ar/bulletins/12970/contents/2235704,Referencia: Registra a la Asociación Protectora de Animales Mas Amor Animal ...,2025-06-13,2026-09-01,2026-09-01
sibom,https://sibom.slyt.gba.gob.ar/bulletins/12920/contents/2230253,General Viamonte,Licitación Nº08/2025 en el boletín 333º de General Viamonte,,11/06/2025,,,volumen_alto,no,"cubierta,cubiertas",https://sibom.slyt.gba.gob.ar/bulletins/12920/contents/2230253,"MIL SETECIENTOS.-) POR OBJETO: OBJETO 1: 2 Cubiertas 15/6.00 X 6 P/tractor cespedero ... […] OBJETO 2: 2 Cubiertas 650/16 - con taco - 8 telas mínimo ... […] $ 266.820,00 OBJETO 3: 2 Cubiertas 1000 X 16 - 10 telas mínimo ...",2025-06-11,2026-09-01,2026-09-01
sibom,https://sibom.slyt.gba.gob.ar/bulletins/12893/contents/2229999,Bahia Blanca,Resolución Nº114 en el boletín 452º de Bahia Blanca,,06/06/2025,,,volumen_alto,no,"llanta,llantas",https://sibom.slyt.gba.gob.ar/bulletins/12893/contents/2229999,un bache que abarcaba media calzada y de unos 25cm de profundidad. Eso provocó la rotura total del neumático delantero derecho y rotura parcial del trasero derecho (Pirelli P7 195-55-16) así como la rotura de la llanta delantera derecha. Adjunto ...,2025-06-06,2026-09-01,2026-09-01
sibom,https://sibom.slyt.gba.gob.ar/bulletins/12906/contents/2229381,General Viamonte,Licitación Nº08/2025 en el boletín 332º de General Viamonte,,03/06/2025,,,volumen_alto,no,"cubierta,cubiertas",https://sibom.slyt.gba.gob.ar/bulletins/12906/contents/2229381,".-) POR OBJETO: OBJETO 1: 2 Cubiertas 15/6.00 X 6 P/tractor cespedero ... […] OBJETO 2: 2 Cubiertas 650/16 - con taco - 8 telas mínimo ... […] $ 266.820,00 OBJETO 3: 2 Cubiertas 1000 X 16 - 10 telas mínimo ...",2025-06-03,2026-09-01,2026-09-01
sibom,https://sibom.slyt.gba.gob.ar/bulletins/12704/contents/2216675,Quilmes,Decreto Nº0775/2025 en el boletín 524º de Quilmes,,30/05/2025,,,objetivo,no,"bateria,baterias",https://sibom.slyt.gba.gob.ar/bulletins/12704/contents/2216675,"- Baterías - Guardaplast. - Domicilio: Calle Manuel Quintana Nº 1456, localidad de Quilmes, partido de Quilmes. - Cuenta ...",2025-05-30,2026-09-01,2026-09-01
sibom,https://sibom.slyt.gba.gob.ar/bulletins/12869/contents/2225643,Campana,Resolución Nº2815/25 en el boletín 431º de Campana,,29/05/2025,,,objetivo,no,"llanta,llantas",https://sibom.slyt.gba.gob.ar/bulletins/12869/contents/2225643,"ruta presenta roturas, lo que puede causar daños en vehículos como pinchaduras, daños en las llantas o problemas de suspensión, haciendo que aumente el riesgo de accidentes, especialmente si los conductores intentan esquivar los pozos ... […] El estado en que se encuentra la Ruta Nacional Nº 9 en particular el tramo comprendido entre el kilómetro 74.100 al 73, mano a Capital Federal ... […] ARTÍCULO 1º.- Solicítase a la empresa concesionaria Corredores Viales, proceda de manera urgente e inmediata, a la reparación integral de la Ruta Nacional Nº 9 en particular el tramo comprendido entre el ki",2025-05-29,2026-09-01,2026-09-01
sibom,https://sibom.slyt.gba.gob.ar/bulletins/12838/contents/2223525,Tandil,Decreto Nº1437/2025 en el boletín 288º de Tandil,,28/05/2025,,,volumen_alto,no,"neumatico,neumaticos",https://sibom.slyt.gba.gob.ar/bulletins/12838/contents/2223525,"y durabilidad de los neumáticos , a las firmas ELIGOM S.A., TIENDA TECHNO S.A.S, Y JELPAMAR S.A. por un valor total de $ 5.546.400, 00 . Que la oferta pretendida resulta inferior en un 50% al presupuesto oficial. Que ha tomado intervención Contaduría General, Dirección de Presupuesto y la Subsecretaría de Economía y Administración. ... […] El Concurso de Precios Nº 38-03-25 “Adquisición de neumáticos para Servicios”, con un Presupuesto Oficial de $10.048.184,00, tramitado mediante EX-2025-00076538- -MUNITAN-DCS#SEA, y ... […] Artículo 1°: Adjudicase el Concurso de Precios Nº 38-03-25 “Adquisic",2025-05-28,2026-09-01,2026-09-01
sibom,https://sibom.slyt.gba.gob.ar/bulletins/12839/contents/2223192,Lujan,Decreto Nº2724 en el boletín 61º de Lujan,,26/05/2025,,,objetivo,no,"cubierta,cubiertas",https://sibom.slyt.gba.gob.ar/bulletins/12839/contents/2223192,Referencia: Segundo llamado a Licitación Privada N° 81/2023 CUBIERTAS ...,2025-05-26,2026-09-01,2026-09-01
sibom,https://sibom.slyt.gba.gob.ar/bulletins/12726/contents/2221140,Coronel Pringles,Decreto Nº0215/25 en el boletín 233º de Coronel Pringles,,23/05/2025,,,volumen_alto,no,"cubierta,cubiertas,llanta,llantas",https://sibom.slyt.gba.gob.ar/bulletins/12726/contents/2221140,"el presente sumario; Que la traducción del audio es la siguiente: “no boludo la hice recontra verga a la cubierta se ve que me la comí antes de entrar a Uruguay, y me vine todo Uruguay en llantas y la hice verga ... […] , jaja la cubierta nueva, bueno cuantos días me pueden suspender siete ocho boludo total?, (risas) la hice verga boludo encima fui a sacar la que estaba abajo y estaba desinflada así que me tuve que ir a la gomería pagar para que me la inflen, que verga ... […] , le envió un audio a su compañero Diego Morales explicándole que había roto una cubierta y había seguido en llantas; ",2025-05-23,2026-09-01,2026-09-01
sibom,https://sibom.slyt.gba.gob.ar/bulletins/12699/contents/2213459,General San Martín,Decreto Nº00163/25 en el boletín 1989º de General San Martín,,15/05/2025,,,objetivo,no,"cubierta,cubiertas",https://sibom.slyt.gba.gob.ar/bulletins/12699/contents/2213459,Declarando desierto el primer llamado a Concurso de Precios Nº 83 y efectuando segundo llamado de apertura ref. adquisición de CUBIERTAS .- ...,2025-05-15,2026-09-01,2026-09-01
sibom,https://sibom.slyt.gba.gob.ar/bulletins/12618/contents/2213018,General Villegas,Ordenanza Nº6635/24 en el boletín 172º de General Villegas,,09/05/2025,,,volumen_alto,no,recapado,https://sibom.slyt.gba.gob.ar/bulletins/12618/contents/2213018,"VISTO: El Expediente Nº 12324/24, iniciado ... […] 71400-09 Gomerías, vulcanización, recapado , etc ... […] $ 2,437.99 71400-09 Gomerías, vulcanización, recapado , etc ...",2025-05-09,2026-09-01,2026-09-01
sibom,https://sibom.slyt.gba.gob.ar/bulletins/12618/contents/2214565,General Villegas,Ordenanza Nº00 en el boletín 172º de General Villegas,,09/05/2025,,,volumen_alto,no,recapado,https://sibom.slyt.gba.gob.ar/bulletins/12618/contents/2214565,"VISTO: El Expediente Nº 12324/24, iniciado por la Directora de Rentas, elevando el proyecto de ordenanza ... […] $8,000 71400-09 Gomerías, vulcanización, recapado , etc ... […] Gomerías, vulcanización, recapado , etc. $ 2,844.22 71400 ...",2025-05-09,2026-09-01,2026-09-01
sibom,https://sibom.slyt.gba.gob.ar/bulletins/12462/contents/2204946,Quilmes,Decreto Nº0419/2025 en el boletín 522º de Quilmes,,30/04/2025,,,objetivo,no,"bateria,baterias",https://sibom.slyt.gba.gob.ar/bulletins/12462/contents/2204946,"Expediente Nº 4091-1479-D-2025.- ADJUDÍCASE a la empresa proveedora ""MOTOR SUN S.A."" CUIT Nº 30-69058299-2, el objeto de la Contratación Directa, consistente en la adquisición de baterías y otros ...",2025-04-30,2026-09-01,2026-09-01
sibom,https://sibom.slyt.gba.gob.ar/bulletins/12462/contents/2196005,Quilmes,Decreto Nº0156/2025 en el boletín 522º de Quilmes,,30/04/2025,,,objetivo,no,"bateria,baterias",https://sibom.slyt.gba.gob.ar/bulletins/12462/contents/2196005,"Expediente Nº 4091-414-D-2025.- ADJUDÍCASE a la empresa proveedora ""EXPERT SERVICAR S.R.L."" CUIT Nº 30-71554091-2, el objeto de la Contratación Directa, consistente en la adquisición de baterías ...",2025-04-30,2026-09-01,2026-09-01
sibom,https://sibom.slyt.gba.gob.ar/bulletins/12575/contents/2206717,Moreno,Resolución Nº0789/25 en el boletín 300º de Moreno,,28/04/2025,,,objetivo,no,"bateria,baterias",https://sibom.slyt.gba.gob.ar/bulletins/12575/contents/2206717,"Concédase la transferencia del fondo de comercio de rubro VENTA DE BATERIAS NUEVAS, correspondiente a la cuenta comercio N° 20290173044, cuyo titular es el Sr. Nakasone Fernando Luis. DRA MARIELA BIEN ...",2025-04-28,2026-09-01,2026-09-01
sibom,https://sibom.slyt.gba.gob.ar/bulletins/12628/contents/2206427,Zárate,Decreto Nº193/25 en el boletín 105º de Zárate,,23/04/2025,,,objetivo,no,"camara de aire,cubierta,cubiertas",https://sibom.slyt.gba.gob.ar/bulletins/12628/contents/2206427,"Que, la Secretaría de Gobierno, ha elaborado un Pliego de Bases y Condiciones, a los fines de convocar a una Licitación Privada que permita seleccionar a una empresa a quién encomendarle la provisión antes mencionada; Que, la Contaduría ... […] Lo actuado en el Expediente Municipal Nº 4121-1089/2025, en el que corren agregadas los antecedentes vinculados con la Licitación Privada Nº01/2025, denominada: “PROVISIÓN DE CUBIERTAS , ALINEACIÓN, BALANCEO Y VÁLVULAS PARA FLOTA DE VEHÍCULOS LIVIANOS MUNICIPALES”.- ... […] , para convocar a una Licitación Privada, que permita seleccionar a una empresa ",2025-04-23,2026-09-01,2026-09-01
sibom,https://sibom.slyt.gba.gob.ar/bulletins/12509/contents/2201314,General San Martín,Decreto Nº00060/25 en el boletín 1985º de General San Martín,,23/04/2025,,,objetivo,no,"cubierta,cubiertas",https://sibom.slyt.gba.gob.ar/bulletins/12509/contents/2201314,"Aprobando Licitación Privada Nº 156/24 ""PROGRAMA HACIENDO ESCUELAS: ESCUELA PRIMARIA Nº 73- REFACCION CUBIERTA ETAPA 2"".- ...",2025-04-23,2026-09-01,2026-09-01
sibom,https://sibom.slyt.gba.gob.ar/bulletins/12550/contents/2202243,Coronel Rosales,Resolución Nº79 en el boletín 56º de Coronel Rosales,,23/04/2025,,,volumen_alto,no,camara de aire,https://sibom.slyt.gba.gob.ar/bulletins/12550/contents/2202243,"Que, los desbordes cloacales pueden contaminar el agua potable, los alimentos y el aire . Lo que puede provocar enfermedades gastrointestinales, respiratorias y otras afecciones de salud ... […] sin que haya una solución definitiva. Que la falta de mantenimiento y reparación de las redes cloacales ha provocado el colapso de las colectoras, cámaras tapadas en gran parte de la ciudad ... […] Sobre el importante desborde cloacal en calle Jujuy y San Luis del barrio Nueva Bahía ...",2025-04-23,2026-09-01,2026-09-01
sibom,https://sibom.slyt.gba.gob.ar/bulletins/12530/contents/2204191,Mercedes,Decreto Nº573/2025 en el boletín 90º de Mercedes,,22/04/2025,,adjudicada,volumen_alto,no,"cubierta,cubiertas",https://sibom.slyt.gba.gob.ar/bulletins/12530/contents/2204191,"Que, a partir de la necesidad manifestada por la Subsecretaría de Servicios Públicos según Solicitud de Pedido n° 1806, se arbitraron los medios necesarios para lograr la convocatoria de oferentes en relación alConcurso ... […] Lo actuado por Gestión Documental Electrónica (GDE) en el EX-2025-00017984caratulado “Concurso de precios n° 26/2025- Adquisición de cubiertas ”, y; ... […] cuatrocientoscon 00/100 centavos), la compra de cubiertas , según las especificaciones técnicas contenidas en el pliego de bases y condiciones, específicamente ...",2025-04-22,2026-09-01,2026-09-01
sibom,https://sibom.slyt.gba.gob.ar/bulletins/12586/contents/2203936,Pergamino,Ordenanza Nº10040/2025 en el boletín 32º de Pergamino,,17/04/2025,,,volumen_alto,no,"cubierta,cubiertas",https://sibom.slyt.gba.gob.ar/bulletins/12586/contents/2203936,"Pergamino, Jueves 27 de Marzo de 2025 Referencia: ex-630-25 ordenanza 10040-25 licitación butacas polideportivo cubierto Sr. INTENDENTE ... […] . Polideportivo Cubierto - Provisión de butacas. LICITACIÓN PUBLICA 11/2025.- VISTO: Las actuaciones promovidas, con respecto al llamado a LICITACIÓN PÚBLICA N° 11 ... […] -2025, para LA ADQUISICIÓN DE BUTACAS DESTINADAS AL POLIDEPORTIVO CUBIERTO DE PERGAMINO; y CONSIDERANDO: Que por Decreto: DECTO-2025-334-E-PER-INT, obrante ...",2025-04-17,2026-09-01,2026-09-01
sibom,https://sibom.slyt.gba.gob.ar/bulletins/12384/contents/2190875,La Plata,Decreto Nº0482/25 en el boletín 1261º de La Plata,,11/04/2025,,,objetivo,no,camara de aire,https://sibom.slyt.gba.gob.ar/bulletins/12384/contents/2190875,"Expte. 4061-2059988-25. Aprueba Pliego Licit. Privada Nº 16-25, para la contratación del servicio de Mantenimiento de aire acondicionado. ... […] EL INTENDENTE MUNICIPAL DECRETA ...",2025-04-11,2026-09-01,2026-09-01
sibom,https://sibom.slyt.gba.gob.ar/bulletins/12470/contents/2196525,General Villegas,Decreto Nº1880/24 en el boletín 170º de General Villegas,,07/04/2025,,,volumen_alto,no,"neumatico,neumaticos",https://sibom.slyt.gba.gob.ar/bulletins/12470/contents/2196525,"VISTO: El Expediente Nº 10281/24, mediante el cual se tramitó el Concurso de Precios N° 30/24 destinado a la “Adquisición de neumáticos y cámaras ... […] municipales; por otro lado corresponde rechazar las ofertas presentadas por la firma Neumáticos Villegas S.A., por no resultar beneficiosas a los intereses municipales. Que de conformidad con lo actuado ... […] ARTÍCULO PRIMERO: Adjudicase el Concurso Precios N° 30/24 destinado a la “Adquisición de neumáticos y cámaras para motoniveladoras destinadas al mantenimiento de la Red Vial de caminos de tierra ...",2025-04-07,2026-09-01,2026-09-01
sibom,https://sibom.slyt.gba.gob.ar/bulletins/12466/contents/2196324,Tandil,Decreto Nº843/2025 en el boletín 280º de Tandil,,02/04/2025,,,volumen_alto,no,"neumatico,neumaticos",https://sibom.slyt.gba.gob.ar/bulletins/12466/contents/2196324,", según Registro de Invitados a Cotizar N° 971. Que el 6 de marzo de 2025 se llevó a cabo el Acto de Apertura, cotizando cuatro (4) de los proveedores invitados, Tienda Techno S.A.S.; Álvarez Neumáticos S ... […] La Licitación Privada Nº 06-02-25 “Adquisición de neumáticos para Vialidad Municipal”, tramitada mediante expediente EX-2025-00041311-MUNITAN- -DCS#SEA, y ... […] Artículo 1°: Adjudicase la Licitación Privada Nº 06-02-25 “Adquisición de neumáticos para Vialidad Municipal”, tramitada mediante expediente EX-2025-00041311-MUNITAN- -DCS#SEA"", por el monto total de Veintinueve ...",2025-04-02,2026-09-01,2026-09-01
sibom,https://sibom.slyt.gba.gob.ar/bulletins/12150/contents/2185034,Chivilcoy,Decreto Nº214 en el boletín 101º de Chivilcoy,,02/04/2025,,,volumen_alto,no,"cubierta,cubiertas",https://sibom.slyt.gba.gob.ar/bulletins/12150/contents/2185034,"la Memoria Técnico Descriptiva, por la cual se solicita la autorización para la ampliación del monto asignado a dicha obra, y de acuerdo al Artículo N° 146 de la L.O.M ... […] la nota presentada por el Secretario de Obras y Servicios Públicos, mediante Expediente N° 4031-258304-01/24, por la cual requiere ampliación de monto en relación a la Licitación Privada N° 88/24, correspondiente a la solicitud de “Refacción de cubierta Museo Pompeo Boggio”, y ... […] Ampliación de monto de obra ...",2025-04-02,2026-09-01,2026-09-01
sibom,https://sibom.slyt.gba.gob.ar/bulletins/12150/contents/2172365,Chivilcoy,Decreto Nº56 en el boletín 101º de Chivilcoy,,02/04/2025,,,volumen_alto,no,camara de aire,https://sibom.slyt.gba.gob.ar/bulletins/12150/contents/2172365,"la nota presentada por el Presidente del Honorable Concejo Deliberante por la cual solicita dar de baja del Patrimonio Municipal un equipo de aire acondicionado, ya que se quemó y quedó inutilizable. ... […] Baja del patrimonio municipal ... […] Artículo 1º: Efectúese la baja del patrimonio municipal de un equipo de aire acondicionado, marca SURREY, Código Identificatorio: 0000010576, ya que se quemó y quedó inutilizable. Artículo 2º: Comuníquese, publíquese, tome nota quien corresponda, dése al R.O., archívese. ...",2025-04-02,2026-09-01,2026-09-01
sibom,https://sibom.slyt.gba.gob.ar/bulletins/12486/contents/2195343,Bahia Blanca,Resolución Nº74 en el boletín 439º de Bahia Blanca,,01/04/2025,,,volumen_alto,no,"llanta,llantas",https://sibom.slyt.gba.gob.ar/bulletins/12486/contents/2195343,". En un bacho profundo , se deterioró neumático delantero izquierdo y llanta de aleación. El día 13 de mayo a las 09:00hs. Al sentir el golpe me baje y saque una foto. Iba a camino a realizar la V.T.V. adjunto el rechazo y el daño en la rueda ...",2025-04-01,2026-09-01,2026-09-01
sibom,https://sibom.slyt.gba.gob.ar/bulletins/12230/contents/2194836,Pergamino,Ordenanza Nº9980/2024 en el boletín 31º de Pergamino,,28/03/2025,,,volumen_alto,no,"cubierta,cubiertas",https://sibom.slyt.gba.gob.ar/bulletins/12230/contents/2194836,-4615-24 ORDENANZA 9980-24 POLIDEPORTIVO CUBIERTO ETAPA II Señor Intendente Municipal D. JAVIER ARTURO MARTÍNEZ SU DESPACHO ... […] .- VISTO El EX-2024-4615 Ref.: D.E. ELEVA EXPTE. D-1217-24 ALCANCE 1 TOMO 1 SECRETARIA DE DESARROLLO URBANO. Ref.: POLIDEPORTIVO CUBIERTO 2º ETAPA ... […] lo informado por la Contaduría Municipal resulta necesario la intervención y autorización del HCD en virtud de que el gasto excede el ejercicio mediante la Ordenanza que autoriza la obra “POLIDEPORTIVO CUBIERTO ETAPA II” – LICITACION PUBLICA 40/2024 ...,2025-03-28,2026-09-01,2026-09-01
sibom,https://sibom.slyt.gba.gob.ar/bulletins/12406/contents/2192959,General Villegas,Decreto Nº1727/24 en el boletín 169º de General Villegas,,26/03/2025,,,volumen_alto,no,"neumatico,neumaticos",https://sibom.slyt.gba.gob.ar/bulletins/12406/contents/2192959,"de neumáticos y cámaras para motoniveladoras destinadas al mantenimiento de la Red Vial de caminos de tierra y obras en el Partido de General Villegas”; y CONSIDERANDO ... […] a la “Adquisición de neumáticos y cámaras para motoniveladoras destinadas al mantenimiento de la Red Vial de caminos de tierra y obras en el Partido de General Villegas”, con un presupuesto oficial estimado de Pesos catorce millones ciento ochenta mil ($ 14 ... […] Llamado a Concurso de Precios 30/24 - Adquisición de neumáticos para unidades viales. Fuente de Financiamiento ...",2025-03-26,2026-09-01,2026-09-01
sibom,https://sibom.slyt.gba.gob.ar/bulletins/12434/contents/2190701,Avellaneda,Ordenanza Nº31032 en el boletín 107º de Avellaneda,,21/03/2025,,,objetivo,no,recapado,https://sibom.slyt.gba.gob.ar/bulletins/12434/contents/2190701,"VISTO: El Expediente 3-0-52783/2024 y cuerpo I; y CONSIDERANDO: Que vienen a consideración de este Cuerpo Deliberativo l proyecto ... […] , recapado , etc . 0,007 ...",2025-03-21,2026-09-01,2026-09-01
sibom,https://sibom.slyt.gba.gob.ar/bulletins/12330/contents/2184324,Trenque Lauquen,Decreto Nº2944/2024 en el boletín 181º de Trenque Lauquen,,09/03/2025,,adjudicada,volumen_alto,no,camara de aire,https://sibom.slyt.gba.gob.ar/bulletins/12330/contents/2184324,"Que se han cumplido los recaudos legales pertinentes ... […] Las actuaciones obrantes en el Expediente Nº2018/2024 - CONCURSO DE PRECIOS Nº103/2024 , en el cual se gestiona la adquisición de: “EQUIPO CENTRAL DE AIRE ” con destino al Hospital Municipal; y, ... […] 2944-2024 CONCURSO DE PRECIOS 103-2024.- ADJUDICACION AIRE HOSPITAL ...",2025-03-09,2026-09-01,2026-09-01
sibom,https://sibom.slyt.gba.gob.ar/bulletins/12240/contents/2181129,Coronel Suárez,Decreto Nº149/2025 en el boletín 147º de Coronel Suárez,,27/02/2025,,,volumen_alto,no,"cubierta,cubiertas",https://sibom.slyt.gba.gob.ar/bulletins/12240/contents/2181129,"Que es necesaria su realización a través de una Licitación Privada, según lo establece la Ley Orgánica Municipal ... […] la necesidad de llevar a cabo la obra: “REFACCION DE CUBIERTA EN EESA N°1” (EXP – MCS: 24/2025 “REFACCION DE CUBIERTA EN EESA N°1/PEED), solicitado por Secretaría de Obras Públicas, y – ... […] DE CUBIERTA EN EESA N°1” (EXP – MCS: 24/2025 “REFACCION DE CUBIERTA EN EESA N°1/PEED), solicitado por Secretaría de Obras Públicas- Presupuesto Oficial $ 36.369.437,46 (Pesos treinta y seis millones trescientos sesenta y nueve mil cuatrocientos treinta ...",2025-02-27,2026-09-01,2026-09-01
sibom,https://sibom.slyt.gba.gob.ar/bulletins/12273/contents/2182128,General Villegas,Decreto Nº1108/24 en el boletín 166º de General Villegas,,24/02/2025,,,volumen_alto,no,camara de aire,https://sibom.slyt.gba.gob.ar/bulletins/12273/contents/2182128,"Nº 14/24 destinado a la “Provisión, colocación y puesta en funcionamiento de equipo de aire acondicionado y calefacción en el Hospital Municipal - Sector Quirófano”; y CONSIDERANDO ... […] : Apruébase el Pliego de Bases y Condiciones Generales obrante en el Expediente Nº 6611/24, destinado a la “Provisión, colocación y puesta en funcionamiento de equipo de aire acondicionado y calefacción en el Hospital Municipal - Sector ... […] : Llamado a Concurso de Precios Nº 14/24 – Provisión, colocación y puesta en funcionamiento de equipo aire acondicionado y calefacción en el Hospital ...",2025-02-24,2026-09-01,2026-09-01
sibom,https://sibom.slyt.gba.gob.ar/bulletins/12275/contents/2181045,Bahia Blanca,Decreto Nº239 en el boletín 426º de Bahia Blanca,,21/02/2025,,,volumen_alto,no,"neumatico,neumaticos,protector de neumaticos",https://sibom.slyt.gba.gob.ar/bulletins/12275/contents/2181045,"de Apertura en la que se presentaron las ofertas de los proveedores: ALVAREZ NEUMATICOS S.A. total de la oferta económica $12.394.000; MILLA SUR S.A total de la oferta económica $20.150.366; ALAUX SERVICIOS S.A, total de la oferta económica $13.966.800 ... […] y PAREDES NEUMATICOS S.A, total de la oferta económica $ 11.694.600; Que a fojas 33 el Departamento Talleres y Maestranza sugiere bajo el criterio de análisis de las especificaciones técnicas solicitadas y propuesta más económica, adjudicar ... […] a la firma PAREDES NEUMÁTICOS S.A los ítems N° 1 a 8, por ser la oferta mas económica que ",2025-02-21,2026-09-01,2026-09-01
sibom,https://sibom.slyt.gba.gob.ar/bulletins/12245/contents/2178053,Bahia Blanca,Resolución Nº34 en el boletín 423º de Bahia Blanca,,13/02/2025,,,volumen_alto,no,"neumatico,neumaticos",https://sibom.slyt.gba.gob.ar/bulletins/12245/contents/2178053,"de guardabarros y cambio de neumático trasero derecho (no correspondería con el que tenía). En particular y en cuanto al neumático el recurrente indica que el mismo se encontraba en perfectas condiciones, acorde a los otros tres que tiene el vehículo. Aduciendo ... […] que el neumático entregado es viejo, resquebrajado, fuera de circulación, roto y desinflado. Razón por la cual, debió realizar el traslado de su auto en grúa particular. Que, al contrario de lo manifestado, de las actas de ingreso y egreso ... […] del vehículo al corralón municipal se desprende que existían al momento de ingreso",2025-02-13,2026-09-01,2026-09-01
sibom,https://sibom.slyt.gba.gob.ar/bulletins/12245/contents/2176884,Bahia Blanca,Resolución Nº6 en el boletín 423º de Bahia Blanca,,13/02/2025,,,volumen_alto,no,"llanta,llantas",https://sibom.slyt.gba.gob.ar/bulletins/12245/contents/2176884,"., pasé un pozo con la rueda trasera derecha, rompiendo la cubierta en la banda superior central, quedando sin arreglo; y marcando la llanta ..."" Que de fojas 4 a 14 el reclamante adjunta copia de la cédula de identificación del vehículo ...",2025-02-13,2026-09-01,2026-09-01
sibom,https://sibom.slyt.gba.gob.ar/bulletins/12002/contents/2166570,Moreno,Ordenanza Nº7306/24 en el boletín 296º de Moreno,,07/02/2025,,,objetivo,no,recapado,https://sibom.slyt.gba.gob.ar/bulletins/12002/contents/2166570,"VISTO el Expte. H.C.D. N° 36.077/2024 y el Expte. D.E. N° 267451-S-2024, mediante el cual el Departamento Ejecutivo remite el proyecto de la Ordenanza Tributaria y Tarifaria para el Ejercicio Fiscal 2025 ... […] Venta de cámaras y cubiertas. Gomerías (incluye las que poseen anexos de recapado ). 624187 ...",2025-02-07,2026-09-01,2026-09-01
sibom,https://sibom.slyt.gba.gob.ar/bulletins/12145/contents/2170277,Coronel Suárez,Decreto Nº2953/2024 en el boletín 146º de Coronel Suárez,,07/02/2025,,,volumen_alto,no,gomeria,https://sibom.slyt.gba.gob.ar/bulletins/12145/contents/2170277,"la nota presentada a ésta Comuna por el Sr. GARCIA ARIEL OMAR, por la que solicita autorización para habilitar un negocio bajo el rubro de REPARACIÓN DE CÁMARAS Y CUBIERTAS - GOMERÍA , y atento a los informes producidos por las oficinas respectivas, ... […] - - - - - 20-29749947-6, a poner en funcionamiento un local comercial bajo el rubro de: REPARACIÓN DE CÁMARAS Y CUBIERTAS - GOMERÍA , ubicado ... […] el Intendente Municipal del Partido en uso de sus atribuciones- D E C R E T ...",2025-02-07,2026-09-01,2026-09-01
sibom,https://sibom.slyt.gba.gob.ar/bulletins/12202/contents/2175345,Bahia Blanca,Resolución Nº13 en el boletín 421º de Bahia Blanca,,07/02/2025,,,volumen_alto,no,"llanta,llantas",https://sibom.slyt.gba.gob.ar/bulletins/12202/contents/2175345,"al paso Vanoli). A las 7;30 de la mañana me dirigía a mi trabajo, y por el bache (agujero en la calle), se reventó la cubierta del lado derecho, se abolló la llanta de ese mismo lado y se dañó todo el tren delantero, provocando rupturas de ambos lados ...",2025-02-07,2026-09-01,2026-09-01
sibom,https://sibom.slyt.gba.gob.ar/bulletins/11974/contents/2165291,Saladillo,Decreto Nº2022/2024 en el boletín 109º de Saladillo,,16/01/2025,,,volumen_alto,no,"neumatico,neumaticos,protector de neumaticos",https://sibom.slyt.gba.gob.ar/bulletins/11974/contents/2165291,"que en Saladillo Neumáticos ofrece una amplia variedad de cubiertas Bridgestone y Firestone para autos, camionetas, camiones y maquinaria agrícola. También cuenta con baterías Moura para estos vehículos. Y además ... […] lo solicitado por la Secretaria de Gobierno, Prof. Viviana Rodríguez, en cuanto se declare de interés municipal el reconocimiento a la empresa “Saladillo Neumáticos ” cuyo propietario es el señor Marcos Pablo Marconi, el día 30 de septiembre de 2024; y ... […] ARTICULO 1: Declarar de interés municipal el reconocimiento a la empresa “Saladillo Neumáticos ” cuyo propietario es e",2025-01-16,2026-09-01,2026-09-01
sibom,https://sibom.slyt.gba.gob.ar/bulletins/11962/contents/2157298,Mercedes,Decreto Nº2199/2024 en el boletín 87º de Mercedes,,16/01/2025,,adjudicada,volumen_alto,no,"cubierta,cubiertas",https://sibom.slyt.gba.gob.ar/bulletins/11962/contents/2157298,"Folios n° 2774/2775, con el objeto de lograr la compra de cubiertas destinadas a abastecer al depósito dependiente del área. Que, habiéndose previsto como fecha de apertura de sobres del llamado para el día 27/11/2024 ... […] Lo actuado en el EX-2024-00034632 caratulado como “Licitación Privada n° 42/2024 Adquisición de cubiertas ”, y ... […] seiscientos con 00/100 centavos), la compra de cubiertas , según las especificaciones técnicas contenidas en el pliego de bases y condiciones, específicamente ...",2025-01-16,2026-09-01,2026-09-01
sibom,https://sibom.slyt.gba.gob.ar/bulletins/11974/contents/2165223,Saladillo,Decreto Nº2006/2024 en el boletín 109º de Saladillo,,16/01/2025,,,volumen_alto,no,gomeria,https://sibom.slyt.gba.gob.ar/bulletins/11974/contents/2165223,"y de la cual surge lo siguiente: La firma Cetaro Cecilia Nora, cotiza todos los ítems por la suma total de $ 15.949.200,00; La firma Nuevas Gomerías Palermo S.R.L., cotiza ... […] de evaluar las ofertas se observa que en cuanto a los ítems 1, 3 (en oferta alternativa), y 5, la firma Nueva Gomería Palermo S.R.L., presenta las mejores ofertas; mientras que la firma Almeira Claudio Oscar, lo hace en los ítems 2 y 4 ... […] del Director de Mantenimiento del Parque Automotor, se desprende que las ofertas presentadas por las firmas Nueva Gomería Palermos S.R.L. para los ítems 1, 3 (en oferta alterna",2025-01-16,2026-09-01,2026-09-01
sibom,https://sibom.slyt.gba.gob.ar/bulletins/12045/contents/2162079,General San Martín,Decreto Nº01109/24 en el boletín 1975º de General San Martín,,14/01/2025,,,objetivo,no,"cubierta,cubiertas",https://sibom.slyt.gba.gob.ar/bulletins/12045/contents/2162079,Aprobando pliego de bases y condiciones y autorizando la contratación directa para la obra PROGRAMA HACIENDO ESCUELAS: ESCUELA DE EDUCACION PRIMARIA Nº 61 - CAMBIO DE CUBIERTA .- ...,2025-01-14,2026-09-01,2026-09-01
sibom,https://sibom.slyt.gba.gob.ar/bulletins/11842/contents/2161182,Puan,Decreto Nº0827 en el boletín 140º de Puan,,14/01/2025,,adjudicada,volumen_alto,no,"cubierta,cubiertas",https://sibom.slyt.gba.gob.ar/bulletins/11842/contents/2161182,"Se Adjudica parcialmente el CONCURSO DE PRECIOS N° 07/24 , para la “adquisición de cubiertas para los RO 376, RO 346, RO 367 y RO 318 ... […] ”, a la señora PAULA DUBIE. Se Adjudica parcialmente el CONCURSO DE PRECIOS N° 07/24 , para la “adquisición de cubiertas para los RO 376, RO 346, RO 367 y RO 318 ” , a la COOPERATIVA LA EMANCIPACION. ...",2025-01-14,2026-09-01,2026-09-01
sibom,https://sibom.slyt.gba.gob.ar/bulletins/11929/contents/2152210,Coronel Pringles,Decreto Nº1650/24 en el boletín 224º de Coronel Pringles,,03/01/2025,,,volumen_alto,no,gomeria,https://sibom.slyt.gba.gob.ar/bulletins/11929/contents/2152210,"Que a fs. 01 solicita la baja de dicho comercio a partir del 21/10/24; Que a fs. 02 luce informe del área de Recaudación, manifestando que el requirente no adeuda importe alguno ... […] el Expediente 2.327/2024, mediante el cual la Sra. María Cristina Pipo comunica el cese de actividades del comercio habilitado a nombre de su padre (fallecido) en el rubro “METALÚRGICA - GOMERÍA ” , ubicado en calle MORENO (47) N° 871 de esta localidad; y ... […] en el rubro “METALÚRGICA - GOMERÍA ” , ubicado en calle MORENO (47) N° 871 de esta localidad , propiedad del Sr. PIPO Eduardo, fallecido, según consta",2025-01-03,2026-09-01,2026-09-01
sibom,https://sibom.slyt.gba.gob.ar/bulletins/11826/contents/2144679,Trenque Lauquen,Decreto Nº2224/2024 en el boletín 177º de Trenque Lauquen,,02/01/2025,,,volumen_alto,no,"cubierta,cubiertas",https://sibom.slyt.gba.gob.ar/bulletins/11826/contents/2144679,"Que se han cumplido los recaudos legales pertinentes; Que se han examinado las propuestas presentadas y su cuadro comparativo de precios ... […] Las actuaciones obrantes en el Expediente Nº 1421/2024 - CONCURSO DE PRECIOS Nº 75/2024 , en la cual se gestiona la mano de obra para: “ CUBIERTA ACCESO AL CEMENTERIO”- de Trenque Lauquen - ... […] 2224-2024-Adjudica CONCURSO DE PRECIOS Nº 75-24 Mano de obra cubierta acceso al Cementerio ...",2025-01-02,2026-09-01,2026-09-01
sibom,https://sibom.slyt.gba.gob.ar/bulletins/11746/contents/2150962,Coronel Dorrego,Decreto Nº2404/2024 en el boletín 147º de Coronel Dorrego,,02/01/2025,,,volumen_alto,no,camara de aire,https://sibom.slyt.gba.gob.ar/bulletins/11746/contents/2150962,.0 Cubiertas y cámaras de aire ... […] 2.4.4.0 Cubiertas y cámaras de aire ...,2025-01-02,2026-09-01,2026-09-01
sibom,https://sibom.slyt.gba.gob.ar/bulletins/11789/contents/2142643,Mercedes,Decreto Nº2024/2024 en el boletín 85º de Mercedes,,11/12/2024,,,volumen_alto,no,"cubierta,cubiertas",https://sibom.slyt.gba.gob.ar/bulletins/11789/contents/2142643,"Que la Solicitud de Pedido en cuestión trata sobre la necesidad de proveer a la Subsecretaría de Servicios Públicos de un stock mínimo de cubiertas para vehículos, que le permitan cubrir los requerimientos operativos ... […] 1 7 CUBIERTA 12-16.5 CON TACO ... […] 6 CUBIERTA 17.5.25 CON TACO L2/G2 (para Motoniveladora ...",2024-12-11,2026-09-01,2026-09-01
sibom,https://sibom.slyt.gba.gob.ar/bulletins/11720/contents/2141507,Coronel Rosales,Ordenanza Nº4366 en el boletín 46º de Coronel Rosales,,10/12/2024,,,volumen_alto,no,recapado,https://sibom.slyt.gba.gob.ar/bulletins/11720/contents/2141507,"superior a 1,2 mm en unidades de peso inferior a 1.500 Kg y superior a 1,5 mm en unidades de peso igual o mayor al antes indicado. No podrán estar equipados con cubiertas reconstruidas o recapadas . f ...",2024-12-10,2026-09-01,2026-09-01
sibom,https://sibom.slyt.gba.gob.ar/bulletins/11584/contents/2135758,Trenque Lauquen,Decreto Nº1929/2024 en el boletín 175º de Trenque Lauquen,,08/12/2024,,,volumen_alto,no,camara de aire,https://sibom.slyt.gba.gob.ar/bulletins/11584/contents/2135758,"Que dado el valor del mismo y conforme lo normado en la Ley Orgánica de las Municipalidades, resulta ajustado a derecho llamar a CONCURSO DE PRECIOS ... […] Las actuaciones obrantes en el Expediente Nº1303/2024 , mediante las que se gestiona la adquisición de “2 (DOS) EQUIPOS DE AIRE ACONDICIONADO CON DESTINO A SECRETARIA DE OBRAS Y SERVICIOS PUBLICOS” ; y, ... […] 1929-2024 Llamado CONCURSO DE PRECIOS 68 - ADQUISICION DE 2 EQUIPOS AIRE ACOND. PARA O. PUBLICAS ...",2024-12-08,2026-09-01,2026-09-01
sibom,https://sibom.slyt.gba.gob.ar/bulletins/11812/contents/2143455,Campana,Resolución Nº2759/24 en el boletín 399º de Campana,,05/12/2024,,,objetivo,no,"llanta,llantas",https://sibom.slyt.gba.gob.ar/bulletins/11812/contents/2143455,", y con concentración y destreza realizar ciertas acrobacias con ella. Así se han creado distintos actos: ' Burnout ', que consiste en quemar la llanta trasera; ' Wheelie ' o 'Caballito' , donde se levanta la rueda delantera mientras ... […] la moto va en movimiento; 'Escorpión', en la que el piloto pone la pierna en la parte trasera y levanta la moto hacia adelante; 'Pique', donde se sostiene la moto con la llanta trasera; entre muchos otros ... […] Las acrobacias que realizan los jóvenes que utilizan bicicletas o motocicletas ...",2024-12-05,2026-09-01,2026-09-01
sibom,https://sibom.slyt.gba.gob.ar/bulletins/11637/contents/2136999,Moreno,Ordenanza Nº7258/24 en el boletín 293º de Moreno,,04/12/2024,,,objetivo,no,"llanta,llantas",https://sibom.slyt.gba.gob.ar/bulletins/11637/contents/2136999,". Y yo vivo la realidad, Y de ella es mi reacción. Pues estoy cansado del llanto que nunca algo me dió ... […] expresando el dolor producido por la blanca fuerza de nuestra unión. Pues estoy cansado del llanto ... […] ARTÍCULO 1°: Denominase como “Pasaje Ricardo Iorio” a la calle Cul de Sac, ubicada entre las calles Reverendo Padre Ansaldo y Tschiffely, que comienza en la calle Luis Pereyra. Empieza ...",2024-12-04,2026-09-01,2026-09-01
sibom,https://sibom.slyt.gba.gob.ar/bulletins/11536/contents/2127375,Coronel Rosales,Decreto Nº548/2024 en el boletín 45º de Coronel Rosales,,21/11/2024,,,volumen_alto,no,"cubierta,cubiertas",https://sibom.slyt.gba.gob.ar/bulletins/11536/contents/2127375,"Que la obra comprende la impermeabilización de la cubierta y la reparación interior del cielorraso del Salón de Usos Múltiples afectados por ingreso de agua y la reparación de la cornisa del sector de aulas coincidentes ... […] a un total de Pesos ochenta y cinco millones trescientos cuarenta mil seiscientos setenta y tres con diecisiete centavos ($ 85.340.673,17), el que será cubierto con fondos PEED y con un plazo de ejecución de 120 (ciento veinte) días corridos ... […] Las actuaciones obrantes en el Expte. Nº S-166/24, el Pliego de Bases y Condiciones instrumentado por la Secretaria de Obr",2024-11-21,2026-09-01,2026-09-01
sibom,https://sibom.slyt.gba.gob.ar/bulletins/11696/contents/2134258,Bahia Blanca,Decreto Nº3400 en el boletín 381º de Bahia Blanca,,19/11/2024,,,volumen_alto,no,"llanta,llantas",https://sibom.slyt.gba.gob.ar/bulletins/11696/contents/2134258,"Visto las presentes actuaciones referidas a la provisión de cubiertas T696, T620, T359, A498, T621, K641, T115, T750, T738, T563, T565, T441, W015, W024, servicio de alineación y balanceo, llanta y válvula W024 ...",2024-11-19,2026-09-01,2026-09-01
sibom,https://sibom.slyt.gba.gob.ar/bulletins/11636/contents/2130730,Bahia Blanca,Resolución Nº141 en el boletín 376º de Bahia Blanca,,06/11/2024,,,volumen_alto,no,"llanta,llantas",https://sibom.slyt.gba.gob.ar/bulletins/11636/contents/2130730,"; Paula entra en un estado de shock, de llanto de desesperación. Ahí me llaman a mí, intervengo, le pido por favor al policía, ya no sabía cómo hacer para que se lo lleven, el policía le pide por favor al muchacho que se retire, le dice ""no me voy ... […] años la que me llamó y me dijo papa veni urgente a la puerta que esta Paula en un ataque de llanto y esta este muchacho violento…"".- Se agrega a fs. 108, la declaración del agente Cristian Andrés Maillet, legajo 13559, quien se presenta ...",2024-11-06,2026-09-01,2026-09-01
sibom,https://sibom.slyt.gba.gob.ar/bulletins/11634/contents/2129754,General Pueyrredon,Resolución Nº0520/24 en el boletín 683º de General Pueyrredon,,06/11/2024,,,volumen_alto,no,"bateria,baterias",https://sibom.slyt.gba.gob.ar/bulletins/11634/contents/2129754,"CORRESPONDE A SECRETARIA LEGAL, TECNICA Y DE HACIENDA SE INFORMA QUE EL TEXTO COMPLETO EN PDF SE ENCUENTRA COMO ANEXO DEL PRESENTE Aprobar el Concurso de Precios Nº 99/24 para la “Adquisición de baterías para UPS con destino Secretaría de Seguridad” ...",2024-11-06,2026-09-01,2026-09-01
sibom,https://sibom.slyt.gba.gob.ar/bulletins/11507/contents/2124082,Chacabuco,Ordenanza Nº10299 en el boletín 87º de Chacabuco,,30/10/2024,,,volumen_alto,no,"bateria,baterias",https://sibom.slyt.gba.gob.ar/bulletins/11507/contents/2124082,"VISTO: La necesidad de darle un correcto procesamiento a las pilas y baterías que hayan llegado al fin de su vida útil ... […] : -Que las pilas y baterías al no ser correctamente desechadas resultan extremadamente contaminantes para el suelo y el agua ... […] .- -Que, los sitios para depositar las pilas o baterías usadas son reducidos y esto desalienta al correcto descarte de las mismas ...",2024-10-30,2026-09-01,2026-09-01
sibom,https://sibom.slyt.gba.gob.ar/bulletins/11555/contents/2125555,Bahia Blanca,Resolución Nº345 en el boletín 370º de Bahia Blanca,,24/10/2024,,,volumen_alto,no,"llanta,llantas",https://sibom.slyt.gba.gob.ar/bulletins/11555/contents/2125555,"se me mete en una alcantarilla que esta hundida, se me detiene el vehículo, cuando bajo a ver que era, ahí mismo me di cuenta que se le había hecho una teta a la rueda, doblo la llanta , me fui a una gomería para saber que pasó y si había pinchado, el gomero ... […] que fuera ofrecida, Sra. Geraldine Aldana Blanchini. Al respecto expresamente refirió: ""... doblamos en calle 9 de julio y Vérez, y al estar la tapa del desagote profunda y agarrarla con el vehículo rompimos el neumático y la llanta ...",2024-10-24,2026-09-01,2026-09-01
sibom,https://sibom.slyt.gba.gob.ar/bulletins/11354/contents/2120441,Coronel Rosales,Decreto Nº66 en el boletín 44º de Coronel Rosales,,17/10/2024,,,volumen_alto,no,camara de aire,https://sibom.slyt.gba.gob.ar/bulletins/11354/contents/2120441,"Que es importante reconocer y visibilizar la labor de aquellos que contribuyen al desarrollo económico local; Que la Cámara de Almaceneros, Minimercados, Autoservicios, Rotiserías ... […] y capacidad de gestión al asumir la presidencia de la Cámara de Almaceneros a nivel nacional, donde representa a más de 60.000 (Sesenta Mil) almaceneros de todo el país; Que es fundamental reconocer y estimular la labor de aquellos que se destacan en la defensa de los intereses de los sectores productivos locales; ... […] La destacada trayectoria de la Cámara de Almaceneros de Coronel Rosales en la promoción ",2024-10-17,2026-09-01,2026-09-01
sibom,https://sibom.slyt.gba.gob.ar/bulletins/11510/contents/2122741,Bahia Blanca,Decreto Nº3095 en el boletín 367º de Bahia Blanca,,15/10/2024,,,volumen_alto,no,"neumatico,neumaticos",https://sibom.slyt.gba.gob.ar/bulletins/11510/contents/2122741,") firmas invitadas a cotizar, según consta en los certificados de notificación obrantes de fojas 33 a 35; Que a fojas 40 obra el Acta de Apertura en la que se presentaron las ofertas de los proveedores: ALVAREZ NEUMATICOS , total ... […] de la oferta económica $26.590.000; y PAREDES ALBERTO JESUS, total de la oferta económica $30.147.254; Que a fojas 44/45 el Departamento Talleres y Maestranza sugiere adjudicar al proveedor ALVAREZ NEUMATICOS la totalidad de los ítems considerando ... […] las especificaciones técnicas solicitadas y la propuesta más económica; Que a fojas 52 el Departamento Com",2024-10-15,2026-09-01,2026-09-01
sibom,https://sibom.slyt.gba.gob.ar/bulletins/11383/contents/2118728,Chivilcoy,Decreto Nº1384 en el boletín 95º de Chivilcoy,,15/10/2024,,,volumen_alto,no,protector de neumaticos,https://sibom.slyt.gba.gob.ar/bulletins/11383/contents/2118728,"el informe de la Secretaría de Hacienda de la Municipalidad de Chivilcoy ... […] el expediente Nº 4031-253990/24 iniciado por la presidente interina de la Asociación Civil Protectora San Roque Chivilcoy, y ... […] Subsidio a Asociación Civil Protectora San Roque Chivilcoy ...",2024-10-15,2026-09-01,2026-09-01
sibom,https://sibom.slyt.gba.gob.ar/bulletins/11476/contents/2118968,Zárate,Resolución Nº157/24 en el boletín 41º de Zárate,,04/10/2024,,,objetivo,no,"bateria,baterias,cubierta,cubiertas",https://sibom.slyt.gba.gob.ar/bulletins/11476/contents/2118968,"El expediente Nº 4121-4486/2017, por el que el Sr. García, Gustavo Adolfo, solicita autorización para habilitar el comercio de Rubro: “Venta al por menor de partes, piezas y accesorios excepto cámaras, cubiertas ... […] y baterías, Actividad Secundaria: Venta al por menor de cámaras y cubiertas ”, situado en Calle Avda. Antártida Argentina Nº 2086, de la ciudad de Zárate, atento a lo informado por la Dirección General de Ingresos Públicos (fs. 47) Legajo Nº 18.548 ... […] 1º) Autorizar la habilitación del comercio Rubro: “Venta al por menor de partes, piezas y accesorios excepto cámaras, cubie",2024-10-04,2026-09-01,2026-09-01
sibom,https://sibom.slyt.gba.gob.ar/bulletins/11476/contents/2118961,Zárate,Resolución Nº156/24 en el boletín 41º de Zárate,,04/10/2024,,,objetivo,no,"bateria,baterias",https://sibom.slyt.gba.gob.ar/bulletins/11476/contents/2118961,"El expediente Nº 4121-505/2017, por el que la Firma; BATERIAS PARA TODOS S.R.L, Cuit: 30-71656512-9, solicita autorización para habilitar el comercio de Rubro: “Venta al por menor de Baterías ”, situado en Calle ... […] 1º) Autorizar la habilitación del comercio Rubro: “Venta al por menor de Baterías .”, situado en Calle Gral. Pinto Nº 1230, de la ciudad de Zárate ... […] , propiedad de la Firma: BATERIAS PARA TODOS S.R.L, Cuit: 30-71656512-9 quien se compromete a ajustarse a las disposiciones municipales, provinciales y nacionales correspondientes en vigencia ...",2024-10-04,2026-09-01,2026-09-01
sibom,https://sibom.slyt.gba.gob.ar/bulletins/11419/contents/2114971,Lanús,Decreto Nº2781/2024 en el boletín 2º de Lanús,,25/09/2024,,,objetivo,no,"bateria,baterias",https://sibom.slyt.gba.gob.ar/bulletins/11419/contents/2114971,"EL INTENDENTE MUNICIPAL DECRETA: ARTÍCULO 1°.- Apruébese la Licitación Privada N° 69, Tercer Llamado, realizada el día 15 de agosto del año 2024, a las 10:00 hs., referente a la adquisición de “ BATERIAS ”, según las características determinadas en la Solicitud de Pedido N° 3- 207-173/2024. ...",2024-09-25,2026-09-01,2026-09-01
sibom,https://sibom.slyt.gba.gob.ar/bulletins/11218/contents/2102444,La Plata,Decreto Nº0836/24 en el boletín 1253º de La Plata,,20/09/2024,,,objetivo,no,"neumatico,neumaticos,protector de neumaticos",https://sibom.slyt.gba.gob.ar/bulletins/11218/contents/2102444,"Que la Secretaría de Seguridad solicita la adquisición de “ neumático 185/70 R 14 88T F-700 (40 unidades), neumático 235/70 R 16 1095 DESTINATION A/T O SIMILAR (12 unidades), neumático 80/90-21 R34 ... […] T58 (incluye cubierta y cámara) - (37 unidades) y neumático para auto 110/80 - 18 R34 XTZ (incluye cubierta y cámara) - (37 unidades), mediante solicitud de pedido N° 522/2024, obrante a fojas 9 ... […] ; Asimismo, la Secretaría Administrativa solicita la adquisición de “ neumático 165/70 R 13 797 PC50 MARCA PACE O SIMILAR (24 unidades), neumático 175/65 R 14 827 F-600 MARCA FIRESTONE O SIMI",2024-09-20,2026-09-01,2026-09-01
sibom,https://sibom.slyt.gba.gob.ar/bulletins/11352/contents/2109526,Moreno,Ordenanza Nº7212/24 en el boletín 290º de Moreno,,20/09/2024,,,objetivo,no,camara de aire,https://sibom.slyt.gba.gob.ar/bulletins/11352/contents/2109526,"VISTO los Exptes. H.C.D. N° 35.853/2024 y el Expte. D.E. N° 260963-S-2024, sobre aceptación de donación de dos (2) cámaras Sony a6100 ILCE y dos (2) cámaras Canon EOS REBELT-7 1855 IS ... […] con sus respectivos lentes; y CONSIDERANDO que la firma Fe-Net Redes Inalámbricas S.R.L., representada en este acto por el Sr. Luis Alejandro Ibarra Socio Gerente, ha donado dos Cámaras Marca Sony A6100 ILCE y dos ... […] Cámaras Marca Canon EOS RebelT-7 1855 IS con sus respectivos lentes, a la Subsecretaría de Sistemas y Comunicaciones, dependiente de la Secretaría de Comunicación. QUE la Subsecretaría d",2024-09-20,2026-09-01,2026-09-01
sibom,https://sibom.slyt.gba.gob.ar/bulletins/11287/contents/2107407,Mercedes,Decreto Nº1529/2024 en el boletín 82º de Mercedes,,16/09/2024,,adjudicada,volumen_alto,no,"cubierta,cubiertas",https://sibom.slyt.gba.gob.ar/bulletins/11287/contents/2107407,"(cuarenta) cubiertas tipo 255/70R16 para stock y mantenimiento de vehículos dependientes de dicha área, en el marco del Concurso de Precios n° 53/2024. Que, habiéndose previsto como fecha de apertura de sobres ... […] Lo actuado en Expediente Administrativo Nº 5631/2024, caratulado “Concurso de Precios n° 53/2024 s/ la adquisición de cubiertas ”, y; ... […] centavos), la compra de cubiertas , según lo especificado en el pliego de bases y condiciones, específicamente ...",2024-09-16,2026-09-01,2026-09-01
sibom,https://sibom.slyt.gba.gob.ar/bulletins/11258/contents/2102078,Bahia Blanca,Resolución Nº286 en el boletín 352º de Bahia Blanca,,03/09/2024,,,volumen_alto,no,"llanta,llantas",https://sibom.slyt.gba.gob.ar/bulletins/11258/contents/2102078,", cuando se mete mi rueda delantera derecha a una alcantarilla de la calzada, la cual daba la sensación de tener la tapa más adentro de lo normal ya que el auto dio un golpe en seco generándose una rajadura en la cubierta, una abolladura a la llanta ...",2024-09-03,2026-09-01,2026-09-01
sibom,https://sibom.slyt.gba.gob.ar/bulletins/11248/contents/2101376,Coronel Pringles,Decreto Nº1087/24 en el boletín 214º de Coronel Pringles,,02/09/2024,,,volumen_alto,no,"cubierta,cubiertas",https://sibom.slyt.gba.gob.ar/bulletins/11248/contents/2101376,"Que mediante Dto. Nº 0979/24 se llamó a Concurso de Precios N° 26/24 para la “Compra de Cubiertas para Vialidad Municipal”, con un Presupuesto Oficial de $17.551.810,00 destinada realizar la compra ... […] de cubiertas para maquinarias pesadas, camiones y camionetas, fijando el día 03 de julio de 2024 la apertura de propuestas, a las 10:00 horas Oficina de Compras y Suministros de la Municipalidad; Que se presentaron ... […] y el Jefe de Compras, Sr. Sofía Matías, deciden adjudicar parcialmente el Concurso de Precios N° 26/24 para la “Compra de Cubiertas para Vialidad Municipal” de la siguient",2024-09-02,2026-09-01,2026-09-01
sibom,https://sibom.slyt.gba.gob.ar/bulletins/11248/contents/2101414,Coronel Pringles,Decreto Nº1091/24 en el boletín 214º de Coronel Pringles,,02/09/2024,,,volumen_alto,no,gomeria,https://sibom.slyt.gba.gob.ar/bulletins/11248/contents/2101414,"Que a fs. 1 solicita la baja de dicho comercio a partir del 03/06/24; Que a fs. 3 luce informe del área de Recaudación, manifestando que el requirente no adeuda importe alguno ... […] el Expediente 1.520/24, mediante el cual la Sra. ZOCCHI NOELÍA comunica el cese de actividades del comercio habilitado en el rubro “ GOMERÍA ” , propiedad del Sr. Hugo Emilio Zocchi, fallecido el día 29/06/24, ubicado en BELGRANO (48) N° 294 de esta localidad; y ... […] en el rubro “ GOMERÍA ” , ubicado en la calle BELGRANO (48) N° 294 de esta localidad , propiedad del Sr. ZOCCHI HUGO EMILIO, fallecido el día 29/",2024-09-02,2026-09-01,2026-09-01
sibom,https://sibom.slyt.gba.gob.ar/bulletins/11224/contents/2098812,Coronel Dorrego,Decreto Nº1417/2024 en el boletín 141º de Coronel Dorrego,,02/09/2024,,adjudicada,volumen_alto,no,"bateria,baterias",https://sibom.slyt.gba.gob.ar/bulletins/11224/contents/2098812,".A. 1 Monitor uso hospitalario – tipo multiparamétrico idioma español – modo adulto, pediátrico y neonatológico –con batería de litio autonomía de 5 hs. – fusión de análisis variabilidad del ritmo cardíaco ... […] y neonatológico con batería de litio 5 hs de autonomía con modulo de capnografía para este tipo de monitor ... […] El Concurso de Precios N° 53/2024 formalizado en el día de la fecha, a fin de proceder a realizar la adquisición de dos Monitores tipo Multiparamétrico para el Centro de Emergencias del Hospital Municipal de Coronel Dorrego ...",2024-09-02,2026-09-01,2026-09-01
sibom,https://sibom.slyt.gba.gob.ar/bulletins/11119/contents/2096741,Bragado,Decreto Nº884 en el boletín 146º de Bragado,,28/08/2024,,,volumen_alto,no,camara de aire,https://sibom.slyt.gba.gob.ar/bulletins/11119/contents/2096741,"VISTO: Que es necesario proceder al llamado a Licitación Privada Nº 25/2024 referente a la adquisición de tres (3) camionetas usadas en buen estado, motor diésel con aire y dirección hidráulica para ser utilizadas en diferentes áreas de la municipalidad de Bragado; y, ... […] VISTO: Que es necesario proceder al llamado a Licitación Privada Nº 25/2024 referente a la adquisición de tres (3) camionetas usadas en buen estado, motor diésel con aire y dirección hidráulica para ser utilizadas en diferentes áreas de la municipalidad de Bragado; y, ... […] ARTICULO 1º: LLAMAR a Licitación Privada Nº 25",2024-08-28,2026-09-01,2026-09-01
sibom,https://sibom.slyt.gba.gob.ar/bulletins/11051/contents/2092898,Mercedes,Decreto Nº1312/2024 en el boletín 81º de Mercedes,,26/08/2024,,,volumen_alto,no,"cubierta,cubiertas",https://sibom.slyt.gba.gob.ar/bulletins/11051/contents/2092898,"el cual se otorga a la Municipalidad de Mercedes la financiación para la ejecución de la obra ""IMPERMEABILIZACION DE CUBIERTA DE EDIFICIO PROYECTO FABRICA DE IDEAS (EX – DUPONT ... […] La ejecución de la obra ""IMPERMEABILIZACION DE CUBIERTA DE EDIFICIO PROYECTO FABRICA DE IDEAS (EX – DUPONT).” y ... […] Artículo 1º.- Extiéndase el plazo de finalización de la obra en ejecución ""IMPERMEABILIZACION DE CUBIERTA DE EDIFICIO PROYECTO FABRICA DE IDEAS (EX – DUPONT)” al de 31 de julio de 2024. Artículo 2º.- Cúmplase, regístrese y archívese ...",2024-08-26,2026-09-01,2026-09-01
sibom,https://sibom.slyt.gba.gob.ar/bulletins/11130/contents/2092745,Coronel Suárez,Decreto Nº1629/2024 en el boletín 141º de Coronel Suárez,,26/08/2024,,,volumen_alto,no,"camara de aire,llanta,llantas",https://sibom.slyt.gba.gob.ar/bulletins/11130/contents/2092745,"Que es necesaria su adquisición, a través de un Concurso de Precios, según lo establece la Ley Orgánica Municipal ... […] la necesidad de adquirir Neumáticos para vehículos el Corralón Municipal de Huanguelén, dependiente de Secretaría de Servicios Públicos ... […] ) - - - - - Cubiertas y Cámara de aire y ocho (08) Llantas p/Automotor y Equipo Vial para Corralón Municipal de Huanguelén, dependiente de Secretaría de Servicios Públicos, costo total estimado $ 6.880 ...",2024-08-26,2026-09-01,2026-09-01
sibom,https://sibom.slyt.gba.gob.ar/bulletins/11130/contents/2095794,Coronel Suárez,Decreto Nº1775/2024 en el boletín 141º de Coronel Suárez,,26/08/2024,,,volumen_alto,no,"camara de aire,llanta,llantas",https://sibom.slyt.gba.gob.ar/bulletins/11130/contents/2095794,"Que conforme Acta de Apertura de fecha 12 de julio 2024, surge que en el mismo cotizó una Firma: BEMEC TIRES TRADING SA, efectuándose el correspondiente análisis, según consta en la documentación adjunta ... […] el Concurso de Precios nº 119/2024 realizado en el Expediente de referencia, para la adquisición de NEUMATICOS para el Corralón Municipal de Huanguelen, dependiente de Secretaría de Servicios Públicos ... […] ART.1º : Adjudícase el Concurso de Precios nº 119/2024 para la adquisición de - - - - - (08) CUBIERTAS Y CAMARAS de Aire y (08) LLANTAS P/Automotor y Equipo Vial del Corralón Muni",2024-08-26,2026-09-01,2026-09-01
sibom,https://sibom.slyt.gba.gob.ar/bulletins/10891/contents/2098132,Coronel Dorrego,Decreto Nº1382/2024 en el boletín 140º de Coronel Dorrego,,26/08/2024,,,volumen_alto,no,"bateria,baterias",https://sibom.slyt.gba.gob.ar/bulletins/10891/contents/2098132,"Que el Jefe de Compras ha manifestado la necesidad de llevar a cabo la adquisición de monitores para uso en el Centro de Emergencias del Hospital Municipal ... […] : 1 Monitor uso hospitalario – tipo multiparametrico idioma español – modo adulto, pediátrico y neonatologico –con batería de litio autonomía de 5 hs. – fusión de análisis variabilidad del ritmo cardiaco ... […] .- 1 Monitor uso hospitalario- tipo monitor multiparametrico idioma español- modo adulto, pediátrico y neonato lógico con batería de litio 5 hs de autonomía con modulo de capnografía para este tipo de monitor ...",2024-08-26,2026-09-01,2026-09-01
sibom,https://sibom.slyt.gba.gob.ar/bulletins/11155/contents/2096392,Coronel Pringles,Decreto Nº0979/24 en el boletín 212º de Coronel Pringles,,23/08/2024,,,volumen_alto,no,"cubierta,cubiertas,recapado",https://sibom.slyt.gba.gob.ar/bulletins/11155/contents/2096392,"Que mediante el mismo solicita autorización para realizar la compra de cubiertas para maquinarias pesadas, camiones y camionetas: 2 (dos) cubiertas de motoniveladora 13.00-24 ... […] – 14.00-24 – 33.25-29 6 (seis) cubiertas camión lisa 295/80/22.5 6 (seis) cubiertas camión lisa 275/80/22.5 6 (seis) cubiertas camión ... […] radial 275/80/22.5 - 4 (cuatro) cubiertas camioneta 185/65/14 - 275/80/22.5 y 295/80/22.5 Con índice de carga entre 149 ...",2024-08-23,2026-09-01,2026-09-01
sibom,https://sibom.slyt.gba.gob.ar/bulletins/11173/contents/2095619,Tapalqué,Decreto Nº0311 en el boletín 96º de Tapalqué,,20/08/2024,,adjudicada,volumen_alto,no,"cubierta,cubiertas",https://sibom.slyt.gba.gob.ar/bulletins/11173/contents/2095619,"VISTO : El llamado a licitación privada N° 4 para la adquisición de cubiertas para parque vial del corralón y planta de tratamiento RSU, primera etapa, que se tramita mediante expediente N° 4111-055/24, para el día 17 ... […] ARTÍCULO 1°: Adjudicase la Licitación privada N° 4 para la adquisición de cubiertas para parque vial del corralón y planta de tratamiento RSU, primera etapa, que se tramita mediante expediente N ... […] 10 CUBIERTA P ...",2024-08-20,2026-09-01,2026-09-01
sibom,https://sibom.slyt.gba.gob.ar/bulletins/11173/contents/2095542,Tapalqué,Decreto Nº0292 en el boletín 96º de Tapalqué,,20/08/2024,,adjudicada,volumen_alto,no,camara de aire,https://sibom.slyt.gba.gob.ar/bulletins/11173/contents/2095542,"VISTO : El llamado a concurso de precios N° 26 para la adquisición de “Sistema de aire acondicionado y demás artículos para combi eléctrica”, que se tramita mediante Expte N° 4111-060/24 para el día 8 de mayo de 2024 ... […] ARTÍCULO 1°: Adjudicase el Concurso de Precios N° 26 para la adquisición de “Sistema de aire acondicionado y demás artículos para combi eléctrica ... […] REPUESTO P/ AIRE ACONDICIONADO – SISTEMA AIRE ACOND., RADIADOR, MANGUERAS, MATERIALES ELÉCTRICOS Y SOFTWARE ...",2024-08-20,2026-09-01,2026-09-01
sibom,https://sibom.slyt.gba.gob.ar/bulletins/11150/contents/2095654,Tandil,Decreto Nº2534/2024 en el boletín 247º de Tandil,,19/08/2024,,adjudicada,volumen_alto,no,"neumatico,neumaticos,protector de neumaticos",https://sibom.slyt.gba.gob.ar/bulletins/11150/contents/2095654,", cotizando cinco (5) de los proveedores invitados, Tienda Techno S.A.S.,Trackmar S.A.C.I., Eligom S.A., Jelpamar S.A. y Larocca Neumáticos S.A. Que evaluadas las ofertas presentadas, la Dirección de Compras y Suministros ... […] mediante PV-2024-00196812- MUNITAN-DCS#SEA, sugiere la adjudicación a las firmas Tienda Techno S.A.S., por el monto de $5.520.000,00 y a la firma Larocca Neumáticos S.A., en la suma de $13.424.342,00, que resulta ser superior en un 0,14 ... […] El Concurso de Precios Nº 96-03-24 “Adquisición de neumáticos para carga y transporte – Vialidad/Servicios”, con un Presupues",2024-08-19,2026-09-01,2026-09-01
sibom,https://sibom.slyt.gba.gob.ar/bulletins/10966/contents/2085545,Brandsen,Decreto Nº1198 en el boletín 209º de Brandsen,,02/08/2024,,,objetivo,no,gomeria,https://sibom.slyt.gba.gob.ar/bulletins/10966/contents/2085545,"Ordenanza de Habilitaciones en Categoría 2 (DOS) por tratarse del rubro “ GOMERIA ” habiendo cumplido con los requisitos solicitados por la normativa vigente. Gírese las presentes actuaciones a la Dirección de Despacho y Digesto de la Municipalidad de Brandsen ... […] 27.824.720 solicita una habilitación transitoria de comercio bajo el rubro “ GOMERIA ”, en el inmueble ubicado en calle Larrea Nº 1776, de la ciudad de Brandsen, identificado catastralmente como: Circ. I – Sección B – MZ 74 – Parcela 4 y, correspondiente a la Partida Nº 22517, y; ... […] ARTICULO 1º.- Otorgase a De Franco Ruben R",2024-08-02,2026-09-01,2026-09-01
sibom,https://sibom.slyt.gba.gob.ar/bulletins/11008/contents/2084027,Bahia Blanca,Resolución Nº945 en el boletín 343º de Bahia Blanca,,29/07/2024,,,volumen_alto,no,gomeria,https://sibom.slyt.gba.gob.ar/bulletins/11008/contents/2084027,"de GOMERÍA , en el domicilio de la calle RÍO NEGRO Nº 602 de la Localidad de Bahía Blanca, y; CONSIDERANDO Que la solicitud de Habilitación ha sido interpuesta con fecha 13 de Septiembre del 2005, conforme ... […] GOMERÍA , en el domicilio de la calle RÍO NEGRO Nº 602 de la ciudad de Bahía Blanca. ARTICULO 2º)- Expídase Certificado de Habilitación Nº 335/2024 a nombre de BROOKES GUSTAVO NORBERTO HERNAN, Contribuyente ...",2024-07-29,2026-09-01,2026-09-01
sibom,https://sibom.slyt.gba.gob.ar/bulletins/11008/contents/2083510,Bahia Blanca,Resolución Nº233 en el boletín 343º de Bahia Blanca,,29/07/2024,,,volumen_alto,no,"llanta,llantas",https://sibom.slyt.gba.gob.ar/bulletins/11008/contents/2083510,", distanciándome de ellos, me aparto hacia la banquina y al ca B o de unos metros me sorprende un salto del coche, a raíz de lo cual se malogra el tren delantero, las dos cubiertas, llantas y amortiguación trasera ...",2024-07-29,2026-09-01,2026-09-01
sibom,https://sibom.slyt.gba.gob.ar/bulletins/10838/contents/2071046,Saladillo,Decreto Nº1036/2024 en el boletín 105º de Saladillo,,26/07/2024,,,volumen_alto,no,gomeria,https://sibom.slyt.gba.gob.ar/bulletins/10838/contents/2071046,"; La firma Cetaro Cecilia Nora, cotiza el ítem 2 por la suma de $ 6.734.000,00; La firma Nueva Gomería Palermo S.R.L., cotiza el ítem 2 por la suma de $ 6.521.554,00 ... […] , por lo que aconseja adjudicar dicho ítem a la firma Nueva Gomería Palermo S.R.L., ya que ésta cumple con todas las especificaciones técnica solicitadas, y es de monto inferior en relación al resto de los oferentes ... […] municipal, esto es, el ítem 1 a la firma Atarusis S.A., y el ítem 2 a la firma Nueva Gomería Palermo S.R.L., siempre considerándose que resultan ser las más convenientes a los intereses municipales ...",2024-07-26,2026-09-01,2026-09-01
sibom,https://sibom.slyt.gba.gob.ar/bulletins/10838/contents/2084610,Saladillo,Decreto Nº1074/2024 en el boletín 105º de Saladillo,,26/07/2024,,adjudicada,volumen_alto,no,gomeria,https://sibom.slyt.gba.gob.ar/bulletins/10838/contents/2084610,", 2, 4, 5, 6, 7, 8, 9, 11, 12, 13, y 14 por la suma total de $ 15.872.000,00; La firma Nuevas Gomerías Palermo S.R.L., cotiza los ítems 1, 2, 3, 5, 6, 8, 9, 10, 11, 12, 13, y 14 por la suma total de $ 12.622.768 ... […] , mientras que Nueva Gomería Palermo, lo hace en los ítems 2, 3, 8, 9, 10, 12, y 14; cumplimentando ambas firmas con la calidad y características señaladas en el Pliego ... […] , y 14 a la firma Nueva Gomería Palermo S.R.L.; QUE, cabe destacar, que con respecto a los ítems 4, 7, y 10, al tratarse de oferta única, su adjudicación debe aprobarse ...",2024-07-26,2026-09-01,2026-09-01
sibom,https://sibom.slyt.gba.gob.ar/bulletins/11001/contents/2085006,General Villegas,Ordenanza Nº6575/24 en el boletín 158º de General Villegas,,26/07/2024,,,volumen_alto,no,camara de aire,https://sibom.slyt.gba.gob.ar/bulletins/11001/contents/2085006,"Públicos de Emilio V. Bunge Ltda., ofreciendo en donación siete (7) cámaras para cubrir los accesos a la localidad y puntos neurálgicos; y CONSIDERANDO ... […] 4J070DCPAJ01D36 Cámara Fija (Camino de Luan y vías ... […] 20140508 Cámara Fija (Camino de Luan y San Genaro ...",2024-07-26,2026-09-01,2026-09-01
sibom,https://sibom.slyt.gba.gob.ar/bulletins/10987/contents/2082714,Campana,Decreto Nº526/24 en el boletín 351º de Campana,,23/07/2024,,,objetivo,no,"llanta,llantas",https://sibom.slyt.gba.gob.ar/bulletins/10987/contents/2082714,", PLANCHADA BASCULANTE DE 4X1.90 MTS CAPACIDAD DE CARGA 5 TN, SISTEMA BALANCIN – LLANTAS 650X16 Y CUBIERTAS, CON RUEDA DE AUXILIO en el marco de lo normado por el art. 156º inc.) 10 del Decreto – Ley Nº 6769/58 (Ley Orgánica ... […] El Decreto-Ley Nº 6769/58 (Ley Orgánica de las Municipalidades) (t.v.), el Reglamento de Contabilidad y Disposiciones de Administración para las Municipalidades de la Provincia de Buenos Aires, la Ordenanza Nº 6613 promulgada por el Decreto Nº 537 ... […] Expediente Municipal N° 4016-6791-2024 “Adquisición de Tráiler ...",2024-07-23,2026-09-01,2026-09-01
sibom,https://sibom.slyt.gba.gob.ar/bulletins/10933/contents/2079463,Chacabuco,Ordenanza Nº10105 en el boletín 82º de Chacabuco,,19/07/2024,,,volumen_alto,no,"llanta,llantas",https://sibom.slyt.gba.gob.ar/bulletins/10933/contents/2079463,".- -Que, consta de tres actos, con tres escenas cada uno cuya dinámica va del drama a la comedia, con una organización que depende de los lugares a los que va la mente del personaje, entre el llanto , la bronca y la risa ... […] ARTÍCULO 1º: Declárese de interés Legislativo la obra “ Imposible escribir una línea completa ” que se llevara a cabo el sábado 11 de mayo ...",2024-07-19,2026-09-01,2026-09-01
sibom,https://sibom.slyt.gba.gob.ar/bulletins/10859/contents/2077277,Quilmes,Decreto Nº1861/2024 en el boletín 506º de Quilmes,,17/07/2024,,,objetivo,no,"bateria,baterias",https://sibom.slyt.gba.gob.ar/bulletins/10859/contents/2077277,": Expediente: 4091-11131-F-2013.­ Titular: Fernández, Guillermo Martín. - Rubro: Taller de reparación de frenos, afinación y carburación, dirección y, transmisión y venta de baterías ...",2024-07-17,2026-09-01,2026-09-01
sibom,https://sibom.slyt.gba.gob.ar/bulletins/10850/contents/2074814,Brandsen,Decreto Nº1006 en el boletín 208º de Brandsen,,15/07/2024,,,objetivo,no,"neumatico,neumaticos",https://sibom.slyt.gba.gob.ar/bulletins/10850/contents/2074814,"Que a fs. 21 obra nota de la Jefe de Contrataciones y Licitaciones mediante la cual informa que, habiéndose realizado la apertura del Concurso de Precios N°15/2024 y por la que no se ha recibido oferta alguna, en tal ... […] un llamado a Concurso de Precios Nº 15/2024, para la adquisición de seis (6) Neumáticos para carga y transporte- Neumaticos 14.00-24 16 PR TL W3DN 62/L2 MARCHER) destinadas a MOTONIVELADORA PAUNY N. INVENT 3215- afectada al mantenimiento de caminos rurales, y; ... […] ARTÍCULO 1º.- Declárese desierto el Concurso de Precios N° 15/2024, para la adquisición de seis (6) Neumát",2024-07-15,2026-09-01,2026-09-01
sibom,https://sibom.slyt.gba.gob.ar/bulletins/10902/contents/2074350,Coronel Suárez,Decreto Nº1366/2024 en el boletín 140º de Coronel Suárez,,11/07/2024,,,volumen_alto,no,"neumatico,neumaticos",https://sibom.slyt.gba.gob.ar/bulletins/10902/contents/2074350,"Que es necesaria su adquisición, a través de un Concurso de Precios, según lo establece la Ley Orgánica Municipal ... […] la necesidad de adquirir Neumáticos para distintos equipos de Gerencia Vial Rural, y – ... […] ) - - - - - Neumáticos p/Tractor y Eq Vial, de Gerencia Vial Rural, costo total estimado $ 7.200.000,00 (pesos siete millones doscientos mil) de acuerdo a lo expuesto en el considerando ...",2024-07-11,2026-09-01,2026-09-01
sibom,https://sibom.slyt.gba.gob.ar/bulletins/10885/contents/2073577,Bahia Blanca,Resolución Nº204 en el boletín 340º de Bahia Blanca,,05/07/2024,,,volumen_alto,no,"llanta,llantas",https://sibom.slyt.gba.gob.ar/bulletins/10885/contents/2073577,"constatar que la llanta se había doblado, y la goma tenía dos rajaduras… … Lo descripto demuestra una desidia total de parte de la municipalidad en cuanto a los servicios brindados ...",2024-07-05,2026-09-01,2026-09-01
sibom,https://sibom.slyt.gba.gob.ar/bulletins/10791/contents/2065817,Nueve de Julio,Licitación Nº20/2024 en el boletín 96º de Nueve de Julio,,03/07/2024,,,volumen_alto,no,"neumatico,neumaticos,protector de neumaticos",https://sibom.slyt.gba.gob.ar/bulletins/10791/contents/2065817,"Autorízase el llamado a licitación privada Nº 20 para la compra de Neumáticos para el área de la Secretaría de Obras y Servicios Públicos, y la Secretaría de Gobierno y Producción, a llevarse a cabo el 11 de junio de 2024 a las 10:00 horas. en la Subsecretaría de Contrataciones de esta Municipalidad. ...",2024-07-03,2026-09-01,2026-09-01
sibom,https://sibom.slyt.gba.gob.ar/bulletins/10791/contents/2065815,Nueve de Julio,Decreto Nº1004/2024 en el boletín 96º de Nueve de Julio,,03/07/2024,,,volumen_alto,no,"neumatico,neumaticos,protector de neumaticos",https://sibom.slyt.gba.gob.ar/bulletins/10791/contents/2065815,"Que corresponde dictar acto administrativo a efectos del llamado a Licitación Privada Nº 20, en el marco del Expediente Municipal 4082-270/2024 ... […] La comunicación NO-2024-00014722-MUNINUE-SSC#SAH. La solicitud de Decreto efectuada por la señora Sub Secretaria de Contrataciones ... […] LICITACIÓN PRIVADA N° 20 – COMPRA DE NEUMÁTICOS - LLAMADO. ...",2024-07-03,2026-09-01,2026-09-01
sibom,https://sibom.slyt.gba.gob.ar/bulletins/10791/contents/2069284,Nueve de Julio,Decreto Nº1046/2024 en el boletín 96º de Nueve de Julio,,03/07/2024,,adjudicada,volumen_alto,no,"neumatico,neumaticos",https://sibom.slyt.gba.gob.ar/bulletins/10791/contents/2069284,"Que corresponde dictar acto administrativo expreso, de conformidad a las constancias enunciadas ... […] La comunicación NO–2024-00015435-MUNINUE-SSC#SAH. El expediente Nº 4082-270/2024. La solicitud de la Secretaría de Gobierno y Producción y Secretaría de Obras y Servicios Públicos. Las invitaciones a cotizar ... […] LICITACIÓN PRIVADA N° 20 - NEUMÁTICOS - ADJUDICACIÓN. ...",2024-07-03,2026-09-01,2026-09-01
sibom,https://sibom.slyt.gba.gob.ar/bulletins/10828/contents/2070315,Bahia Blanca,Decreto Nº1622 en el boletín 339º de Bahia Blanca,,02/07/2024,,,volumen_alto,no,"bateria,baterias",https://sibom.slyt.gba.gob.ar/bulletins/10828/contents/2070315,"Visto las actuaciones originadas por la Subsecretaría de Ambiente, dependiente de la Agencia de Salud, Desarrollo Social, Ambiente y Hábitat, para la adquisición de una batería original para sonómetro - Conforme a la solicitud de pedido Nº ... […] KEES Y MAUVECIN S.R.L (Proveedor Nº 7.371) , la provisión de una batería original para sonómetro perteneciente a la Subsecretaría de Ambiente, por mejor oferta económica, que cumple con las especificaciones técnicas requeridas ...",2024-07-02,2026-09-01,2026-09-01
sibom,https://sibom.slyt.gba.gob.ar/bulletins/10788/contents/2068731,Coronel Suárez,Decreto Nº1161/2024 en el boletín 139º de Coronel Suárez,,28/06/2024,,,volumen_alto,no,"neumatico,neumaticos",https://sibom.slyt.gba.gob.ar/bulletins/10788/contents/2068731,"Que es necesaria su adquisición, a través de un Concurso de Precios, según lo establece la Ley Orgánica Municipal ... […] la necesidad de adquirir Neumáticos , para Gerencia Vial Rural, y – ... […] ) - - - - - NEUMÁTICOS para Retroexcavadora de Gerencia Vial Rural, costo total estimado $ 3.110.120,00 (pesos tres millones ciento diez mil ciento veinte) de acuerdo a lo expuesto ...",2024-06-28,2026-09-01,2026-09-01
sibom,https://sibom.slyt.gba.gob.ar/bulletins/10788/contents/2072118,Coronel Suárez,Decreto Nº1339/2024 en el boletín 139º de Coronel Suárez,,28/06/2024,,,volumen_alto,no,camara de aire,https://sibom.slyt.gba.gob.ar/bulletins/10788/contents/2072118,"Que el art. 119, de la LOM, faculta al Departamento Ejecutivo a realizar transferencias de créditos; Que este Departamento Ejecutivo considera necesario realizar ciertas adecuaciones presupuestarias ... […] la Ordenanza Nº 8206, a través de la cual se sanciona el Cálculo de Recursos y Presupuesto de Gastos para el Ejercicio 2024 ... […] Cubiertas y cámaras de aire 1110101000 ...",2024-06-28,2026-09-01,2026-09-01
sibom,https://sibom.slyt.gba.gob.ar/bulletins/10769/contents/2064641,Mercedes,Decreto Nº663/2024 en el boletín 79º de Mercedes,,13/06/2024,,,volumen_alto,no,"cubierta,cubiertas",https://sibom.slyt.gba.gob.ar/bulletins/10769/contents/2064641,") cubiertas tipo 135/75 17,5 lisas para recambio de minibus, en el marco del Concurso de Precios n° 25/2024. Que, habiéndose previsto como fecha de apertura de sobres del llamado el día 02/05/2024, se han presentado ... […] en se encuentran por debajo del costo estimado por la Municipalidad, resultando ser conveniente para los intereses municipales, habida cuenta del presupuesto oficial obrante a fs. 6. Que, respecto al tipo de cubierta ... […] de Neumáticos Verona, como la de Testa Alfredo Abel cumplen con las especificaciones correctas del tipo y modelo de cubiertas necesarias para el recamb",2024-06-13,2026-09-01,2026-09-01
sibom,https://sibom.slyt.gba.gob.ar/bulletins/10754/contents/2064657,Zárate,Decreto Nº430/24 en el boletín 11º de Zárate,,13/06/2024,,,objetivo,no,protector de neumaticos,https://sibom.slyt.gba.gob.ar/bulletins/10754/contents/2064657,"Que, mediante la Ordenanza Nº 5129, citada en el Visto, el Honorable Concejo Deliberante del Partido de Zárate, exceptúa a la SOCIEDAD PROTECTORA DE ANIMALES DE ZARATE, del pago del 5 % del Fondo Benéfico de Rifas; ... […] La Ordenanza Nº 5129, sancionada por el Honorable Concejo Deliberante del Partido de Zárate, en fecha 28/05/2024 ... […] SE EXCEPTUA A LA SOCIEDAD PROTECTORA DE ANIMALES DE ZARATE DEL PAGO DEL 5% DEL FONDO BENEFICO DE RIFAS ...",2024-06-13,2026-09-01,2026-09-01
sibom,https://sibom.slyt.gba.gob.ar/bulletins/10765/contents/2064799,General San Martín,Decreto Nº0334/24 en el boletín 1948º de General San Martín,,12/06/2024,,,objetivo,no,"cubierta,cubiertas",https://sibom.slyt.gba.gob.ar/bulletins/10765/contents/2064799,"Aprobando Licitación Privada Nº 67/24, CUBIERTAS .- ...",2024-06-12,2026-09-01,2026-09-01
sibom,https://sibom.slyt.gba.gob.ar/bulletins/10759/contents/2066548,Brandsen,Decreto Nº0916 en el boletín 207º de Brandsen,,11/06/2024,,,objetivo,no,"neumatico,neumaticos",https://sibom.slyt.gba.gob.ar/bulletins/10759/contents/2066548,": Vienen las presentes actuaciones a esta Sub-Dirección de Asuntos Legales a fin de emitir opinión sobre el CONCURSO DE PRECIOS Nº15/2024 sobre Adquisición de neumáticos destinados a motoniveladoras Pauny Nº inventario 3215 ... […] el expediente Nº 4015-35444/24, por el cual la Secretaria de Obras Publicas gestiona un llamado a Concurso de Precios Nº 15/2024 para la adquisición de seis (6) Neumaticos para carga y transporte- Neumaticos 14.00-24 16 PR TL W3DN 62/L2 MARCHER) destinadas a MOTONIVELADORA PAUNY N. INVENT 3215- afectada al mantenimiento de caminos rurales, y; ... […] ARTÍCULO 1º.- A",2024-06-11,2026-09-01,2026-09-01
sibom,https://sibom.slyt.gba.gob.ar/bulletins/10633/contents/2054352,Coronel Rosales,Decreto Nº115/2024 en el boletín 39º de Coronel Rosales,,10/06/2024,,,volumen_alto,no,camara de aire,https://sibom.slyt.gba.gob.ar/bulletins/10633/contents/2054352,"Que atento al establecido en el Art. 119º último párrafo de la Ley Orgánica de las Municipalidades y el Art. 24° del Decreto 2980/00, el Departamento Ejecutivo podrá practicar directamente la ampliación y creaciones de partidas que se financien ... […] La necesidad de adecuar el Cálculo de Recursos y Presupuesto de Gastos 2024 en función de los fondos recibidos por el Ministerio de Ambiente de la Provincia de Buenos Aires, un subsidio de Emergencia para atender las consecuencias provocadas ... […] TREINTA MILLONES ($30.000.000,00) JURISDICCION 1110121000- Secretaria de Desarrollo Económico Sus",2024-06-10,2026-09-01,2026-09-01
sibom,https://sibom.slyt.gba.gob.ar/bulletins/10711/contents/2060135,Bahia Blanca,Decreto Nº1353 en el boletín 336º de Bahia Blanca,,03/06/2024,,,volumen_alto,no,"cubierta,cubiertas",https://sibom.slyt.gba.gob.ar/bulletins/10711/contents/2060135,"y Nº 18 por las cuales se acordaron las obras “Reparación de cubierta y cielorraso en E.P. Nº 22”, “Reparación de cubierta en E.P. Nº 38”, “Reparación de cubierta y cielorraso en E.P. Nº 37 y E.S. Nº 37” y “Reparación de cubierta en E.P. Nº 76 ... […] Públicos 22.5.01.67 R.A. (132) Reparación de cubierta y cielorraso E.P. Nº 22 - Acta Complementaria Nª 15. $ 11.843.225,05.- Fuente de Financiamiento 132 Jurisdicción ... […] 1110105000 Secretaria de Obras y Servicios Públicos 22.5.01.68 R.A. (132) Reparación de cubierta E.P. Nº38 - Acta Complementaria Nª 16 . $ 23.200.000,00. Fuente de Financiam",2024-06-03,2026-09-01,2026-09-01
sibom,https://sibom.slyt.gba.gob.ar/bulletins/10725/contents/2061444,General San Martín,Decreto Nº0205/24 en el boletín 1947º de General San Martín,,03/06/2024,,,objetivo,no,camara de aire,https://sibom.slyt.gba.gob.ar/bulletins/10725/contents/2061444,"Aprobando Licitación Privada Nº 40/24, PROVISION Y COLOCACION DE AIRE ACONDICIONADO.- ...",2024-06-03,2026-09-01,2026-09-01
sibom,https://sibom.slyt.gba.gob.ar/bulletins/10711/contents/2060802,Bahia Blanca,Decreto Nº1363 en el boletín 336º de Bahia Blanca,,03/06/2024,,,volumen_alto,no,camara de aire,https://sibom.slyt.gba.gob.ar/bulletins/10711/contents/2060802,"Que mediante sus líneas de acción, destinadas a erradicar las letrinas y poner fin a la defecación al aire libre mediante la mejora de los baños en viviendas deficitarias y la capacitación de equipos técnicos territoriales para el diseño y ejecución ... […] a partir de la construcción y/o remodelación de sus núcleos sanitarios, con las políticas y los programas de infraestructura social básica y mejoramiento del hábitat, los cuales incluyen la construcción de los desagües cloacales, pozos y cámaras ... […] progresiva, las letrinas a partir de la asistencia para la construcción de núcleos húmed",2024-06-03,2026-09-01,2026-09-01
sibom,https://sibom.slyt.gba.gob.ar/bulletins/10558/contents/2051392,Coronel Dorrego,Decreto Nº0635/2024 en el boletín 138º de Coronel Dorrego,,31/05/2024,,,volumen_alto,no,"cubierta,cubiertas",https://sibom.slyt.gba.gob.ar/bulletins/10558/contents/2051392,"Que el Jefe de Compras ha manifestado la necesidad de proceder a la adquisición de cubiertas para la Dirección de Servicios; ... […] de proceder a la adquisición de cubiertas para la Dirección de Servicios, dichas cubiertas son: 8 cubiertas lisas 275/80/22.5 para los camiones 552/553/427 4 ... […] cubiertas lisas 185/65/14 para la camioneta 644 2 cubiertas lisas 235/75/15 para la camioneta 545 4 cubiertas lisas 305/70/16.5 para la Pala 447 ...",2024-05-31,2026-09-01,2026-09-01
sibom,https://sibom.slyt.gba.gob.ar/bulletins/10558/contents/2051409,Coronel Dorrego,Decreto Nº0639/2024 en el boletín 138º de Coronel Dorrego,,31/05/2024,,adjudicada,volumen_alto,no,"cubierta,cubiertas",https://sibom.slyt.gba.gob.ar/bulletins/10558/contents/2051409,"CUBIERTAS ... […] .- $4.032.000,00.- 4 CUBIERTAS LISAS 185/65/14 ... […] .- 2 CUBIERTAS LISAS 235/75/15 ...",2024-05-31,2026-09-01,2026-09-01
sibom,https://sibom.slyt.gba.gob.ar/bulletins/10626/contents/2056487,Bragado,Decreto Nº474 en el boletín 142º de Bragado,,31/05/2024,,,volumen_alto,no,"cubierta,cubiertas",https://sibom.slyt.gba.gob.ar/bulletins/10626/contents/2056487,"CONSIDERANDO: Que, de acuerdo al informe elevado por la Secretaría de Gobierno, es preciso proceder al dictado del acto administrativo pertinente; por ello ... […] VISTO: Que es necesario proceder al llamado a Licitación Privada Nº 13/2024 referente a la adquisición de 48 cubiertas 255/70/R16 y 8 cubiertas 225/70/R17 para ser utilizadas en 13 móviles policiales de la ciudad de Bragado; y, ... […] ARTICULO 1º: LLAMAR a Licitación Privada Nº 13/2024 referente a la adquisición de 48 cubiertas 255/70/R16 y 8 cubiertas 225/70/R17 para ser utilizadas en 13 móviles policiales de la ciudad de Bragado ",2024-05-31,2026-09-01,2026-09-01
sibom,https://sibom.slyt.gba.gob.ar/bulletins/10626/contents/2060776,Bragado,Decreto Nº549 en el boletín 142º de Bragado,,31/05/2024,,,volumen_alto,no,"cubierta,cubiertas",https://sibom.slyt.gba.gob.ar/bulletins/10626/contents/2060776,"CONSIDERANDO: Los informes de la Secretaría de Gobierno, la Subsecretaría Legal y Técnica y la Dirección de Compras que concuerdan en aceptar las ofertas presentadas por los oferentes “DESTEFANO NORA E.” y “ALBICI ... […] VISTO: El llamado a Licitación Privada Nº 13/2024 para la adquisición de 48 cubiertas 255/70/R16 y 8 cubiertas 225/70/R17 para ser utilizadas en 13 móviles policiales de la ciudad de Bragado; y, ... […] ARTICULO 1º. - ADJUDICAR la Licitación Privada Nº 13/2024 referida a la adquisición de 48 cubiertas 255/70/R16 y 8 cubiertas 225/70/R17 para ser utilizadas en 13 móviles polic",2024-05-31,2026-09-01,2026-09-01
sibom,https://sibom.slyt.gba.gob.ar/bulletins/10592/contents/2062586,Coronel Suárez,Ordenanza Nº8157/2024 en el boletín 138º de Coronel Suárez,,31/05/2024,,,volumen_alto,no,"llanta,llantas",https://sibom.slyt.gba.gob.ar/bulletins/10592/contents/2062586,"Destalonadora – desmontador de llantas ducc11010 29122 $ 44.075,70 ...",2024-05-31,2026-09-01,2026-09-01
sibom,https://sibom.slyt.gba.gob.ar/bulletins/10592/contents/2050323,Coronel Suárez,Decreto Nº752/2024 en el boletín 138º de Coronel Suárez,,31/05/2024,,,volumen_alto,no,camara de aire,https://sibom.slyt.gba.gob.ar/bulletins/10592/contents/2050323,"Que es necesaria su adquisición, a través de un Concurso de Precios, según lo establece la Ley Orgánica Municipal ... […] la necesidad de adquirir Cubiertas y Cámaras de Aire para Camión Desobstructor de la Planta Depuradora de Coronel Suárez, dependiente de Secretaría de Obras Públicas, y – ... […] ) - - - - - CUBIERTAS y CAMARAS DE AIRE para Camión Desobstructor de la Planta Depuradora de Coronel Suárez, dependiente de Secretaría de Obras ...",2024-05-31,2026-09-01,2026-09-01
sibom,https://sibom.slyt.gba.gob.ar/bulletins/10592/contents/2053481,Coronel Suárez,Decreto Nº793/2024 en el boletín 138º de Coronel Suárez,,31/05/2024,,,volumen_alto,no,camara de aire,https://sibom.slyt.gba.gob.ar/bulletins/10592/contents/2053481,"Que en el mismo cotizaron cuatro firmas, efectuándose la correspondiente compulsa, según consta en la documentación adjunta al presente ... […] el Concurso de Precios nº 50/2024 realizado en el Expediente de referencia, para la adquisición de Cubiertas y Cámaras de Aire , para Ambulancia y Auto de Salud, solicitado por la Dirección del Hospital Municipal “Lucero del Alba” de Huanguelen, y- ... […] ART.1º : Adjudícase el Concurso de Precios nº 50/2024, para la adquisición de - - - - - Cubiertas y Cámaras de Aire , para Ambulancia y Auto de Salud, solicitado por la Dirección del Hospital Municip",2024-05-31,2026-09-01,2026-09-01
sibom,https://sibom.slyt.gba.gob.ar/bulletins/10592/contents/2053983,Coronel Suárez,Decreto Nº810/2024 en el boletín 138º de Coronel Suárez,,31/05/2024,,,volumen_alto,no,camara de aire,https://sibom.slyt.gba.gob.ar/bulletins/10592/contents/2053983,"Que conforme Acta de Apertura de fecha 09 de abril 2024, surge que en el mismo cotizó una Firma: GRUPO ALAUX SA, efectuándose el correspondiente análisis, según consta en la documentación adjunta al presente ... […] el Concurso de Precios nº 56/2024 realizado en el Expediente de referencia, para la adquisición de Cubiertas y Cámaras de Aire , para camión desobstructor de la Planta Depuradora de Coronel Suárez, dependiente de Secretaría de Obras Públicas, y- ... […] ART.1º : Adjudícase el Concurso de Precios nº 56/2024, para la adquisición de - - - - - (4) CUBIERTAS Y CÁMARAS DE AIRE – Marca FA",2024-05-31,2026-09-01,2026-09-01
sibom,https://sibom.slyt.gba.gob.ar/bulletins/10592/contents/2062079,Coronel Suárez,Decreto Nº1016/2024 en el boletín 138º de Coronel Suárez,,31/05/2024,,,volumen_alto,no,camara de aire,https://sibom.slyt.gba.gob.ar/bulletins/10592/contents/2062079,"Que a fs. 91 la Directora Interina de Compras informa de acuerdo a lo establecido se realizó la invitación a cuatro proveedores (Art.153 de la L.O.M), dos de ellos cotizaron la camioneta eléctrica con y sin aire ... […] , por tal motivo, se elige adjudicar a la propuesta alternativa (sin Aire ), ya que la misma era la más ventajosa para el municipio e incluso el importe que oportunamente había otorgado el Ministerio de Ambiente de la Provincia de Buenos Aires ... […] a que se licitó un vehículo CON aire acondicionado ...",2024-05-31,2026-09-01,2026-09-01
sibom,https://sibom.slyt.gba.gob.ar/bulletins/10592/contents/2054094,Coronel Suárez,Decreto Nº826/2024 en el boletín 138º de Coronel Suárez,,31/05/2024,,,volumen_alto,no,"bateria,baterias",https://sibom.slyt.gba.gob.ar/bulletins/10592/contents/2054094,"el Decreto nº 87/2022 en el cual se autoriza a la Firma DARIO PEREYRA E HIJOS S.A., CUIT Nº: 30-71722694-8 un negocio bajo el rubro de VENTA DE BATERÍAS Y MATAFUEGOS y considerando que a fs. 34 solicita se modifique el rubro, por lo que resulta necesario realizar la adecuación correspondiente, ... […] PEREYRA E HIJOS S.A.”, CUIT nº 30-71722694-8, bajo el rubro comercial: VENTA DE BATERÍAS – VENTA Y RECARGA DE MATAFUEGOS, de acuerdo a lo expuesto en los considerandos del presente…” ART.2º : Comuníquese ... […] por ello el Intendente Municipal del Partido en uso de sus atribuciones- D E C R E T ",2024-05-31,2026-09-01,2026-09-01
sibom,https://sibom.slyt.gba.gob.ar/bulletins/10704/contents/2060344,Tandil,Ordenanza Nº18453/2024 en el boletín 234º de Tandil,,29/05/2024,,,volumen_alto,no,"cubierta,cubiertas",https://sibom.slyt.gba.gob.ar/bulletins/10704/contents/2060344,"EL HONORABLE CONCEJO DELIBERANTE DE TANDIL SANCIONA CON FUERZA ... […] ) Resto de las Zonas: 1) Edificios cuya sumatoria de superficie total cubierta sea menor a 500 ... […] total cubierta sea igual o mayor a 500 (quinientos) metros cuadrados: a la determinada para 1), se agregará 1 (un) modulo para automóvil cada 100 (cien) metros cuadrados cubiertos ...",2024-05-29,2026-09-01,2026-09-01
sibom,https://sibom.slyt.gba.gob.ar/bulletins/10661/contents/2060429,Puan,Decreto Nº1676 en el boletín 124º de Puan,,29/05/2024,,,volumen_alto,no,gomeria,https://sibom.slyt.gba.gob.ar/bulletins/10661/contents/2060429,"SE HABILITA LOCAL COMERCIAL EN EL RUBRO TALLER MECANICO Y GOMERIA , AL SEÑOR ALEXIS GABRIEL MESTRE CON DOMICILIO EN CALLE TRES LOMAS Nº 296 DE LA LOCALIDAD DE VILLA IRIS ...",2024-05-29,2026-09-01,2026-09-01
sibom,https://sibom.slyt.gba.gob.ar/bulletins/10712/contents/2059375,General Viamonte,Decreto Nº274 en el boletín 260º de General Viamonte,,24/05/2024,,,volumen_alto,no,"neumatico,neumaticos,protector de neumaticos",https://sibom.slyt.gba.gob.ar/bulletins/10712/contents/2059375,"Que, a la apertura de sobres de la Licitación de referencia se presentaron 4 oferentes: NEUMYSER S.A., LEONARDO JAVIER RISSO, ALBICI NEUMÁTICOS ... […] S.R.L. y MHR NEUMÁTICOS S.R.L. Que, el oferente NEUMYSER S.A. ofertó para el Objeto 1 $6.528.000,00, para el Objeto 2 ... […] ,00, para el Objeto 2 $6.809.600,00 y para el Objeto 3 $1.630.400,00. Que, por su parte el oferente ALBICI NEUMÁTICOS S.R.L. ofertó ...",2024-05-24,2026-09-01,2026-09-01
sibom,https://sibom.slyt.gba.gob.ar/bulletins/10553/contents/2051975,Quilmes,Decreto Nº1098/2024 en el boletín 502º de Quilmes,,24/05/2024,,,objetivo,no,"bateria,baterias",https://sibom.slyt.gba.gob.ar/bulletins/10553/contents/2051975,"(Cátedra Batería de 1° año - Turno vespertino), en la Dirección General de Escuela Municipal (EMBA ""Carlos Morel""), dependiente de la Subsecretaría de Educación y SAE - Secretaría de Educación, Culturas y Deportes, imputada en la Jurisdicción 01 - Subjurisdicción 65 - Programa 48, a partir del 1O de abril de 2024 y hasta el 31 de marzo de 2025.- ...",2024-05-24,2026-09-01,2026-09-01
sibom,https://sibom.slyt.gba.gob.ar/bulletins/10664/contents/2057781,Bahia Blanca,Decreto Nº1354 en el boletín 335º de Bahia Blanca,,23/05/2024,,,volumen_alto,no,"cubierta,cubiertas",https://sibom.slyt.gba.gob.ar/bulletins/10664/contents/2057781,", por las cuales se acordaron las obras “Refacción integral de cubierta del edificio en EP Nº 9” , “Reparación integral de cubierta y reposición de cielorraso en EP Nº 41/JIRIMM” y “Reparación integral de cubierta y reposición ... […] de Obras y Servicios Públicos 22.5.01.64 R.A. (132) Reparación de cubierta E.P. Nº 9 - Acta Complementaria Nª 11. $ 22.245.452,00.- Fuente de Financiamiento 132 ... […] Jurisdicción 1110105000 Secretaría de Obras y Servicios Públicos 22.5.01.65 R.A. (132) Reparación de cubierta y cielorraso E.P. Nº41 - Acta Complementaria Nª 13 . $ 42.100.000,00 ...",2024-05-23,2026-09-01,2026-09-01
sibom,https://sibom.slyt.gba.gob.ar/bulletins/10664/contents/2057780,Bahia Blanca,Decreto Nº1351 en el boletín 335º de Bahia Blanca,,23/05/2024,,,volumen_alto,no,"cubierta,cubiertas",https://sibom.slyt.gba.gob.ar/bulletins/10664/contents/2057780,"por las cuales se acordaron las obras “Reparación de cubierta , cielorraso y aberturas en E.P. Nº 24”, “Reparación de cubierta y cielorrasos en C.P.P Nº 404” y “Reparación de cubierta sobre planta alta en E.P. Nº 30”, por la suma total de CIENTO ... […] ). RECURSOS AFECTADOS Fuente de Financiamiento 132 Jurisdicción 1110105000 Secretaria de Obras y Servicios Públicos 22.5.01.71 R.A. (132) Reparación de cubierta ... […] Públicos 22.5.01.72 R.A. (132) Reparación de cubierta y cielorrasos C.F.P Nº 404 - Acta Complementaria Nº 20 . $ 78.954.915,72. Fuente de Financiamiento 132 Jurisdicción 1110105",2024-05-23,2026-09-01,2026-09-01
sibom,https://sibom.slyt.gba.gob.ar/bulletins/10437/contents/2050023,La Plata,Decreto Nº0661/24 en el boletín 1248º de La Plata,,20/05/2024,,,objetivo,no,"bateria,baterias",https://sibom.slyt.gba.gob.ar/bulletins/10437/contents/2050023,Expte. 4061-2026119-24. Aprueba Pliego. Autoriza llamado a Licit. Privada Nº 18-24 para la adquisición de Baterías . ... […] EL INTENDENTE MUNICIPAL DECRETA ...,2024-05-20,2026-09-01,2026-09-01
sibom,https://sibom.slyt.gba.gob.ar/bulletins/10593/contents/2050432,Mercedes,Decreto Nº489/2024 en el boletín 78º de Mercedes,,15/05/2024,,adjudicada,volumen_alto,no,"cubierta,cubiertas",https://sibom.slyt.gba.gob.ar/bulletins/10593/contents/2050432,"de cubiertas destinadas a stock del depósito para mantenimiento de vehículos municipales. Que, habiéndose previsto como fecha de apertura de sobres el día 25/03/2024, se han presentado 3 (tres) oferentes, según consta ... […] Lo actuado en Expediente Administrativo Nº 4948/2024, caratulado “Licitación Privada n° 17/2024” s/ la adquisición de cubiertas ; y, ... […] centavos), la compra de cubiertas , según lo especificado en el pliego de bases y condiciones, específicamente ...",2024-05-15,2026-09-01,2026-09-01
sibom,https://sibom.slyt.gba.gob.ar/bulletins/10632/contents/2052743,General Viamonte,Decreto Nº158 en el boletín 256º de General Viamonte,,14/05/2024,,,volumen_alto,no,"cubierta,cubiertas",https://sibom.slyt.gba.gob.ar/bulletins/10632/contents/2052743,"Que, en consecuencia es procedente efectuar el mismo en los términos que establece la Ley ... […] La necesidad de proceder al LLAMADO a LICITACIÓN PRIVADA N° 07/2024, para la “ADQUISICIÓN DE NEUMÁTICOS NUEVOS ... […] : OBJETO 1: 24 Cubiertas 265/65 R17. $ 8.160.000,00 OBJETO 2: 28 Cubiertas 255/70 R16 ...",2024-05-14,2026-09-01,2026-09-01
sibom,https://sibom.slyt.gba.gob.ar/bulletins/10569/contents/2050369,Bahia Blanca,Decreto Nº1179 en el boletín 333º de Bahia Blanca,,10/05/2024,,,volumen_alto,no,"neumatico,neumaticos,protector de neumaticos",https://sibom.slyt.gba.gob.ar/bulletins/10569/contents/2050369,"Visto las presentes actuaciones, originadas por la División de Control y Ordenamiento Urbano dependiente de la Agencia de Seguridad, Emergencia y Respuesta Inmediata, referidas a la adquisición de neumáticos para móviles pertenecientes ... […] .477.100; ALAUX SERVICIOS S.A., no cumple con los incisos e, g y h del artículo 2 de cláusulas especiales del pliego de bases y condiciones, total de la oferta económica $13.757.900; y ALVAREZ NEUMATICOS S.A., total de la oferta económica $12.743.060 ... […] de ser evaluadas las ofertas de los proveedores: PAREDES ALBERTO JESUS, ALAUX SERVICIOS S.A. y AL",2024-05-10,2026-09-01,2026-09-01
sibom,https://sibom.slyt.gba.gob.ar/bulletins/9670/contents/1998505,Coronel Rosales,Decreto Nº687/2023 en el boletín 37º de Coronel Rosales,,10/05/2024,,,volumen_alto,no,"bateria,baterias",https://sibom.slyt.gba.gob.ar/bulletins/9670/contents/1998505,"; 19712; 18820; 19720; 19711), seis (6) baterías para handy (RPM Nº 19726; 19727; 19712; 19729; 19732; 19733), actualmente afectados a la Estación de Policía Comunal dependiente de la Dirección de Seguridad, a la Asociación Civil Rescatistas Punta Alta ... […] , sita en calle Rosales Nº 618 de Punta Alta y la donación de tres (3) handys marca Motorola (RPM Nº 19718; 19709; 19717), tres (3) baterías para handy (RPM Nº 19728; 19731; 19726) actualmente afectados a la Estación de Policía Comunal dependiente ... […] Las actuaciones promovidas en el Expediente S-178/23 ...",2024-05-10,2026-09-01,2026-09-01
sibom,https://sibom.slyt.gba.gob.ar/bulletins/9670/contents/2023653,Coronel Rosales,Ordenanza Nº4260 en el boletín 37º de Coronel Rosales,,10/05/2024,,,volumen_alto,no,"bateria,baterias",https://sibom.slyt.gba.gob.ar/bulletins/9670/contents/2023653,"Motorola (RPM Nº 18818; 19714; 19712; 18820; 19720 y 19711) y seis (6) baterías para handy (RPM Nº 19726; 19727; 19712; 19729; 19732 y 19733) actualmente afectados a la Estación de Policía Comunal dependiente de la Dirección de Seguridad ... […] , a la Asociación Civil Rescatistas Punta Alta, sita en calle Rosales Nº 618 de Punta Alta.- Artículo 2º: Dónase tres (3) Handy marca Motorola (RPM Nº 19718; 19709 y 19717) y tres (3) baterías para handy ...",2024-05-10,2026-09-01,2026-09-01
sibom,https://sibom.slyt.gba.gob.ar/bulletins/10417/contents/2040561,Chacabuco,Decreto Nº096 en el boletín 79º de Chacabuco,,07/05/2024,,,volumen_alto,no,protector de neumaticos,https://sibom.slyt.gba.gob.ar/bulletins/10417/contents/2040561,OTORGANDO UN SUBSIDIO A LA SOCIEDAD PROTECTORA DE ANCIANOS DESVALIDOS.- ...,2024-05-07,2026-09-01,2026-09-01
sibom,https://sibom.slyt.gba.gob.ar/bulletins/10412/contents/2038983,Coronel Suárez,Decreto Nº627/2024 en el boletín 137º de Coronel Suárez,,02/05/2024,,,volumen_alto,no,camara de aire,https://sibom.slyt.gba.gob.ar/bulletins/10412/contents/2038983,"Que es necesaria su adquisición, a través de un Concurso de Precios, según lo establece la Ley Orgánica Municipal ... […] la necesidad de adquirir Cubiertas y Cámaras de Aire , para Ambulancia y Auto de Salud, solicitado por Dirección de Hospital Municipal de Huanguelen, y – ... […] ) - - - - - Cubiertas y Cámaras de Aire , para Ambulancia y Auto de Salud, solicitado por Dirección de Hospital Municipal de Huanguelen, costo total estimado ...",2024-05-02,2026-09-01,2026-09-01
sibom,https://sibom.slyt.gba.gob.ar/bulletins/10485/contents/2046920,Quilmes,Decreto Nº779/2024 en el boletín 500º de Quilmes,,30/04/2024,,adjudicada,objetivo,no,"bateria,baterias",https://sibom.slyt.gba.gob.ar/bulletins/10485/contents/2046920,"ADJUDÍCASE a la empresa proveedora ""MOTOR SUN S.A."" CUIT Nº 30-69058299-2, el objeto de la Contratación Directa, consistente en la adquisición de baterías que serán utilizadas en vehículos pertenecientes ...",2024-04-30,2026-09-01,2026-09-01
sibom,https://sibom.slyt.gba.gob.ar/bulletins/10458/contents/2043912,Coronel Pringles,Decreto Nº1772/23 en el boletín 197º de Coronel Pringles,,25/04/2024,,,volumen_alto,no,"llanta,llantas",https://sibom.slyt.gba.gob.ar/bulletins/10458/contents/2043912,"momento se lo escucha muy angustiado, llorando en forma desesperada, gritando y tosiendo como ahogado. Recién en ese momento, luego de casi 15 minutos de llanto y gritos se ve a Velázquez que sale de la cocina con un camisón corto y descalza, chistando ... […] a su habitación inmediatamente. Luego de esos minutos de llanto donde el bebe llama a su madre y a Rosana otra de las cuidadoras, se ve a Andrea salir de cocina descalza y despeinada e ir a la habitación del bebe mientras lo iba chistando. Lo levanta ... […] el Expediente N° 0811/23 caratulado “PEREYRA NATALIA DIRECTORA SOLICITA SUMARIO ",2024-04-25,2026-09-01,2026-09-01
sibom,https://sibom.slyt.gba.gob.ar/bulletins/10427/contents/2041705,Vicente López,Decreto Nº2303/24 en el boletín 787º de Vicente López,,25/04/2024,,,objetivo,no,"bateria,baterias",https://sibom.slyt.gba.gob.ar/bulletins/10427/contents/2041705,"de comprar cargador y baterías (Battery pack y battery charger) del equipo Arco en C marca GE modelo: OEC9900 N° de Serie EliteE9XXXX03073, perteneciente al servicio de Diagnóstico por Imágenes del mencionado Hospital ... […] de error de KV en baterías y cables, dejando el equipo parcialmente operativo, por lo que recomendó el reemplazo de ambas partes; Que la empresa GE Healthcare Argentina, resulta ser el único representante ... […] La Solicitud de Pedido N° 3-1245-308/2024 ...",2024-04-25,2026-09-01,2026-09-01
sibom,https://sibom.slyt.gba.gob.ar/bulletins/10456/contents/2041769,Puan,Decreto Nº1461 en el boletín 120º de Puan,,22/04/2024,,,volumen_alto,no,gomeria,https://sibom.slyt.gba.gob.ar/bulletins/10456/contents/2041769,"SE DISPONE DE OFICIO LA CADUCIDAD DE LA HABILITACIÓN OTORGADA POR DECRETO Nº 1248/21, AL COMERCIO DEL SEÑOR NÉSTOR SIMÓN LUCERO CASENAVE , EN EL RAMO DE GOMERÍA , UBICADO ...",2024-04-22,2026-09-01,2026-09-01
sibom,https://sibom.slyt.gba.gob.ar/bulletins/10367/contents/2041312,Quilmes,Decreto Nº182/2024 en el boletín 499º de Quilmes,,19/04/2024,,,objetivo,no,"bateria,baterias",https://sibom.slyt.gba.gob.ar/bulletins/10367/contents/2041312,"""stenfe en la adquisición de baterías para vehículos, las que serán utilizadas por la Secretaria de Ambiente y Gestión Integral de Residuos Sólidos Urbanos hasta el mes de diciembre del 2024, en el marco del artículo 156 inciso 10 de la Ley ...",2024-04-19,2026-09-01,2026-09-01
sibom,https://sibom.slyt.gba.gob.ar/bulletins/10409/contents/2038148,Bahia Blanca,Decreto Nº1029 en el boletín 329º de Bahia Blanca,,17/04/2024,,,volumen_alto,no,"neumatico,neumaticos,protector de neumaticos",https://sibom.slyt.gba.gob.ar/bulletins/10409/contents/2038148,"especiales del pliego de bases y condiciones, por lo que su oferta quedó desestimada;, ÁLVAREZ NEUMÁTICOS S.A. total oferta económica $22.888.800 y ALAUX NEUMÁTICOS , no cumple con incisos e) g) y h) del articulo 2 de clausulas especiales del pliego ... […] especiales del Pliego de Bases y Condiciones, quedando la oferta de ALAUX SERVICIOS S.A y ALVAREZ NEUMATICOS S.A, factibles de ser evaluadas. Que a fojas 130, el Departamento de Talleres y Maestranza la Subsecretaría y de Servicios ... […] y Mantenimiento sugieren adjudicar a las ofertas mas económicas recibidas, ya que cumplen con las espe",2024-04-17,2026-09-01,2026-09-01
sibom,https://sibom.slyt.gba.gob.ar/bulletins/10423/contents/2039604,Tandil,Decreto Nº1128/2024 en el boletín 228º de Tandil,,17/04/2024,,,volumen_alto,no,camara de aire,https://sibom.slyt.gba.gob.ar/bulletins/10423/contents/2039604,"Que se ha realizado el proceso de llamado a licitación para su adquisición, invitando a cotizar a diferentes proveedores. Que con fecha 19-03-2024 se procede a la Apertura ... […] La Licitación Privada 17-02-2024 ""Adquisición de válvulas, neumáticos y servicios alineación y balanceo vehículos municipales -SPC ... […] : La erogación a producirse será imputada a: las partidas 2.4.4.0 “cubiertas y cámaras de aire ” por la suma de pesos $ 1.199.800,00; 2.9.6.0 “Repuestos y accesorios” por la suma de $ 18.000,00; 3.3.9.0 “Mantenimiento, reparación y limpieza-Otros” por la suma ...",2024-04-17,2026-09-01,2026-09-01
sibom,https://sibom.slyt.gba.gob.ar/bulletins/10408/contents/2035623,Mercedes,Decreto Nº314/2024 en el boletín 77º de Mercedes,,15/04/2024,,,volumen_alto,no,"cubierta,cubiertas",https://sibom.slyt.gba.gob.ar/bulletins/10408/contents/2035623,"La necesidad de proveer a la Subsecretaría de Servicios Públicos de cubiertas para móviles que le permitan cubrir los requerimientos operativos de los próximos meses ... […] . Que, específicamente, se solicitan desde el área pre-citada la adquisición de las cubiertas que se detallan a continuación ... […] CUBIERTA 195-70-15.- 2 ...",2024-04-15,2026-09-01,2026-09-01
sibom,https://sibom.slyt.gba.gob.ar/bulletins/10416/contents/2036208,General Viamonte,Decreto Nº105 en el boletín 248º de General Viamonte,,10/04/2024,,,volumen_alto,no,"cubierta,cubiertas",https://sibom.slyt.gba.gob.ar/bulletins/10416/contents/2036208,"Que, en consecuencia es procedente efectuar el mismo en los términos que establece la Ley Orgánica de las Municipalidades ... […] La necesidad de proceder al LLAMADO a LICITACIÓN PRIVADA N° 05/2024, para la “ADQUISICIÓN DE NEUMÁTICOS ... […] el Presupuesto Oficial a la suma de PESOS VEINTICUATRO MILLONES NOVECIENTOS SETENTA Y TRES MIL SEISCIENTOS ($24.973.600) dividido en los siguientes objetos: OBJETO 1: 4 Cubiertas 275/80 R22.5 SR 200 p ...",2024-04-10,2026-09-01,2026-09-01
sibom,https://sibom.slyt.gba.gob.ar/bulletins/10298/contents/2026137,Moreno,Decreto Nº0431/24 en el boletín 284º de Moreno,,08/04/2024,,,objetivo,no,gomeria,https://sibom.slyt.gba.gob.ar/bulletins/10298/contents/2026137,"Llámese a Licitación Privada N° 09/2024, mediante la cual la Secretaria de Obras y Servicios Públicos solicita la adquisición de “Artículos de Gomería y Neumáticos para vehículos del Parque Automotor”. SR ...",2024-04-08,2026-09-01,2026-09-01
sibom,https://sibom.slyt.gba.gob.ar/bulletins/10298/contents/2030570,Moreno,Decreto Nº0750/24 en el boletín 284º de Moreno,,08/04/2024,,adjudicada,objetivo,no,gomeria,https://sibom.slyt.gba.gob.ar/bulletins/10298/contents/2030570,"Adjudíquese la Licitación Privada N° 09/2024, realizada para la adquisición de “Artículos de Gomería y Neumáticos para vehículos del Parque Automotor” solicitada por la Secretaria de Obras y Servicios Públicos. A la oferta correspondiente ...",2024-04-08,2026-09-01,2026-09-01
sibom,https://sibom.slyt.gba.gob.ar/bulletins/10315/contents/2028207,Chacabuco,Decreto Nº1983 en el boletín 78º de Chacabuco,,05/04/2024,,,volumen_alto,no,camara de aire,https://sibom.slyt.gba.gob.ar/bulletins/10315/contents/2028207,"Que, no se ha presentado oferente; Que, es necesario dejar sin efecto el llamado en cuestión, este pedido se fundamenta que ante el contexto inflacionario de público ... […] Las presentes actuaciones en el Expediente administrativo Nº 4029-5470/23 por las cuáles se llamó a concurso de precios para adquisición de un Equipo de Aire Acondicionado para el área de Quirófanos del Hospital Municipal Nuestra Sra. del Carmen ... […] DECLARANDO DESIERTO 1° LLAMANDO Y DEJANDO SIN EFECTO EL LLAMADO A CONCURSO DE PRECIOS PARA LA ADQUISICIÓN DE UN EQUIPO DE AIRE ACONDICIONADO PARA EL AREA DE QUIRÓFANOS DEL ",2024-04-05,2026-09-01,2026-09-01
sibom,https://sibom.slyt.gba.gob.ar/bulletins/10378/contents/2033546,Saladillo,Decreto Nº311/2024 en el boletín 102º de Saladillo,,04/04/2024,,,volumen_alto,no,gomeria,https://sibom.slyt.gba.gob.ar/bulletins/10378/contents/2033546,"el personal afectado a las tareas de gomería insuficiente para cubrir tal demanda; QUE atento las consideraciones expuestas resulta necesario declarar la incompetencia ... […] de la Secretaría de Obras y Servicios Públicos, para llevar a cabo trabajos de gomería en el Corralón Municipal, y contratar dichos servicios; QUE, de acuerdo ... […] la nota presentada por la Arq. Anabella Soledad Fasano, a/c de la Secretaría de Obras y Servicios Públicos, en la que manifiesta la necesidad de contar con personal para realizar trabajos de gomería en el Corralón Municipal; y ...",2024-04-04,2026-09-01,2026-09-01
sibom,https://sibom.slyt.gba.gob.ar/bulletins/10378/contents/2033442,Saladillo,Decreto Nº289/2024 en el boletín 102º de Saladillo,,04/04/2024,,,volumen_alto,no,gomeria,https://sibom.slyt.gba.gob.ar/bulletins/10378/contents/2033442,"se procedió a realizar el acto de apertura de sobres, donde se labró acta, y de la que surge lo siguiente: La firma Nueva Gomería Palermo SRL, cotiza los ítems 1, 2, 3, 4, 5, 7, 8 y 9 por la suma total de $ 29 ... […] de enero de 2024 informa del Director de Mantenimiento del Parque Automotor, Larocca Norberto, quien observa que, en cuanto a precio, la firma Nueva Gomería Palermo SRL presenta la mejor oferta para los ítems 1, 2, 3, 4, 7, y 9; la firma Cetaro Cecilia Nora ... […] , se desprende que las ofertas presentadas por las firma Nueva Gomería Palermo SRL para los ítems 1, 2, 3, 4, 7, y 9",2024-04-04,2026-09-01,2026-09-01
sibom,https://sibom.slyt.gba.gob.ar/bulletins/10259/contents/2026000,Mercedes,Decreto Nº220/2024 en el boletín 76º de Mercedes,,20/03/2024,,adjudicada,volumen_alto,no,"cubierta,cubiertas",https://sibom.slyt.gba.gob.ar/bulletins/10259/contents/2026000,"se informó la necesidad de adquirir 26 (veintiséis) nuevas cubiertas de idénticas características a las adjudicadas previamente. Que, atento a ello, desde dicha área se le consultó al proveedor MHR Neumáticos S.R ... […] .L. la posibilidad de adquirir esas cubiertas al mismo valor presupuestado oportunamente en la Licitación, recibiendo respuesta afirmativa según consta en e-mail obrante a fs. 4. Que, teniendo en cuenta ello ... […] Que mediante Decreto n° 149 del corriente ejercicio se adjudicó la compra de 40 (cuarenta) cubiertas móviles a la firma “MHR Neumáticos S.R.L.” – actuaciones obran",2024-03-20,2026-09-01,2026-09-01
sibom,https://sibom.slyt.gba.gob.ar/bulletins/10275/contents/2024554,Bahia Blanca,Decreto Nº731 en el boletín 323º de Bahia Blanca,,13/03/2024,,,volumen_alto,no,"neumatico,neumaticos,protector de neumaticos",https://sibom.slyt.gba.gob.ar/bulletins/10275/contents/2024554,"Visto el pedido de Adquisición originado por el Departamento Talleres y Maestranza, dependiente de la Secretaría de Obras y Servicios Públicos, para la provisión de neumáticos , conforme a la solicitud de pedido N°316 ... […] las ofertas de los proveedores: ALVAREZ NEUMATICOS SA, total de la oferta económica PESOS CINCO MILLONES SESENTA MIL ($5.060.000.-); ALAUX SERVICIOS SA, total de la oferta económica PESOS SEIS MILLONES CIENTO CINCUENTA Y SEIS MIL CUATROCIENTOS ($6.156.400 ... […] NEUMATICOS S.A. (Proveedor Nº5649) los ítems 1, 2 y 3 por un importe total de PESOS CINCO MILLONES SESENTA MIL",2024-03-13,2026-09-01,2026-09-01
sibom,https://sibom.slyt.gba.gob.ar/bulletins/10275/contents/2024552,Bahia Blanca,Decreto Nº730 en el boletín 323º de Bahia Blanca,,13/03/2024,,,volumen_alto,no,"neumatico,neumaticos,protector de neumaticos",https://sibom.slyt.gba.gob.ar/bulletins/10275/contents/2024552,"Visto el pedido de Adquisición originado por el Departamento Talleres y Maestranza, dependiente de la Secretaría de Obras y Servicios Públicos, para la provisión de neumáticos , conforme a la solicitud de pedido N°243 ... […] las ofertas de los proveedores: ALVAREZ NEUMATICOS SA, total de la oferta económica PESOS DOS MILLONES CUATROCIENTOS DIECIOCHO MIL ($2.418.000.-); ALAUX SERVICIOS SA, total de la oferta económica PESOS DOS MILLONES NOVECIENTOS CINCUENTA Y CINCO MIL SEISCIENTOS ... […] NEUMATICOS S.A. (Proveedor Nº5649) la provisión del ítem Nº1 por un importe total de PESOS DOS MILLONES C",2024-03-13,2026-09-01,2026-09-01
sibom,https://sibom.slyt.gba.gob.ar/bulletins/10283/contents/2024523,General Viamonte,Licitación Nº07/2024 en el boletín 242º de General Viamonte,,13/03/2024,,,volumen_alto,no,"cubierta,cubiertas",https://sibom.slyt.gba.gob.ar/bulletins/10283/contents/2024523,1: 24 Cubiertas 265/65 R17 ... […] : OBJETO 2: 28 Cubiertas 255/70 R16 ... […] OBJETO 3: 8 Cubiertas 235/75 R15 ...,2024-03-13,2026-09-01,2026-09-01
sibom,https://sibom.slyt.gba.gob.ar/bulletins/10272/contents/2023764,General Viamonte,Licitación Nº007/2024 en el boletín 241º de General Viamonte,,11/03/2024,,,volumen_alto,no,"cubierta,cubiertas",https://sibom.slyt.gba.gob.ar/bulletins/10272/contents/2023764,": 24 Cubiertas 265/65 R17 ... […] $ 8.160.000,00 POR OBJETO: OBJETO 2: 28 Cubiertas 255/70 R16 ... […] OBJETO 3: 8 Cubiertas 235/75 R15 ...",2024-03-11,2026-09-01,2026-09-01
sibom,https://sibom.slyt.gba.gob.ar/bulletins/10210/contents/2021176,Coronel Pringles,Decreto Nº00709/23 en el boletín 188º de Coronel Pringles,,11/03/2024,,,volumen_alto,no,gomeria,https://sibom.slyt.gba.gob.ar/bulletins/10210/contents/2021176,"nombre, cuyo rubro es Taller de Gomería /Reciclaje de Neumáticos; Que la firma mencionada presenta Formulario General y Formulario Base para la Categorización; Que a fojas 21/22 ... […] el Expediente N° 0829/23, iniciado por Duhau S.A., la Disposición “DISPO-2023-973-GDEBA-DPEIAMAMGP” de la Dirección Provincial de Evaluación de Impacto Ambiental, la Ley N° 11.459 y sus reglamentaciones, la Ordenanza N ... […] de Coronel Pringles, partido del mismo nombre, cuyo rubro es Taller de Gomería /Reciclaje de Neumáticos, de conformidad con las prescripciones previstas en la Ley N° 11.459 y su Decreto r",2024-03-11,2026-09-01,2026-09-01
sibom,https://sibom.slyt.gba.gob.ar/bulletins/10210/contents/2019506,Coronel Pringles,Decreto Nº00633/23 en el boletín 188º de Coronel Pringles,,11/03/2024,,,volumen_alto,no,camara de aire,https://sibom.slyt.gba.gob.ar/bulletins/10210/contents/2019506,"Que mediante el mismo solicita autorización para proceder a la compra de un Aire Acondicionado e instalación del equipo, con destino al Museo de Artes y Reserva de Artes, para el resguardo de las obras que allí ... […] para la compra del equipo y la contratación de mano de obra es de $1.550.000,00; Que por lo expuesto se llama a Concurso de Precios N° 19/23 para “Compra e instalación Aire Acondicionado Cultura”, con destino ... […] el Expediente N° 0556/23, iniciado por la Sra. Cavallaro Eugenia Directora de Cultura ...",2024-03-11,2026-09-01,2026-09-01
sibom,https://sibom.slyt.gba.gob.ar/bulletins/10210/contents/2021178,Coronel Pringles,Decreto Nº00710/23 en el boletín 188º de Coronel Pringles,,11/03/2024,,adjudicada,volumen_alto,no,camara de aire,https://sibom.slyt.gba.gob.ar/bulletins/10210/contents/2021178,"Que mediante Decreto Nº 0633/23, se llamó Concurso de Precios N° 19/23 por la “Compra e instalación Aire Acondicionado Cultura”, con destino al Museo de Artes y Reserva de Artes, con un Presupuesto Oficial de $1.550.000 ... […] por la “Compra e instalación Aire Acondicionado Cultura”, en virtud que la única oferta presentada supera ampliamente el presupuesto oficial; Que en virtud de lo expuesto se decide dejar sin efecto la adjudicación ... […] el Expediente N° 0556/23, iniciado por la Sra. Cavallaro Eugenia Directora de Cultura ...",2024-03-11,2026-09-01,2026-09-01
sibom,https://sibom.slyt.gba.gob.ar/bulletins/10151/contents/2020587,Chivilcoy,Decreto Nº2578 en el boletín 88º de Chivilcoy,,06/03/2024,,cerrada,volumen_alto,no,camara de aire,https://sibom.slyt.gba.gob.ar/bulletins/10151/contents/2020587,"que no se han presentado oferentes al Concurso de Pecios N° 72/23 ... […] el expediente N° 4031-251549/23, mediante el cual se solicita la adquisición de un aire acondicionado para los consultorios externos del Hospital Municipal de Chivilcoy, solicitado por la Secretaría de Salud, y ... […] Se deja sin efecto Concurso de Precios N° 72/23 ...",2024-03-06,2026-09-01,2026-09-01
sibom,https://sibom.slyt.gba.gob.ar/bulletins/10236/contents/2021711,Puan,Decreto Nº1341 en el boletín 117º de Puan,,05/03/2024,,,volumen_alto,no,"bateria,baterias",https://sibom.slyt.gba.gob.ar/bulletins/10236/contents/2021711,"SE HABILITA EL LOCAL COMERCIAL EN EL RUBRO REPARACIONES ELÉCTRICAS DEL TABLERO E INSTRUMENTAL, REPARACIÓN Y RECARGA DE BATERÍAS , INSTALACIÓN DE ALARMAS, RADIOS Y SISTEMAS ...",2024-03-05,2026-09-01,2026-09-01
sibom,https://sibom.slyt.gba.gob.ar/bulletins/10187/contents/2019897,Coronel Dorrego,Decreto Nº3095/2023 en el boletín 134º de Coronel Dorrego,,04/03/2024,,adjudicada,volumen_alto,no,"cubierta,cubiertas",https://sibom.slyt.gba.gob.ar/bulletins/10187/contents/2019897,"CUBIERTAS P/CAMIONES Y AUTOMOTORES 255/70/R16 $ 1.266.400,00 - $ 1.648.000,00 ... […] El Concurso de Precios N° 113/2023 , formalizado en el día de la fecha, a fin de proceder a la adquisición de 8 cubiertas 255/70/R16 para vehículos policiales del distrito de Coronel Dorrego; ... […] ARTÍCULO 1°) Apruébese el Concurso de Precios N° 113/2023 , realizado para proceder a la adquisición de 8 cubiertas 255/70/R16 para vehículos policiales del distrito ...",2024-03-04,2026-09-01,2026-09-01
sibom,https://sibom.slyt.gba.gob.ar/bulletins/10187/contents/2019890,Coronel Dorrego,Decreto Nº3090/2023 en el boletín 134º de Coronel Dorrego,,04/03/2024,,,volumen_alto,no,"cubierta,cubiertas",https://sibom.slyt.gba.gob.ar/bulletins/10187/contents/2019890,"Que la Dirección de Inspección General ha manifestado la necesidad de proceder a la adquisición de 8 cubiertas 225/75/R16 para móviles de la Policía; ... […] ARTICULO 1°) Llamase a CONCURSO DE PRECIOS N° 113/2023 con el objeto de proceder a la adquisición de 8 cubiertas 225/75/R16 para móviles de la Policía ... […] Por ello, el INTENDENTE MUNICIPAL , en uso de sus facultades- D E C R E T ...",2024-03-04,2026-09-01,2026-09-01
sibom,https://sibom.slyt.gba.gob.ar/bulletins/10100/contents/2017446,Coronel Pringles,Decreto Nº00501/23 en el boletín 187º de Coronel Pringles,,21/02/2024,,,volumen_alto,no,"camara de aire,cubierta,cubiertas",https://sibom.slyt.gba.gob.ar/bulletins/10100/contents/2017446,"Que mediante Decreto N° 0415/23 se llamó a Concurso de Precios N° 10/23 para la “Compra de 4 Cubiertas para Motoniveladora Klia OI:8676”, con un Presupuesto Oficial de $1.456.000,00 IVA incluido, fijando el día 30 ... […] de Compras, Sr. Juan José Olasagastia deciden adjudicar el Concurso de Precios N° 10/23 para la “Compra de 4 Cubiertas para Motoniveladora Klia OI:8676”, a la firma DUHAU S.A. en su alternativa N° 1 ... […] el Expediente N° 0237/23 -Alcance I- iniciado por el Secretario de Desarrollo, Sr. Oscar Rossi ...",2024-02-21,2026-09-01,2026-09-01
sibom,https://sibom.slyt.gba.gob.ar/bulletins/10100/contents/2010315,Coronel Pringles,Decreto Nº00415/23 en el boletín 187º de Coronel Pringles,,21/02/2024,,,volumen_alto,no,"cubierta,cubiertas",https://sibom.slyt.gba.gob.ar/bulletins/10100/contents/2010315,"Que mediante el mismo solicita autorización para atender los gastos que demanda la adquisición de 4 cubiertas , de 1400x24 de 16 telas para la Motoniveladora Klia OI:8676, Modelo M-160, Motor N° 260118, Chasis N° 51036 ... […] ., con un Presupuesto Oficial de $1.456.000,00 IVA incluido; Que por lo expuesto se llama a Concurso de Precios N° 10/23 para la “Compra de 4 Cubiertas para Motoniveladora Klia OI:8676”, con un Presupuesto Oficial ... […] el Expediente N° 0237/23 -Alcance I- iniciado por el Secretario de Desarrollo, Sr. Oscar Rossi ...",2024-02-21,2026-09-01,2026-09-01
sibom,https://sibom.slyt.gba.gob.ar/bulletins/9978/contents/2010457,Moreno,Ordenanza Nº7083/23 en el boletín 282º de Moreno,,06/02/2024,,,objetivo,no,recapado,https://sibom.slyt.gba.gob.ar/bulletins/9978/contents/2010457,"VISTO el Expte. H.C.D. N° 35.680/2023 y el Expte. D.E. N° 255081-S-2023, mediante el cual el Departamento Ejecutivo remite el proyecto de la Ordenanza Tributaria y Tarifaria para el Ejercicio Fiscal 2024 ... […] 624179 Venta de cámaras y cubiertas. Gomerías (incluye las que poseen anexos de recapado ). 624187 ...",2024-02-06,2026-09-01,2026-09-01
sibom,https://sibom.slyt.gba.gob.ar/bulletins/9978/contents/2012070,Moreno,Decreto Nº5184/23 en el boletín 282º de Moreno,,06/02/2024,,adjudicada,objetivo,no,"llanta,llantas",https://sibom.slyt.gba.gob.ar/bulletins/9978/contents/2012070,"Adjudíquese la compra directa N° 365/2023, realizadas para la adquisición de “Neumáticos y Llantas ” para realizar los trabajos requeridos por la emergencia meteorológica, solicitada por la Secretaria de Salud y Ambiente. A la firma RICARDO ...",2024-02-06,2026-09-01,2026-09-01
sibom,https://sibom.slyt.gba.gob.ar/bulletins/10130/contents/2013427,Saladillo,Decreto Nº3072 en el boletín 98º de Saladillo,,01/02/2024,,,volumen_alto,no,gomeria,https://sibom.slyt.gba.gob.ar/bulletins/10130/contents/2013427,"el personal afectado a las tareas de gomería insuficiente para cubrir tal demanda; QUE atento las consideraciones expuestas resulta necesario declarar la incompetencia ... […] de la Subsecretaría de Servicios Públicos y de la Secretaría de Obras y Servicios Públicos –área a la que pertenece la primera-, para llevar a cabo trabajos de gomería en el Corralón Municipal, y contratar dichos servicios ... […] la nota presentada por la Arq. Albertina Di Iulio, a cargo de la Subsecretaría de Servicios Públicos, en la que manifiesta la necesidad de contar con personal para realizar trabajos de gomería ",2024-02-01,2026-09-01,2026-09-01
sibom,https://sibom.slyt.gba.gob.ar/bulletins/10070/contents/2010246,Bahia Blanca,Resolución Nº8 en el boletín 314º de Bahia Blanca,,30/01/2024,,,volumen_alto,no,"llanta,llantas",https://sibom.slyt.gba.gob.ar/bulletins/10070/contents/2010246,"que me afectó. Como resultado al desmontar el rodado se aprecia un corte en sentido radial de la banda lateral interna que coincide con la marca en el borde de la llanta de aluminio donde se enganchó al caer en el hueco, quedando inutilizada ...",2024-01-30,2026-09-01,2026-09-01
sibom,https://sibom.slyt.gba.gob.ar/bulletins/10053/contents/2006203,Saladillo,Decreto Nº2547/2023 en el boletín 97º de Saladillo,,29/01/2024,,,volumen_alto,no,"bateria,baterias",https://sibom.slyt.gba.gob.ar/bulletins/10053/contents/2006203,"que a lo largo de los años, desde la Agrupación Batucadas “La Diferente”, han organizado el Encuentro de Batucadas, Baterías , Blockos y Pasistas en nuestra ciudad, siendo además el único encuentro de dicha magnitud ... […] el expediente de la referencia, mediante el cual, el Subsecretario de Cultura, Educación, y Derechos Humanos, solicita se declare de interés municipal el 5° Encuentro de Batucadas, Baterías , Blockos y Pasistas ... […] ARTICULO 1: Declarar de Interés Municipal el 5° Encuentro de Batucadas, Baterías , Blockos y Pasistas, que se llevara a cabo los días 13, 14 y 15 de Octubre ",2024-01-29,2026-09-01,2026-09-01
sibom,https://sibom.slyt.gba.gob.ar/bulletins/9987/contents/2003360,General San Martín,Decreto Nº1236/23 en el boletín 1937º de General San Martín,,26/01/2024,,,objetivo,no,camara de aire,https://sibom.slyt.gba.gob.ar/bulletins/9987/contents/2003360,Autorizando contratación directa para realización del servicio de MANTENIMIENTO PREVENTIVO DEL SISTEMA DE AIRE ACONDICIONADO.- ...,2024-01-26,2026-09-01,2026-09-01
sibom,https://sibom.slyt.gba.gob.ar/bulletins/10049/contents/2009715,General Villegas,Ordenanza Nº6507/23 en el boletín 151º de General Villegas,,23/01/2024,,,volumen_alto,no,recapado,https://sibom.slyt.gba.gob.ar/bulletins/10049/contents/2009715,"VISTO: El Expediente N° 12574/23 alc. 1, iniciado por la Directora de Rentas, elevando ... […] Gomerías, vulcanización, recapado , etc. $7,000 ... […] 71400-09 Gomerías, vulcanización, recapado , etc ...",2024-01-23,2026-09-01,2026-09-01
sibom,https://sibom.slyt.gba.gob.ar/bulletins/10049/contents/2005820,General Villegas,Resolución Nº370/23 en el boletín 151º de General Villegas,,23/01/2024,,,volumen_alto,no,gomeria,https://sibom.slyt.gba.gob.ar/bulletins/10049/contents/2005820,"VISTO: El Expediente Nº 2732/19, correspondiente a la habilitación municipal de un comercio, perteneciente al señor Juan José Franco Merlo, dedicado a la explotación del rubro “ Gomería ... […] , de un comercio dedicado a la explotación del rubro “ GOMERIA ”, denominación comercial “MERLO NEUMATICOS”, Codificador de Rentas Nº 71400-09, del señor JUAN JOSE FRANCO MERLO, DNI Nº 26.078.318, Contribuyente Nº 22254, NIS Nº ...",2024-01-23,2026-09-01,2026-09-01
sibom,https://sibom.slyt.gba.gob.ar/bulletins/10049/contents/2005578,General Villegas,Resolución Nº338/23 en el boletín 151º de General Villegas,,23/01/2024,,,volumen_alto,no,gomeria,https://sibom.slyt.gba.gob.ar/bulletins/10049/contents/2005578,"del rubro “ Gomería ”, a partir del 6 de julio de 2010; y CONSIDERANDO: Que mediante Resolución Nº 556/14, agregada a fojas 49/50, se registró la habilitación provisoria, recategorización ... […] dedicado a la explotación del rubro “ GOMERÍA ”, denominación comercial “EL RUSO”, de la señora MABEL HAYDEE BRAVO, DNI Nº 24.789.299, Contribuyente Nº 21318, Codificador de Rentas Nº 71400-09, NIS Nº 1550093 – 02 – T1R – Residencial, con domicilio ...",2024-01-23,2026-09-01,2026-09-01
sibom,https://sibom.slyt.gba.gob.ar/bulletins/9992/contents/2002077,Trenque Lauquen,Decreto Nº2649/2023 en el boletín 152º de Trenque Lauquen,,14/01/2024,,,volumen_alto,no,camara de aire,https://sibom.slyt.gba.gob.ar/bulletins/9992/contents/2002077,"Que dado el valor del mismo y conforme lo normado en la Ley Orgánica de las Municipalidades, resulta ajustado a derecho llamar a CONCURSO DE PRECIOS ... […] Las actuaciones obrantes en el Expediente Nº2076 /2023 – CONCURSO DE PRECIOS Nº 117/2023 , en la cual se gestiona la adquisición de: ""EQUIPOS SPLITS AIRE FRIO/CALOR”, con destino a varias áreas de la Municipalidad de Trenque Lauquen y , ... […] 2649- 2023- Llamado CONCURSO DE PRECIOS 117.- Adquisición equipos splits aire frío-calor con destino a MTL ...",2024-01-14,2026-09-01,2026-09-01
sibom,https://sibom.slyt.gba.gob.ar/bulletins/9991/contents/2003766,Coronel Pringles,Decreto Nº00341/23 en el boletín 185º de Coronel Pringles,,12/01/2024,,,volumen_alto,no,gomeria,https://sibom.slyt.gba.gob.ar/bulletins/9991/contents/2003766,"Que mediante el mismo solicita habilitación de un local comercial en el rubro “ GOMERIA Y LAVADERO” , ubicado en Acceso VENTANIA (68) Nº 75 de nuestra ciudad ... […] el Expediente Nº 0380 del año 2023, letra “ R ”, iniciado por la Sra. RODRIGUEZ MARIA CRISTINA ... […] ARTICULO 1º: Habilítese e inscríbase a partir del día de la fecha el comercio en el rubro “ GOMERIA Y LAVADERO ” propiedad de la Sra ...",2024-01-12,2026-09-01,2026-09-01
sibom,https://sibom.slyt.gba.gob.ar/bulletins/9825/contents/1999902,Nueve de Julio,Resolución Nº15/2023 en el boletín 89º de Nueve de Julio,,02/01/2024,,,volumen_alto,no,"llanta,llantas",https://sibom.slyt.gba.gob.ar/bulletins/9825/contents/1999902,"la calle, este le ocasiona rotura de llanta y cubierta delantera.” Que respecto al hecho el Secretario de Obras Públicas, en fojas 9, manifestó “corroboro lo expuesto por la damnificada y observando que sobresale un hierro ... […] El Expediente Municipal Nº 4082-756/2023 que tienen por objeto el resarcimiento de los daños provocados en la vía pública al automóvil conducido por la Sra. Sixto Jorgelina. Lo dictaminado por el Sr. Asesor Legal y Técnico mediante ... […] ARTICULO 1º: Hacer lugar al reclamo administrativo interpuesto por la Sra. Sixto Jorgelina, DNI: 28.393.100, disponiéndose el pag",2024-01-02,2026-09-01,2026-09-01
sibom,https://sibom.slyt.gba.gob.ar/bulletins/9907/contents/1996405,General Pueyrredon,Decreto Nº3008/23 en el boletín 533º de General Pueyrredon,,20/12/2023,,,volumen_alto,no,"bateria,baterias",https://sibom.slyt.gba.gob.ar/bulletins/9907/contents/1996405,SE INFORMA QUE EL TEXTO COMPLETO EN PDF SE ENCUENTRA COMO ANEXO DEL PRESENTE. Promulga Ordenanza 26170 Reconócese de legítimo abono y autorízase el pago por la provisión de una batería automotor realizado por la firma Central Repuestos S.R.L. ...,2023-12-20,2026-09-01,2026-09-01
sibom,https://sibom.slyt.gba.gob.ar/bulletins/9840/contents/1992525,Coronel Suárez,Decreto Nº3292/2023 en el boletín 132º de Coronel Suárez,,13/12/2023,,cerrada,volumen_alto,no,"neumatico,neumaticos",https://sibom.slyt.gba.gob.ar/bulletins/9840/contents/1992525,"Que a fs.40 la Directora de Compras Interina informa que NO se presentaron ofertas a la presente licitación, por lo que resulta necesario declarar desierta la misma ... […] el llamado a Licitación Privada nº 48/2023, para adquirir una GUILLOTINA Cortadora de Neumáticos Portátil, solicitado por Medio Ambiente (EXP – MCS: 1104/2023 “Programa: Mi Provincia Recicla – Ministerio de Ambiente PBA”), y; ... […] , para - - - - adquirir una GUILLOTINA Cortadora de Neumáticos Portátil, solicitado por Medio Ambiente (EXP – MCS: 1104/2023 “Programa: Mi Provincia Recicla – Ministerio de Ambiente PBA”), por ",2023-12-13,2026-09-01,2026-09-01
sibom,https://sibom.slyt.gba.gob.ar/bulletins/9743/contents/1986104,General San Martín,Decreto Nº1136/23 en el boletín 1931º de General San Martín,,13/12/2023,,,objetivo,no,"cubierta,cubiertas",https://sibom.slyt.gba.gob.ar/bulletins/9743/contents/1986104,Aprobando Licitación Privada Nº 237/23 ( 2º Llamado) CUBIERTAS .- ...,2023-12-13,2026-09-01,2026-09-01
sibom,https://sibom.slyt.gba.gob.ar/bulletins/9743/contents/1986110,General San Martín,Decreto Nº1138/23 en el boletín 1931º de General San Martín,,13/12/2023,,,objetivo,no,camara de aire,https://sibom.slyt.gba.gob.ar/bulletins/9743/contents/1986110,"Autorizando librar a favor de la CAMARA ECONOMICA SANMARTINENSE, Subsidio con cargo a rendir.- ...",2023-12-13,2026-09-01,2026-09-01
sibom,https://sibom.slyt.gba.gob.ar/bulletins/9684/contents/1992103,La Plata,Decreto Nº3218/23 en el boletín 1239º de La Plata,,10/12/2023,,,objetivo,no,"bateria,baterias",https://sibom.slyt.gba.gob.ar/bulletins/9684/contents/1992103,Expte. 4061-1228036-23. Aprueba. Adjudica Licit. Privada Nº 118-23 para la adquisición de baterías y otros. ... […] EL INTENDENTE MUNICIPAL DECRETA ...,2023-12-10,2026-09-01,2026-09-01
sibom,https://sibom.slyt.gba.gob.ar/bulletins/9676/contents/1981142,Coronel Dorrego,Decreto Nº2028/2023 en el boletín 130º de Coronel Dorrego,,07/12/2023,,adjudicada,volumen_alto,no,camara de aire,https://sibom.slyt.gba.gob.ar/bulletins/9676/contents/1981142,"Que para este concurso se realizaron TRES invitaciones, recibiéndose las ofertas que a continuación se detallan ... […] el Concurso de Precios N° 91/2023 , formalizado en el día de la fecha, a fin de proceder a realizar la adquisición de cuatro cubiertas 17/5/25 de 16 telas para motoniveladora afectada a la Comisión de Fomento de La Soberana ... […] Secretaría de Obras y Servicios Públicos – 21 03 00 Comisión de Fomento de La Soberana –2.4.4.0 Cubiertas y cámaras de aire -Fuente de Financiamiento 110 Tesoro Municipal ...",2023-12-07,2026-09-01,2026-09-01
sibom,https://sibom.slyt.gba.gob.ar/bulletins/9806/contents/1985116,Coronel Suárez,Decreto Nº2471/2023 en el boletín 131º de Coronel Suárez,,05/12/2023,,adjudicada,volumen_alto,no,"neumatico,neumaticos",https://sibom.slyt.gba.gob.ar/bulletins/9806/contents/1985116,"Que en el mismo cotizaron dos firmas, efectuándose la correspondiente compulsa, según consta en la documentación adjunta al presente ... […] el Concurso de Precios nº 70/2023 realizado en el Expediente de referencia, para la adquisición de NEUMATICOS para Móviles Policiales, y- ... […] de - - - - “ NEUMATICOS para Móviles Policiales”, de acuerdo a lo expuesto en los considerandos del presente, a saber: ITEM 2; se adjudican 16 ...",2023-12-05,2026-09-01,2026-09-01
sibom,https://sibom.slyt.gba.gob.ar/bulletins/9806/contents/1984455,Coronel Suárez,Decreto Nº2345/2023 en el boletín 131º de Coronel Suárez,,05/12/2023,,,volumen_alto,no,"neumatico,neumaticos",https://sibom.slyt.gba.gob.ar/bulletins/9806/contents/1984455,"Que es necesaria su adquisición, a través de un Concurso de Precios, según lo establece la Ley Orgánica Municipal ... […] la necesidad de adquirir NEUMATICOS para móviles Policiales, solicitado por Policía Comunal, dependiente de Subsecretaria de Seguridad, y – ... […] de - - - - - 48 NEUMATICOS para p/Autos y Camionetas – para Móviles Policiales, costo total estimado $ 5.722.000,00 (Pesos cinco millones setecientos veintidós mil) de acuerdo ...",2023-12-05,2026-09-01,2026-09-01
sibom,https://sibom.slyt.gba.gob.ar/bulletins/9806/contents/1986412,Coronel Suárez,Decreto Nº2723/2023 en el boletín 131º de Coronel Suárez,,05/12/2023,,,volumen_alto,no,"neumatico,neumaticos",https://sibom.slyt.gba.gob.ar/bulletins/9806/contents/1986412,"Que es necesaria su adquisición, a través de un Concurso de Precios, según lo establece la Ley Orgánica Municipal ... […] la necesidad de adquirir NEUMATICOS para vehículos de la Secretaría de Servicios Públicos, y – ... […] de - - - - - 36 NEUMATICOS para vehículos de la Secretaría de Servicios Públicos, costo total estimado $ 5.444.000, (Pesos cinco millones cuatrocientos cuarenta y cuatro mil ...",2023-12-05,2026-09-01,2026-09-01
sibom,https://sibom.slyt.gba.gob.ar/bulletins/9722/contents/1986351,General Villegas,Decreto Nº1439/23 en el boletín 147º de General Villegas,,04/12/2023,,,volumen_alto,no,"neumatico,neumaticos,protector de neumaticos",https://sibom.slyt.gba.gob.ar/bulletins/9722/contents/1986351,"Neumáticos Verona S.R.L., Leticia Liliana Morra, Neumáticos Villegas S.A. (Pagaré sin protesto con firma certificada - $ 328.000.-) y Margaria Neumáticos S ... […] a la “Adquisición de cubiertas para maquinarias de la Dirección Vial”, por los oferentes Neumáticos Verona S.R.L., Leticia Liliana Morra y Neumáticos Villegas S.A., por las razones expuestas precedentemente ... […] : Neumáticos Verona S.R.L.: pagaré sin protesto certificado de $ 328.000.- Leticia Liliana Morra: pagaré sin protesto certificado de $ 328.000 ...",2023-12-04,2026-09-01,2026-09-01
sibom,https://sibom.slyt.gba.gob.ar/bulletins/9722/contents/1980249,General Villegas,Decreto Nº1355/23 en el boletín 147º de General Villegas,,04/12/2023,,,volumen_alto,no,"neumatico,neumaticos,protector de neumaticos",https://sibom.slyt.gba.gob.ar/bulletins/9722/contents/1980249,14267 SILLA NEUMATICA GIRATORIA C/A/B ... […] 14271 SILLA NEUMATICA GIRATORIA C/A/B ... […] 14272 SILLA NEUMATICA GIRATORIA C/A/B ...,2023-12-04,2026-09-01,2026-09-01
sibom,https://sibom.slyt.gba.gob.ar/bulletins/9722/contents/1986333,General Villegas,Decreto Nº1437/23 en el boletín 147º de General Villegas,,04/12/2023,,,volumen_alto,no,"neumatico,neumaticos,protector de neumaticos",https://sibom.slyt.gba.gob.ar/bulletins/9722/contents/1986333,"Territorial y proceder la devolución de las garantías aportadas por los proveedores Neumáticos Verona S.R.L., Leticia Liliana Morra y Neumáticos Villegas S.A. (Pagaré sin protesto con firma certificada - $ 284.000 ... […] Urbanos”, por los oferentes Neumáticos Verona S.R.L., Leticia Liliana Morra y Neumáticos Villegas S.A., por las razones expuestas precedentemente. ARTÍCULO SEGUNDO: Devuélvase a los proveedores ... […] : Neumáticos Verona S.R.L.: pagaré sin protesto certificado de $ 284.000.- Leticia Liliana Morra: pagaré sin protesto certificado de $ 284.000.- Neumáticos ...",2023-12-04,2026-09-01,2026-09-01
sibom,https://sibom.slyt.gba.gob.ar/bulletins/9664/contents/1976503,Moreno,Decreto Nº3681/23 en el boletín 279º de Moreno,,04/12/2023,,adjudicada,objetivo,no,"neumatico,neumaticos,protector de neumaticos",https://sibom.slyt.gba.gob.ar/bulletins/9664/contents/1976503,"Adjudíquese la Licitación Privada N° 146/2023, realizada para la “Adquisición de Neumáticos ” solicitada por la Secretaria de Obras y Servicios Públicos. A la firma SILVA SILVIO ALBERTO (1-4805) con domicilio en la calle ... […] Pte. Campora N° 2023, Merlo. A la oferta N° 2 correspondiente a la firma GRIMAU NEUMATICOS Y SERVICIOS SRL (1-4444) con domicilio en la calle Leandro Av. Libertador N° 990, Piso 0000, Moreno. SR ALBERTO ESTEBAN CONCA ...",2023-12-04,2026-09-01,2026-09-01
sibom,https://sibom.slyt.gba.gob.ar/bulletins/9783/contents/1985390,Bahia Blanca,Resolución Nº653 en el boletín 300º de Bahia Blanca,,04/12/2023,,,volumen_alto,no,"llanta,llantas",https://sibom.slyt.gba.gob.ar/bulletins/9783/contents/1985390,".119,53 ( llanta ) y gastos de colectivo ya que desde ese día hasta el día de hoy me manejo en colectivo. Cabe aclarar que esto fue debido a las malas condiciones en que se encuentran las calles de nuestra ciudad ... […] . El día Miércoles 2 de Agosto del corriente año me dirigía por la intersección de calles Zapiola y 19 de Mayo cuando desprevenidamente agarré un pozo que provocó la rotura de llanta y rotura de neumático… … Cabe aclarar ...",2023-12-04,2026-09-01,2026-09-01
sibom,https://sibom.slyt.gba.gob.ar/bulletins/9783/contents/1985393,Bahia Blanca,Resolución Nº654 en el boletín 300º de Bahia Blanca,,04/12/2023,,,volumen_alto,no,"llanta,llantas",https://sibom.slyt.gba.gob.ar/bulletins/9783/contents/1985393,"del neumático y llanta del vehículo de mi propiedad…” Que, a foja 17, la División de Inspección de Mantenimiento Urbano de este Municipio, informa: “ ...agentes de esta División, procedieron a verificar ...",2023-12-04,2026-09-01,2026-09-01
sibom,https://sibom.slyt.gba.gob.ar/bulletins/9722/contents/1980230,General Villegas,Decreto Nº1353/23 en el boletín 147º de General Villegas,,04/12/2023,,,volumen_alto,no,camara de aire,https://sibom.slyt.gba.gob.ar/bulletins/9722/contents/1980230,2524 EQUIPO DE AIRE ACONDICIONADO 4500 2536 ... […] EQUIPO AIRE ACONDICIONADO 2250 PHILCO - FRIO 3594 y 3596 COBERTOR ... […] 4082 EQUIPO AIRE ACONDICIONADO GOODMAN 15000 FR ...,2023-12-04,2026-09-01,2026-09-01
sibom,https://sibom.slyt.gba.gob.ar/bulletins/9738/contents/1984921,Vicente López,Decreto Nº6275/23 en el boletín 774º de Vicente López,,01/12/2023,,,objetivo,no,camara de aire,https://sibom.slyt.gba.gob.ar/bulletins/9738/contents/1984921,"Que a fs. 32/33 la Dirección General de Contaduría confeccionó la Solicitud de Gasto Nro. 0-10278 ... […] El presente expediente por la “PROVISION E INSTALACION DE EQUIPOS DE AIRE ACONDICIONADO SPLIT CON DESTINO A LA MATERNIDAD SANTA ROSA, DEPENDIENTE DE LA SECRETARIA DE SALUD”, y ... […] Referencia : EXPTE - EEMVL-5376-2023 ...",2023-12-01,2026-09-01,2026-09-01
sibom,https://sibom.slyt.gba.gob.ar/bulletins/9742/contents/1978046,Bahia Blanca,Resolución Nº630 en el boletín 299º de Bahia Blanca,,27/11/2023,,,volumen_alto,no,gomeria,https://sibom.slyt.gba.gob.ar/bulletins/9742/contents/1978046,"VISTO la Nota presentada a foja 1 por el Director General de Talleres de este Municipio respecto del faltante de bienes inventariables del sector “ Gomería ” del Departamento de Talleres ... […] de impacto p/ gomería uso industrial ¾” 1200nm siendo 44828 , multiplicador de fuerza p/ gomería 1:78 caract:fuerza máxima 3500nm siendo 44812 y crique carrito-p/automotor ... […] pertenecientes al sector “ Gomería ” del Departamento de Talleres y Maestranza, en un todo de acuerdo a lo normado por el artículo 44º de la Ley Nº 14.656 y en los considerandos de la presente ...",2023-11-27,2026-09-01,2026-09-01
sibom,https://sibom.slyt.gba.gob.ar/bulletins/9742/contents/1979173,Bahia Blanca,Ordenanza Nº21590 en el boletín 299º de Bahia Blanca,,27/11/2023,,,volumen_alto,no,"llanta,llantas",https://sibom.slyt.gba.gob.ar/bulletins/9742/contents/1979173,", dirección, cubre tablero negro, manubrio, soporte manubrio, pedal de freno, juego de espejos y llanta delantera completa), la suma de DOSCIENTOS SETENTA Y UN MIL TRESCIENTOS CINCUENTA Y DOS PESOS ($ 271.352), y expresa ... […] Artículo 1° - Dispónese el reconocimiento de los daños materiales ocasionados al motovehículo Marca Maverick, Modelo MA110-3, Tipo Motocicleta, Dominio 887DEW ...",2023-11-27,2026-09-01,2026-09-01
sibom,https://sibom.slyt.gba.gob.ar/bulletins/9751/contents/1979343,Exaltación de la Cruz,Decreto Nº175 en el boletín 215º de Exaltación de la Cruz,,22/11/2023,,,objetivo,no,"llanta,llantas",https://sibom.slyt.gba.gob.ar/bulletins/9751/contents/1979343,"Que la Secretaría de Higiene Urbana ha elaborado el listado de las cubiertas y llantas necesarias, a fin de efectuar el correspondiente llamado a Licitación Privada, Que, en virtud de lo expuesto, se hace necesario el dictado del presente acto administrativo; ... […] La necesidad de compra de cubiertas y llantas para vehículos de Higiene Urbana y el Expediente Administrativo N.° 4036-55072-0-2023, por el cual se tramita la Licitación Privada N.° 13/2023 y; ... […] Llámese a Licitación Privada N.° 13/2023 para compra de cubiertas y llantas para vehículos de Higiene Urbana, de acuerdo al Pliego ",2023-11-22,2026-09-01,2026-09-01
sibom,https://sibom.slyt.gba.gob.ar/bulletins/9751/contents/1979346,Exaltación de la Cruz,Decreto Nº179 en el boletín 215º de Exaltación de la Cruz,,22/11/2023,,,objetivo,no,"llanta,llantas",https://sibom.slyt.gba.gob.ar/bulletins/9751/contents/1979346,"Que por el citado Expediente Administrativo, mencionado en el Visto del presente, se tramita la Licitación Privada N° 13/2023, destinada a la compra de cubiertas y llantas para vehículos de Higiene Urbana ... […] La Ley Orgánica de las Municipalidades, Decreto Ley N.º 6769/58 y sus modificatorias, el Expediente Administrativo N° 4036-55072-0-2023, iniciado por la Jefatura de Compras de la Municipalidad de Exaltación de la Cruz ... […] 1º Adjudicase la Licitación Privada N° 13/2023, para la compra de cubiertas y llantas para vehículos ...",2023-11-22,2026-09-01,2026-09-01
sibom,https://sibom.slyt.gba.gob.ar/bulletins/9701/contents/1975430,Chacabuco,Decreto Nº1364/23 en el boletín 76º de Chacabuco,,18/11/2023,,,volumen_alto,no,"gomeria,neumatico,neumaticos,protector de neumaticos",https://sibom.slyt.gba.gob.ar/bulletins/9701/contents/1975430,"Las constancias del expediente administrativo Nº 4029-3257/23. Que la presente contratación reúne las condiciones establecidas de conformidad al artículo 151º de la Ley ... […] Las constancias del Expte. Nº 4029-3257/23 por el cual se tramita el llamado a licitación Privada para la adquisición, colocación, alineación y balanceo de 12 neumáticos destinados a vehículos del Corralón Municipal. ... […] ADJUDICANDO A LA FIRMA GOMERÍA CHACABUCO S.R.L. LA ADQUISICIÓN DE NEUMÁTICOS . ...",2023-11-18,2026-09-01,2026-09-01
sibom,https://sibom.slyt.gba.gob.ar/bulletins/9701/contents/1975631,Chacabuco,Decreto Nº1406/23 en el boletín 76º de Chacabuco,,18/11/2023,,,volumen_alto,no,gomeria,https://sibom.slyt.gba.gob.ar/bulletins/9701/contents/1975631,"Que se ha presentado un solo oferente, la firma Gomeria Chacabuco SRL, cuya propuesta supera el presupuesto oficial, pero es aceptable teniendo en cuenta la situación económica del país y el tiempo transcurrido ... […] Las constancias del Expte. Nº 4029-3544/23 por el cual se tramita el llamado a concurso de Precios para la adquisición de dos (2) cubiertas para la Retroexcavadora Case de la localidad de Rawson ... […] ADJUDICANDO A LA FIRMA GOMERÍA CHACABUCO SRL, LA ADQUISICIÓN DE DOS (2) NEUMÁTICOS PARA LA RETROEXCAVADORA CASE DE LA LOCALIDAD DE RAWSON. ...",2023-11-18,2026-09-01,2026-09-01
sibom,https://sibom.slyt.gba.gob.ar/bulletins/9587/contents/1968656,Chacabuco,Decreto Nº919/23 en el boletín 75º de Chacabuco,,12/11/2023,,,volumen_alto,no,"camara de aire,neumatico,neumaticos,protector de neumaticos",https://sibom.slyt.gba.gob.ar/bulletins/9587/contents/1968656,"Que la presente contratación se encuentra prevista por el artículo 151º de la Ley Orgánica Municipal ... […] Las presentes actuaciones en el Expediente administrativo Nº 4029-2540/23 por las cuáles se llama a concurso de precios para adquisición, colocación y balanceo de seis (6) neumáticos , seis (6) cámaras para Motoniveladora SEM 915, seis (6) protectores, dos (2) neumáticos y dos (2) cámaras para Tractor Paunny CAT083, de uso del Corralón Municipal. ... […] LLAMANDO A CONCURSO DE PRECIOS PARA LA ADQUISICIÓN, COLOCACIÓN Y BALANCEO DE SEIS (6) NEUMÁTICOS , SEIS (6) CÁMARAS, SEIS (6) PROTECTO",2023-11-12,2026-09-01,2026-09-01
sibom,https://sibom.slyt.gba.gob.ar/bulletins/9587/contents/1970404,Chacabuco,Decreto Nº1014/23 en el boletín 75º de Chacabuco,,12/11/2023,,,volumen_alto,no,"gomeria,neumatico,neumaticos,protector de neumaticos",https://sibom.slyt.gba.gob.ar/bulletins/9587/contents/1970404,"Que se ha presentado un solo oferente, la firma Gomeria Chacabuco SRL, cuya propuesta cumple con los requisitos exigidos, todo ello según Acta de fecha 23/06/23. Los dictámenes ... […] Las constancias del Expte. Nº 4029-2540/23 por el cual se tramita el llamado a Concurso de Precios para la adquisición, colocación y balanceo de seis (6) neumáticos , seis (6) cámaras para Motoniveladora SEM 915, seis (6) protectores, dos (2) neumáticos y dos (2) cámaras para Tractor Paunny CAT083, de uso del Corralón Municipal. ... […] ADJUDICANDO A LA FIRMA GOMERÍA CHACABUCO SRL , LA ADQUISICIÓN, COLOCACIÓN Y ",2023-11-12,2026-09-01,2026-09-01
sibom,https://sibom.slyt.gba.gob.ar/bulletins/9587/contents/1968698,Chacabuco,Decreto Nº929/23 en el boletín 75º de Chacabuco,,12/11/2023,,,volumen_alto,no,"neumatico,neumaticos,protector de neumaticos",https://sibom.slyt.gba.gob.ar/bulletins/9587/contents/1968698,"Que la presente contratación se encuentra prevista por el artículo 151º de la Ley Orgánica Municipal ... […] Las presentes actuaciones en el Expediente administrativo Nº 4029-2123/23 por las cuáles se llama a Licitación Privada para la adquisición de neumáticos para móviles de la Policía Comunal, DDI y COM. ... […] LLAMANDO A LICITACIÓN PRIVADA PARA LA ADQUISICIÓN DE NEUMÁTICOS PARA SECRETARÍA DE INSPECCIÓN GENERAL. ...",2023-11-12,2026-09-01,2026-09-01
sibom,https://sibom.slyt.gba.gob.ar/bulletins/9587/contents/1968652,Chacabuco,Decreto Nº917/23 en el boletín 75º de Chacabuco,,12/11/2023,,,volumen_alto,no,"neumatico,neumaticos,protector de neumaticos",https://sibom.slyt.gba.gob.ar/bulletins/9587/contents/1968652,"Que la presente contratación se encuentra prevista por el artículo 151º de la Ley Orgánica Municipal ... […] Las presentes actuaciones en el Expediente administrativo Nº 4029-2540/23 por las cuáles se llama a concurso de precios para adquisición, colocación y balanceo de seis (6) neumáticos , seis (6) cámaras para Motoniveladora SEM 915, seis (6) protectores, dos (2) neumáticos y dos (2) cámaras para Tractor Paunny CAT083, de uso del Corralón Municipal. ... […] MODIFICANDO VALORES RESPONSABLES PROGRAMA ENVION ...",2023-11-12,2026-09-01,2026-09-01
sibom,https://sibom.slyt.gba.gob.ar/bulletins/9587/contents/1971487,Chacabuco,Decreto Nº1112/23 en el boletín 75º de Chacabuco,,12/11/2023,,adjudicada,volumen_alto,no,gomeria,https://sibom.slyt.gba.gob.ar/bulletins/9587/contents/1971487,"Que el Honorable Concejo Deliberante en Sesión Pública del día 13/07/23, autorizó mediante Ordenanza Nº 9.774/23 la adjudicación a la firma Gomería Chacabuco S.R.L ... […] Las constancias del Expte. Nº 4029-2123/23 por el cual se tramita el llamado a licitación Privada para la adquisición de neumáticos para móviles de la Policía Comunal, DDI y COM ... […] ADJUDICANDO A LA FIRMA GOMERÍA CHACABUCO S.R.L. LA ADQUISICIÓN DE NEUMÁTICOS. ...",2023-11-12,2026-09-01,2026-09-01
sibom,https://sibom.slyt.gba.gob.ar/bulletins/9587/contents/1971455,Chacabuco,Decreto Nº1108/23 en el boletín 75º de Chacabuco,,12/11/2023,,,volumen_alto,no,gomeria,https://sibom.slyt.gba.gob.ar/bulletins/9587/contents/1971455,"La sanción de la Ordenanza Nº 9.774/2023 por parte del Honorable Concejo Deliberante y de conformidad con las facultades conferidas por el artículo 108º inciso 2º de la Ley Orgánica de las Municipalidades ... […] PROMULGANDO UNA ORDENANZA MUNICIPAL ... […] y Silveyra y la Dirección de Investigaciones y Grupo de Apoyo Departamental, por un monto de pesos seis millones trescientos dieciocho mil cuatrocientos sesenta ($ 6.318.460,00), IVA INCLUÍDO, al único oferente presentado, firma Gomería ...",2023-11-12,2026-09-01,2026-09-01
sibom,https://sibom.slyt.gba.gob.ar/bulletins/9584/contents/1970836,Coronel Dorrego,Decreto Nº1897/2023 en el boletín 129º de Coronel Dorrego,,08/11/2023,,,volumen_alto,no,"cubierta,cubiertas",https://sibom.slyt.gba.gob.ar/bulletins/9584/contents/1970836,"Que la Dirección de Servicios de esta Comuna ha manifestado la necesidad de adquirir 2 (DOS) cubiertas 18-4-34 de 6 telas para utilizar en el tractor de Aparicio; ... […] ARTICULO 1º) Llamase a CONCURSO DE PRECIOS Nº 87/2023 con el objeto de adquirir 2 (DOS) cubiertas 18-4-34 de 6 telas para utilizar en el tractor ... […] Por ello, el INTENDENTE MUNICIPAL , en uso de sus facultades - D E C R E T ...",2023-11-08,2026-09-01,2026-09-01
sibom,https://sibom.slyt.gba.gob.ar/bulletins/9584/contents/1970875,Coronel Dorrego,Decreto Nº1905/2023 en el boletín 129º de Coronel Dorrego,,08/11/2023,,adjudicada,volumen_alto,no,camara de aire,https://sibom.slyt.gba.gob.ar/bulletins/9584/contents/1970875,"Que, para este Concurso se realizaron cuatro invitaciones, no recibiéndose propuesta del Proveedor GINNER GERMÁN, y sí se recepcionaron las propuestas que a continuación se detallan ... […] El Concurso de Precios N° 87/2023 formalizado en el día de la fecha, con el fin de adquirir dos cubiertas 18.4.34 de 6 telas para ser utilizadas por tractor de Aparicio ... […] . ARTICULO 4°) Fijase la siguiente imputación: 111.01.05.000 Secretaría de Obras y Servicios Públicos –19 01 00 Corralón y taller- – 2.4.4.0 cubiertas y cámaras de aire ...",2023-11-08,2026-09-01,2026-09-01
sibom,https://sibom.slyt.gba.gob.ar/bulletins/9584/contents/1970622,Coronel Dorrego,Decreto Nº1879/2023 en el boletín 129º de Coronel Dorrego,,08/11/2023,,adjudicada,volumen_alto,no,camara de aire,https://sibom.slyt.gba.gob.ar/bulletins/9584/contents/1970622,"Que, para este Concurso se realizaron tres invitaciones, no recibiéndose las propuestas que a continuación se detallan ... […] El Concurso de Precios N° 84/2023 formalizado en el día de la fecha, con el fin de adquirir cuatro cubiertas para la motoniveladora perteneciente a la Comisión de Fomento de El Perdido ... […] cubiertas y cámaras de aire - Fuente de Financiamiento: 110 Tesoro Municipal. ARTICULO 5°) Comuníquese a la Dirección de Hacienda, Contaduría, Jefatura de Compras, demás que corresponda, dese al R.O., y oportunamente archívese.- ...",2023-11-08,2026-09-01,2026-09-01
sibom,https://sibom.slyt.gba.gob.ar/bulletins/9447/contents/1950900,La Plata,Decreto Nº2758/23 en el boletín 1238º de La Plata,,06/11/2023,,,objetivo,no,"bateria,baterias",https://sibom.slyt.gba.gob.ar/bulletins/9447/contents/1950900,"Expte. 4061-1228036-23. Aprueba Pliego Licit. Privada Nº 118-23 para la adquisición de baterias , criquet y llave cruz. ... […] EL INTENDENTE MUNICIPAL DECRETA ...",2023-11-06,2026-09-01,2026-09-01
sibom,https://sibom.slyt.gba.gob.ar/bulletins/9447/contents/1969184,La Plata,Decreto Nº3303/23 en el boletín 1238º de La Plata,,06/11/2023,,,objetivo,no,"bateria,baterias",https://sibom.slyt.gba.gob.ar/bulletins/9447/contents/1969184,"Expte. 4061-1229354-23. Aprueba. Adjudica Concurso de Precios Nº 231-23, solicita la adquisición de baterías . ... […] EL INTENDENTE MUNICIPAL DECRETA ...",2023-11-06,2026-09-01,2026-09-01
sibom,https://sibom.slyt.gba.gob.ar/bulletins/9447/contents/1969172,La Plata,Decreto Nº3039/23 en el boletín 1238º de La Plata,,06/11/2023,,,objetivo,no,"bateria,baterias",https://sibom.slyt.gba.gob.ar/bulletins/9447/contents/1969172,"Expte. 4061-1229100-23. Aprueba. Adjudica Concurso de Precios Nº 222-23, solicita la adquisición de baterías . ... […] EL INTENDENTE MUNICIPAL DECRETA ...",2023-11-06,2026-09-01,2026-09-01
sibom,https://sibom.slyt.gba.gob.ar/bulletins/9625/contents/1967965,Quilmes,Ordenanza Nº13914/2023 en el boletín 493º de Quilmes,,03/11/2023,,,objetivo,no,"llanta,llantas",https://sibom.slyt.gba.gob.ar/bulletins/9625/contents/1967965,"de 1978, de un momento icónico a partir de una imagen histórica en el triunfo de Argentina Campeón. ""El Abrazo del Alma"". Fillol se hincaba en el borde del área para rezar una plegaria en llanto , se acercaba Tarantini emocionado y detrás ... […] de él un chico sin brazos con las mangas flameantes de un pulóver gris, con un incontenible llanto de eternidad. Que la imagen captada por Don Ricardo Alfieri, en dicha final, recorrió el mundo entero, esta célebre pieza tiene innumerables ... […] ARTICULO 1° : OTORGUESE por parte del Honorable Concejo Deliberante de..................... Quilmes, el T",2023-11-03,2026-09-01,2026-09-01
sibom,https://sibom.slyt.gba.gob.ar/bulletins/9602/contents/1966167,Bahia Blanca,Decreto Nº4318 en el boletín 293º de Bahia Blanca,,30/10/2023,,,volumen_alto,no,"neumatico,neumaticos",https://sibom.slyt.gba.gob.ar/bulletins/9602/contents/1966167,"Visto las presentes actuaciones, originadas por el Departamento Talleres y Maestranza, dependiente de la Secretaría de Gestión Urbana, referidas a la adquisición de neumáticos para carga y transporte X412 - Conforme Solicitud de Pedido Nº 7403 ... […] ) que fueran invitadas a cotizar, según consta en los certificados de notificación adjuntos de fojas 6 a 9; Que, a fs. 11 obra Acta de Apertura en la que se presentó el proveedor, ALAUX NEUMATICOS S.A. oferta económica $ 5.502.240; Que, el Jefe ... […] de neumáticos para carga y transporte X412, por única oferta económica, que cumple con las espe",2023-10-30,2026-09-01,2026-09-01
sibom,https://sibom.slyt.gba.gob.ar/bulletins/9602/contents/1965960,Bahia Blanca,Resolución Nº920 en el boletín 293º de Bahia Blanca,,30/10/2023,,,volumen_alto,no,recauchutaje,https://sibom.slyt.gba.gob.ar/bulletins/9602/contents/1965960,"Zubiria Nº 926 de la localidad y partido de Bahía Blanca , cuyo rubro es “ Recauchutaje y vulcanización de cubiertas"" clasificado de Primera ... […] E - PRIMERO: Renovar el Certificado de Aptitud Ambiental al establecimiento propiedad de la firma "" Antonelli y Milian S.A"" cuyo rubro es “ Recauchutaje y vulcanización ...",2023-10-30,2026-09-01,2026-09-01
sibom,https://sibom.slyt.gba.gob.ar/bulletins/9576/contents/1963079,General Villegas,Decreto Nº894/23 en el boletín 145º de General Villegas,,26/10/2023,,,volumen_alto,no,"neumatico,neumaticos,protector de neumaticos",https://sibom.slyt.gba.gob.ar/bulletins/9576/contents/1963079,"VISTO: Las actuaciones obrantes en el Expediente Nº 5348/22, pertenecientes al Concurso de Precios Nº 19/23 destinado a la “Adquisición de neumáticos y cámaras ... […] a fojas 88, sugiere adjudicar el presente concurso al oferente Larocca Neumáticos S.A., por resultar conveniente a los intereses municipales, en un monto de Pesos un millón ciento cuarenta mil ($ 1.140.000.-) y por otro lado rechazar ... […] las propuestas de Neumáticos Villegas S.A. y Leticia Liliana Morra por no resultar convenientes a los intereses municipales, debiendo proceder a la devolución de las garantías de mantenimien",2023-10-26,2026-09-01,2026-09-01
sibom,https://sibom.slyt.gba.gob.ar/bulletins/9576/contents/1965024,General Villegas,Decreto Nº1038/23 en el boletín 145º de General Villegas,,26/10/2023,,,volumen_alto,no,"neumatico,neumaticos,protector de neumaticos",https://sibom.slyt.gba.gob.ar/bulletins/9576/contents/1965024,", de los cuales se presentaron tres (3), asimismo comunica que el oferente Margaria Neumáticos S.A, es desestimado por haber presentado incompleto el pliego de bases y condiciones. Que el Secretario de Seguridad, interviene ... […] a los intereses municipales en la suma de Pesos cinco millones treinta y cinco mil ($ 5.035.000.-), rechazar la oferta de presentada por Neumáticos Verona SRL, por no resultar conveniente a los intereses municipales y proceder a la devolución de las garantías ... […] 6129/23, por las razones expuestas precedentemente. ARTÍCULO SEGUNDO: Rechácese la propuesta present",2023-10-26,2026-09-01,2026-09-01
sibom,https://sibom.slyt.gba.gob.ar/bulletins/9543/contents/1958306,Saladillo,Decreto Nº1574/2023 en el boletín 94º de Saladillo,,24/10/2023,,,volumen_alto,no,gomeria,https://sibom.slyt.gba.gob.ar/bulletins/9543/contents/1958306,"que, la Subsecretaria de Servicios Públicos, Arq. Anabella Soledad Fasano, adjunta la documentación solicitada, e informa que el presupuesto asciende a la suma de $ 12.000.000,00 ... […] el expediente N° 2925/I/2023 por medio del cual el Intendente Municipal Ing. José Luis Salomón, solicita la documentación pertinente para llevar a cabo la adquisición de una desmontadora de neumáticos viales para el sector de gomería del Taller Municipal, de la ciudad de Saladillo; y ... […] ARTÍCULO 1: Llamar a Licitación Privada N° 18/2023 para llevar a cabo la adquisición de una desmontadora de neumáticos v",2023-10-24,2026-09-01,2026-09-01
sibom,https://sibom.slyt.gba.gob.ar/bulletins/9543/contents/1963085,Saladillo,Decreto Nº1752/2023 en el boletín 94º de Saladillo,,24/10/2023,,,volumen_alto,no,gomeria,https://sibom.slyt.gba.gob.ar/bulletins/9543/contents/1963085,"la adquisición de una desmontadora de neumáticos viales para el sector de gomería del Taller Municipal, de la ciudad de Saladillo; QUE obra anejado el pliego de bases ... […] el expediente N° 3201/I/2023 por medio del cual el Intendente Municipal Ing. José Luis Salomón, solicita la documentación pertinente para llevar a cabo la adquisición de una desmontadora de neumáticos viales para el sector de gomería del Taller Municipal, de la ciudad de Saladillo; y ... […] ARTÍCULO 1: Adjudicar la Licitación Privada N° 18/2023 para llevar a cabo la adquisición de una desmontadora de neumáticos viales pa",2023-10-24,2026-09-01,2026-09-01
sibom,https://sibom.slyt.gba.gob.ar/bulletins/9380/contents/1946541,Balcarce,Resolución Nº25/23 en el boletín 69º de Balcarce,,23/10/2023,,,volumen_alto,no,"llanta,llantas",https://sibom.slyt.gba.gob.ar/bulletins/9380/contents/1946541,"casi siempre inconsciente, pero en el rompehielos ( Almirante Irizar), nos tocó escuchar sus llantos de dolor, sus quejidos, recibirlos conscientes pero con las heridas abiertas por el movimiento de los helicópteros que los traían, hacerles la cama ... […] La necesidad de rescatar de la memoria la historia de las mujeres que sirvieron en la Guerra de las Islas Malvinas, reivindicando su valor, eficiencia y humanidad ... […] ARTÍCULO 1.- El Honorable Concejo Deliberante de Balcarce, expresa su Beneplácito por la ley 23.848 que otorga pensión vitalicia y honorífica a los Veteranos de Guerra, y l",2023-10-23,2026-09-01,2026-09-01
sibom,https://sibom.slyt.gba.gob.ar/bulletins/9412/contents/1962326,Chacabuco,Decreto Nº722/23 en el boletín 74º de Chacabuco,,22/10/2023,,,volumen_alto,no,"cubierta,cubiertas,gomeria",https://sibom.slyt.gba.gob.ar/bulletins/9412/contents/1962326,"Que se ha presentado un solo oferente, la firma Gomeria Chacabuco SRL, cuya propuesta supera el presupuesto oficial, pero es aceptable teniendo en cuenta el tiempo transcurrido entre el inicio del expediente y la fecha de apertura del Concurso ... […] Las constancias del Expte. Nº 4029-1403/23 por el cual se tramita el llamado a concurso de Precios para la adquisición de 12 cubiertas para equipos de limpieza, red vial y riego del área de Servicios Públicos. ... […] ADJUDICANDO A LA FIRMA GOMERÍA CHACABUCO SRL, LA ADQUISICIÓN DE 12 CUBIERTAS PARA LA SECRETARÍA DE SERVICIOS PÚBLICOS. ...",2023-10-22,2026-09-01,2026-09-01
sibom,https://sibom.slyt.gba.gob.ar/bulletins/9412/contents/1951010,Chacabuco,Decreto Nº353/23 en el boletín 74º de Chacabuco,,22/10/2023,,adjudicada,volumen_alto,no,gomeria,https://sibom.slyt.gba.gob.ar/bulletins/9412/contents/1951010,"y Técnica, en virtud de las constancias, no tienen objeciones en que se proceda a la adjudicación a la firma Gomería Chacabuco S.R.L. Los dictámenes producidos por las distintas áreas municipales que este Departamento Ejecutivo comparte. ... […] Las constancias del Expte. Nº 4029-474/23 por el cual se tramita el llamado a concurso de Precios para la adquisición, colocación, alinear y balanceo de 16 neumáticos destinados a móviles del Comando de Prevención Rural ... […] ADJUDICANDO A LA FIRMA GOMERÍA CHACABUCO SRL, LA ADQUISICIÓN DE 16 NEUMÁTICOS DESTINADOS A MÓVILES DEL COMANDO DE PREVENCIÓN R",2023-10-22,2026-09-01,2026-09-01
sibom,https://sibom.slyt.gba.gob.ar/bulletins/9548/contents/1959500,Mercedes,Decreto Nº1786/2023 en el boletín 69º de Mercedes,,19/10/2023,,adjudicada,volumen_alto,no,"cubierta,cubiertas,gomeria",https://sibom.slyt.gba.gob.ar/bulletins/9548/contents/1959500,"de cubiertas destinadas al stock de gomería. Que, habiéndose previsto como fecha de apertura de sobres el día 25/07/2023, se han presentado 4 (cuatro) oferentes, según consta en Acta de Apertura y Comparativo ... […] Lo actuado en Expediente Administrativo Nº 2856/2023, caratulado “Licitación Privada n° 55/2023” s/ la adquisición de cubiertas ; y, ... […] ARTICULO 1º) ADJUDICASE el total de la cotización N° 6037 a la firma TESTA ALFREDO ABEL el Item N° 1: Cubierta 235/75/15,Item N° 2: Cubiertas 275/80/22,5 (LISAS),Item N° 3 ...",2023-10-19,2026-09-01,2026-09-01
sibom,https://sibom.slyt.gba.gob.ar/bulletins/9483/contents/1957881,Bahia Blanca,Resolución Nº2691 en el boletín 288º de Bahia Blanca,,18/10/2023,,,volumen_alto,no,"bateria,baterias",https://sibom.slyt.gba.gob.ar/bulletins/9483/contents/1957881,"Visto las presentes actuaciones, referidas a la solicitud de Habilitación presentada por Lopez German , para desarrollar el rubro de VENTA AL POR MENOR DE BATERÍAS Y SERVICIOS DE COLOCACIÓN - VENTA AL POR MENOR ... […] E - ARTICULO 1º)- Habilitase a Lopez German , contribuyente Nº 088620, para el rubro de VENTA AL POR MENOR DE BATERÍAS Y SERVICIOS DE COLOCACIÓN - VENTA AL POR MENOR DE REPUESTOS ...",2023-10-18,2026-09-01,2026-09-01
sibom,https://sibom.slyt.gba.gob.ar/bulletins/9487/contents/1953733,General San Martín,Decreto Nº0935/23 en el boletín 1925º de General San Martín,,10/10/2023,,,objetivo,no,"cubierta,cubiertas",https://sibom.slyt.gba.gob.ar/bulletins/9487/contents/1953733,"Declarando desierto primer llamado del concurso de precios N° 594, CUBIERTAS y fijase 2° llamado.- ...",2023-10-10,2026-09-01,2026-09-01
sibom,https://sibom.slyt.gba.gob.ar/bulletins/9460/contents/1951802,Bahia Blanca,Decreto Nº3850 en el boletín 286º de Bahia Blanca,,28/09/2023,,,volumen_alto,no,"neumatico,neumaticos",https://sibom.slyt.gba.gob.ar/bulletins/9460/contents/1951802,"Visto las presentes actuaciones, originadas por el Departamento Talleres y Maestranza, dependiente de la Secretaría de Gestión Urbana, referidas a la adquisición de neumáticos para carga y transporte E712 - Conforme Solicitud de Pedido Nº 6108 ... […] ) que fueran invitadas a cotizar, según consta en los certificados de notificación adjuntos de fojas 7 a 10; Que, a fs. 14 obra Acta de Apertura en la que se presentaron lo proveedores ALVAREZ NEUMATICOS oferta economica $ 5.300.000, DUBIE PAULA oferta ... […] economica $ 4.200.000, ALAUX NEUMATICOS S.A. oferta economica $ 3.930.000; Que, a fojas",2023-09-28,2026-09-01,2026-09-01
sibom,https://sibom.slyt.gba.gob.ar/bulletins/9257/contents/1940157,Coronel Dorrego,Decreto Nº1105/2023 en el boletín 127º de Coronel Dorrego,,26/09/2023,,adjudicada,volumen_alto,no,"camara de aire,cubierta,cubiertas",https://sibom.slyt.gba.gob.ar/bulletins/9257/contents/1940157,"Que, para este Concurso se realizaron tres invitaciones, no recibiéndose oferta de los Proveedores GINER GERMÁN y ALVAREZ NEUMÁTICOS S.A. Sí se recibió una única oferta que a continuación ... […] El Concurso de Precios N° 53/2023 formalizado en el día de la fecha, con el fin de adquirir cuatro cubiertas para la motoniveladora perteneciente a la Comisión de Fomento de La Luna; ... […] ARTICULO 1°) Apruébese el CONCURSO DE PRECIOS N° 53/2023 realizado con la finalidad de adquirir cuatro cubiertas 1400X24 ...",2023-09-26,2026-09-01,2026-09-01
sibom,https://sibom.slyt.gba.gob.ar/bulletins/9423/contents/1948011,Bahia Blanca,Decreto Nº3819 en el boletín 285º de Bahia Blanca,,25/09/2023,,,volumen_alto,no,"neumatico,neumaticos",https://sibom.slyt.gba.gob.ar/bulletins/9423/contents/1948011,"de $769.500, ÁLVAREZ NEUMÁTICOS S.A. con una oferta económica $1.504.800 y ÁLVAREZ ARSENIO OSVALDO con una oferta económica de $760.517 ; Que, a fs. 37 y 46 la Subsecretaria de Protección Ciudadana y el Departamento de Compras respectivamente ... […] sugieren adjudicar a la firma ÁLVAREZ NEUMÁTICOS S.A. los ítems N.° 1, 2, 3 y 4 y a la firma ÁLVAREZ ARSENIO OSVALDO los ítems N.° 5, 6 y 7 las mismas se ajusta a los intereses municipales, cumplen con las especificaciones técnicas requeridas ... […] y son las ofertas más económicas; Que, a fs. 46 el Departamento de Compras informa que “si bien ex",2023-09-25,2026-09-01,2026-09-01
sibom,https://sibom.slyt.gba.gob.ar/bulletins/9396/contents/1945803,Chivilcoy,Decreto Nº1459 en el boletín 80º de Chivilcoy,,18/09/2023,,adjudicada,volumen_alto,no,"neumatico,neumaticos,protector de neumaticos",https://sibom.slyt.gba.gob.ar/bulletins/9396/contents/1945803,"el informe de la Secretaria de Seguridad, por el cual comunica que, no se han encontrado objeciones en el proceso del concurso, determinándose conveniente a los intereses de este municipio adjudicar el Concurso de Precios a la firma; TESTA NEUMATICOS S.A Por ello; ... […] el expediente Nº 4031-247297/23 mediante el cual se solicita la adquisición de neumáticos para móviles policiales, solicitado por la Secretaria de Seguridad, y ... […] Adjudicación concurso de precios N°42 ...",2023-09-18,2026-09-01,2026-09-01
sibom,https://sibom.slyt.gba.gob.ar/bulletins/9306/contents/1935168,Tapalqué,Decreto Nº0511 en el boletín 73º de Tapalqué,,15/09/2023,,,volumen_alto,no,"cubierta,cubiertas",https://sibom.slyt.gba.gob.ar/bulletins/9306/contents/1935168,VISTO: La necesidad por parte de esta Municipalidad de proceder al llamado a Concurso de Precios N° 36 para la adquisición de Cubiertas para el Corralon Municipal que se tramita mediante expediente N° 4111-133/23 ... […] ARTICULO 1º: Autorízase a la Oficina de Compras de esta Municipalidad a proceder al llamado a concurso de precios N° 36 para la adquisición de Cubiertas para el Corralon ... […] Imputación: 67.04.00 Mant. y Rep Caminos Rurales Fuente: 133 Origen Nacional Inc. del gasto: 2.4.4.0 Cubiertas y C de Aire ...,2023-09-15,2026-09-01,2026-09-01
sibom,https://sibom.slyt.gba.gob.ar/bulletins/9306/contents/1935119,Tapalqué,Decreto Nº0509 en el boletín 73º de Tapalqué,,15/09/2023,,adjudicada,volumen_alto,no,"cubierta,cubiertas",https://sibom.slyt.gba.gob.ar/bulletins/9306/contents/1935119,"VISTO : El llamado a Concurso de Precios N° 33 para la adquisición de cubiertas para el CPR que se tramita mediante expediente N° 4111-126/23 para el día 6 de julio de 2023 a las 10,00 horas, en la Oficina de Compras ... […] ARTÍCULO 1°: Adjudicase el Concurso de Precios N° 33 para la adquisición de cubiertas para el CPR que se tramita mediante expediente N° 4111-126/23 ... […] Por ello el Intendente Municipal, en uso de sus facultades decreta ...",2023-09-15,2026-09-01,2026-09-01
sibom,https://sibom.slyt.gba.gob.ar/bulletins/9306/contents/1944122,Tapalqué,Decreto Nº0523 en el boletín 73º de Tapalqué,,15/09/2023,,adjudicada,volumen_alto,no,"cubierta,cubiertas",https://sibom.slyt.gba.gob.ar/bulletins/9306/contents/1944122,"VISTO : El llamado a Concurso de Precios N° 36 para la adquisición de Cubiertas para el Corralón Municipal que se tramita mediante expediente N° 4111-133/23, para el día 18 de julio de 2023 a las 10,00 horas, en la Oficina ... […] ARTÍCULO 1°: Adjudicase el Concurso de Precios N° 36 para la adquisición de Cubiertas para el Corralón Municipal que se tramita mediante expediente N° 4111-133/23 ... […] Por ello el Intendente Municipal, en uso de sus facultades decreta ...",2023-09-15,2026-09-01,2026-09-01
sibom,https://sibom.slyt.gba.gob.ar/bulletins/9240/contents/1936654,Chacabuco,Decreto Nº221/23 en el boletín 73º de Chacabuco,,10/09/2023,,,volumen_alto,no,"cubierta,cubiertas,gomeria",https://sibom.slyt.gba.gob.ar/bulletins/9240/contents/1936654,"Que se ha presentado un solo oferente, la firma Gomeria Chacabuco SRL, cuya propuesta supera el presupuesto oficial, pero es aceptable teniendo en cuenta el tiempo transcurrido entre el inicio del expediente y la fecha de apertura del Concurso ... […] Las constancias del Expte. Nº 4029-5170/22 por el cual se tramita el llamado a concurso de Precios para la adquisición de 16 cubiertas para equipos viales, recolección y riego del Corralón Municipal. ... […] ADJUDICANDO A LA FIRMA GOMERÍA CHACABUCO SRL, LA ADQUISICIÓN DE 16 CUBIERTAS PARA LA SECRETARÍA DE SERVICIOS PÚBLICOS. ...",2023-09-10,2026-09-01,2026-09-01
sibom,https://sibom.slyt.gba.gob.ar/bulletins/9352/contents/1940424,Bahia Blanca,Decreto Nº3556 en el boletín 280º de Bahia Blanca,,07/09/2023,,,volumen_alto,no,"neumatico,neumaticos,protector de neumaticos",https://sibom.slyt.gba.gob.ar/bulletins/9352/contents/1940424,"Visto las presentes actuaciones, originadas por el Departamento Talleres y Maestranza, dependiente de la Secretaría de Gestión Urbana, referidas a la adquisición de neumáticos E528, conforme Solicitud de Pedido N.º 6117/2023 ... […] consta en los certificados de notificación adjuntos de fojas 7 a 9; Que, a fs. 12 obra el acta de apertura con las ofertas económicas de: ALAUX SERVICIOS S.A. con una oferta económica de $2.495.900 y ÁLVAREZ NEUMÁTICOS S.A. con una oferta ... […] económica $2.250.000; Que, a fs. 14 el Departamento de Compras sugiere adjudicar a la firma ÁLVAREZ NEUMÁTICOS S.A. la m",2023-09-07,2026-09-01,2026-09-01
sibom,https://sibom.slyt.gba.gob.ar/bulletins/9327/contents/1938161,Coronel Rosales,Decreto Nº41 en el boletín 34º de Coronel Rosales,,05/09/2023,,,volumen_alto,no,"bateria,baterias",https://sibom.slyt.gba.gob.ar/bulletins/9327/contents/1938161,". Que en abril de 2022, dicha comparsa, asistió al “ Encuentro Internacional de Baterías , batucadas y pasistas” en la ciudad de Gualeguay, Entre Ríos, siendo la primera batucada en representar a la ciudad de Punta Alta a nivel ... […] ”, “Batucada Kadiz” y “Comparsa Ritmo Imponente” , además se contará con la participación de agrupaciones de la zona: “ Batería La Auténtica Bahía Ba” , las Comparsas “Porto Alegre” , “Arazunu ... […] no Pè, puesta en escena y clínica de percusión. Que la clínica de percusión será dictada por los directores Maximiliano González, Batería Nota 10, y Eloy Rothlisbe",2023-09-05,2026-09-01,2026-09-01
sibom,https://sibom.slyt.gba.gob.ar/bulletins/9277/contents/1936912,Trenque Lauquen,Decreto Nº1289/2023 en el boletín 141º de Trenque Lauquen,,03/09/2023,,,volumen_alto,no,camara de aire,https://sibom.slyt.gba.gob.ar/bulletins/9277/contents/1936912,"Que las ofertas presentadas superan los montos de licitación privada según la ley orgánica de las municipalidades ... […] Las actuaciones obrantes en el Expediente Nº574/2023 - LICITACION PRIVADA Nº27/2023 , en la cual se gestiona la contratación de: “SISTEMA DE AIRE ACONDICIONADO FRIO/CALOR"" con destino a la Escuela Nº 503 de 30 de Agosto ; y, ... […] 1289-2023 LICITACION PRIVADA 27-2023.- DEJESE SIN EFECTO sistema de aire frio-calor para escuela 503 ...",2023-09-03,2026-09-01,2026-09-01
sibom,https://sibom.slyt.gba.gob.ar/bulletins/9187/contents/1936055,Moreno,Decreto Nº2460/23 en el boletín 276º de Moreno,,01/09/2023,,adjudicada,objetivo,no,"neumatico,neumaticos,protector de neumaticos",https://sibom.slyt.gba.gob.ar/bulletins/9187/contents/1936055,"Adjudíquese el Concurso de Precios N° 149/2023, realizado para la adquisición de “Cubiertas” solicitada por la Secretaria de Salud y Ambiente. A la oferta N° 1 correspondiente a las firmas: A) LARROCA NEUMATICOS (1-3482) con domicilio en Leandro ... […] N. Alem N° 1681, Localidad Castelar. B) GRIMAU NEUMATICOS Y SERVICIOS S.R.L (1-4444) con domicilio en Av. Libertador N° 990, Localidad: Moreno. SR ALBERTO ESTEBAN CONCA ...",2023-09-01,2026-09-01,2026-09-01
sibom,https://sibom.slyt.gba.gob.ar/bulletins/9187/contents/1929980,Moreno,Decreto Nº2673/23 en el boletín 276º de Moreno,,01/09/2023,,adjudicada,objetivo,no,"neumatico,neumaticos",https://sibom.slyt.gba.gob.ar/bulletins/9187/contents/1929980,"Adjudíquese la Licitación Privada N° 114/2023, realizada para la “Adquisición de Neumáticos ” solicitada por la Secretaria de Obras y Servicios Públicos. A la oferta N° 1 correspondiente a la firma GRIMAU NEUMATICOS Y SERVICIOS S.R.L (1-4444 ...",2023-09-01,2026-09-01,2026-09-01
sibom,https://sibom.slyt.gba.gob.ar/bulletins/9314/contents/1936204,Bahia Blanca,Resolución Nº2227 en el boletín 278º de Bahia Blanca,,01/09/2023,,,volumen_alto,no,gomeria,https://sibom.slyt.gba.gob.ar/bulletins/9314/contents/1936204,"Visto las presentes actuaciones, referidas a la solicitud de Habilitación presentada por NEUMATICOS LAINEZ SOCIEDAD DE RESPONSABILIDAD LTDA , para desarrollar el rubro de GOMERÍA , en calle LAINEZ 3001 ... […] )- Habilitase a NEUMATICOS LAINEZ SOCIEDAD DE RESPONSABILIDAD LTDA , contribuyente Nº 91273, para el rubro de GOMERÍA , en calle LAINEZ 3001 del partido de BAHIA BLANCA.- ARTICULO 2º ...",2023-09-01,2026-09-01,2026-09-01
sibom,https://sibom.slyt.gba.gob.ar/bulletins/9152/contents/1937133,Coronel Suárez,Ordenanza Nº7936/2023 en el boletín 128º de Coronel Suárez,,31/08/2023,,,volumen_alto,no,"neumatico,neumaticos,protector de neumaticos",https://sibom.slyt.gba.gob.ar/bulletins/9152/contents/1937133,"ARTICULO 1°.- Autorízase al Departamento Ejecutivo a - - - - - - - - - otorgar la Licitación Privada 11/23 a la firma LAROCCA NEUMATICOS S.A., por ser el único oferente, para la adquisición ... […] de Neumáticos para Servicios Públicos de Huanguelén, quien cotiza en PESOS CUATRO MILLONES CUARENTA Y SIETE MIL NOVECIENTOS CINCUENTA Y DOS ($4.047.952,00).- ARTÍCULO 2º ...",2023-08-31,2026-09-01,2026-09-01
sibom,https://sibom.slyt.gba.gob.ar/bulletins/9152/contents/1926535,Coronel Suárez,Decreto Nº458/2023 en el boletín 128º de Coronel Suárez,,31/08/2023,,,volumen_alto,no,"neumatico,neumaticos",https://sibom.slyt.gba.gob.ar/bulletins/9152/contents/1926535,"analizadas las ofertas, la Gerente Vial sugiere adjudicar conforme informe de fs.53, a la firma Larocca Neumaticos SA, ya que la misma se ajusta a los requerimientos técnicos de diseño y cantidad de telas, atento que la oferta más económica no cumple con el requisito de cantidad de telas solicitado.- ... […] el Concurso de Precios nº 08/2023 realizado en el Expediente de referencia, para la adquisición de NEUMATICOS para Motoniveladora, solicitado por la Gerente Vial, y- ... […] de - - - - “08- NEUMATICOS para cp/Tractor y Eq. Vial - Marca NEUMASTER”, a la Firma LAROCCA NEUMATICOS SA, por un v",2023-08-31,2026-09-01,2026-09-01
sibom,https://sibom.slyt.gba.gob.ar/bulletins/9152/contents/1929072,Coronel Suárez,Decreto Nº712/2023 en el boletín 128º de Coronel Suárez,,31/08/2023,,,volumen_alto,no,"neumatico,neumaticos",https://sibom.slyt.gba.gob.ar/bulletins/9152/contents/1929072,"Que del Acta de apertura de la misma, surge que ha cotizado una sola firma: LAROCCA NEUMATICOS SA, quien cotiza un total de $ 4.047.952 (Pesos cuatro millones cuarenta y siete mil novecientos cincuenta ... […] la Licitación Privada nº 11/2023, para la adquisición NEUMATICOS , para vehículos del Corralón Municipal de Huanguelen,- Secretaría de Servicios Públicos, y ... […] : - - - - - “LAROCCA NEUMATICOS SA” para la adquisición de NEUMATICOS , quién cotiza un total de $ 4.047.952 (Pesos cuatro millones cuarenta y siete mil novecientos cincuenta y dos)de acuerdo ...",2023-08-31,2026-09-01,2026-09-01
sibom,https://sibom.slyt.gba.gob.ar/bulletins/9152/contents/1936198,Coronel Suárez,Decreto Nº908/2023 en el boletín 128º de Coronel Suárez,,31/08/2023,,,volumen_alto,no,"neumatico,neumaticos",https://sibom.slyt.gba.gob.ar/bulletins/9152/contents/1936198,"Que es necesaria su adquisición, a través de un Concurso de Precios, según lo establece la Ley Orgánica Municipal ... […] la necesidad de adquirir NEUMATICOS para Motoniveladora – DOM DEE61, solicitado por Secretaría de Servicios Públicos, y – ... […] de - - - - - 6 NEUMATICOS para p/Tractor y Eq. Vial – Dimensión 17/5/25, solicitado por la Secretaría de Servicios Públicos, costo total estimado $ 3.000.000, (Pesos tres millones ...",2023-08-31,2026-09-01,2026-09-01
sibom,https://sibom.slyt.gba.gob.ar/bulletins/9152/contents/1925377,Coronel Suárez,Decreto Nº352/2023 en el boletín 128º de Coronel Suárez,,31/08/2023,,,volumen_alto,no,camara de aire,https://sibom.slyt.gba.gob.ar/bulletins/9152/contents/1925377,"Que es necesaria su adquisición, a través de un Concurso de Precios, según lo establece la Ley Orgánica Municipal ... […] la necesidad de adquirir cubiertas y cámaras de aire , solicitado por la Direccion de Hospital Municipal de Huanguelen dependiente de la Secretaria de Salud, y – ... […] ART. 1º: Llamar a Concurso de Precios nº 15/2023 para adquirir cubiertas y cámaras de aire , solicitado por la Direccion de Hospital Municipal de Huanguelen dependiente de la Secretaria de Salud ...",2023-08-31,2026-09-01,2026-09-01
sibom,https://sibom.slyt.gba.gob.ar/bulletins/9152/contents/1926532,Coronel Suárez,Decreto Nº456/2023 en el boletín 128º de Coronel Suárez,,31/08/2023,,,volumen_alto,no,camara de aire,https://sibom.slyt.gba.gob.ar/bulletins/9152/contents/1926532,"Que en el mismo cotizó una sola firma, efectuándose la correspondiente compulsa, según consta en la documentación adjunta al presente ... […] el Concurso de Precios nº 15/2023 realizado en el Expediente de referencia, para la adquisición de Cubiertas y Cámaras de aire , para el Hospital Municipal “Lucero del Alba” de la localidad de Huanguelen, y- ... […] ART.1º : Adjudícase el Concurso de Precios nº 15/2023 para la adquisición de - - - - 08 CUBIERTAS y CÁMARAS de AIRE – Marca APLUS, al proveedor LA ROCCA NEUMATICOS SA, en un monto total de $ 685.264,00 ...",2023-08-31,2026-09-01,2026-09-01
sibom,https://sibom.slyt.gba.gob.ar/bulletins/9281/contents/1931276,General Villegas,Decreto Nº520/23 en el boletín 143º de General Villegas,,30/08/2023,,,volumen_alto,no,"neumatico,neumaticos,protector de neumaticos",https://sibom.slyt.gba.gob.ar/bulletins/9281/contents/1931276,"a la “Adquisición de neumáticos y cámaras para regadores y tractores - Mantenimiento y servicios en Delegaciones Municipales del partido de General Villegas” autorizado por Decreto Nº 348/23 ... […] a: Leticia Liliana Morra: ítems 1 al 20, por un monto de Pesos tres millones cincuenta y nueve mil doscientos ($ 3.059.200.-) Neumáticos Villegas S.A: ítems 21 y 22, en la suma de Pesos seiscientos ... […] noventa y un mil doscientos ($ 691.200.-) asimismo rechazar las propuestas de los ítems 21 y 22 de Leticia Liliana Morra y los ítems del 1 al 20 de Neumáticos Villegas por no resultar conveniente",2023-08-30,2026-09-01,2026-09-01
sibom,https://sibom.slyt.gba.gob.ar/bulletins/9260/contents/1930704,Tapalqué,Decreto Nº0487 en el boletín 72º de Tapalqué,,29/08/2023,,,volumen_alto,no,"cubierta,cubiertas",https://sibom.slyt.gba.gob.ar/bulletins/9260/contents/1930704,"VISTO: La necesidad por parte de esta Municipalidad de proceder al llamado concurso de precios N° 33 para la adquisición de cubiertas para el CPR que se tramita mediante expediente N° 4111-126/23 ... […] a proceder al llamado concurso de precios N° 33 para la adquisición de cubiertas para el CPR que se tramita mediante expediente N° 4111-126/23, según la siguiente categoría programática ... […] Fuente: 132 Origen provincial Inciso del gasto: 2.4.4.0 Cubiertas y cámaras ...",2023-08-29,2026-09-01,2026-09-01
sibom,https://sibom.slyt.gba.gob.ar/bulletins/9215/contents/1927017,Coronel Dorrego,Decreto Nº0955/2023 en el boletín 126º de Coronel Dorrego,,17/08/2023,,,volumen_alto,no,"cubierta,cubiertas",https://sibom.slyt.gba.gob.ar/bulletins/9215/contents/1927017,"Que la Dirección de Inspección y Seguridad de esta Comuna ha manifestado la necesidad de adquirir doce (12) cubiertas 225/70/17 para ser utilizadas en móviles policiales Nº 22906/22907 y 29908; ... […] ARTICULO 1º) Llamase a CONCURSO DE PRECIOS Nº 48/2023 con el objeto de adquirir doce (12) cubiertas 225/70/17 para ser utilizadas en móviles ... […] Por ello, el INTENDENTE MUNICIPAL , en uso de sus facultades - D E C R E T ...",2023-08-17,2026-09-01,2026-09-01
sibom,https://sibom.slyt.gba.gob.ar/bulletins/9215/contents/1925669,Coronel Dorrego,Decreto Nº0802/2023 en el boletín 126º de Coronel Dorrego,,17/08/2023,,,volumen_alto,no,"cubierta,cubiertas",https://sibom.slyt.gba.gob.ar/bulletins/9215/contents/1925669,"Que la Delegación de El Perdido ha manifestado la necesidad de adquirir cuatro cubiertas 1300x24 para ser utilizadas en motoniveladora afectada a dicha delegación comunal; ... […] ARTICULO 1º) Llamase a CONCURSO DE PRECIOS Nº 44/2023 con el objeto de adquirir cuatro cubiertas 1300X24 ... […] Por ello, el INTENDENTE MUNICIPAL , en uso de sus facultades - D E C R E T ...",2023-08-17,2026-09-01,2026-09-01
sibom,https://sibom.slyt.gba.gob.ar/bulletins/9215/contents/1925317,Coronel Dorrego,Resolución Nº0012/23 en el boletín 126º de Coronel Dorrego,,17/08/2023,,,volumen_alto,no,gomeria,https://sibom.slyt.gba.gob.ar/bulletins/9215/contents/1925317,"emprendimiento identificado como “ GOMERIA EL BAJO”. Que es deber del legislador prevenir ... […] El exceso de velocidad evidenciado por los vehículos que transitan en zona de quintas ... […] ARTICULO 1º) Solicitar al Departamento Ejecutivo, que, mediante el área que ============= corresponda, considere la posibilidad de colocar cartelería, reductor ...",2023-08-17,2026-09-01,2026-09-01
sibom,https://sibom.slyt.gba.gob.ar/bulletins/9215/contents/1927122,Coronel Dorrego,Decreto Nº0968/2023 en el boletín 126º de Coronel Dorrego,,17/08/2023,,adjudicada,volumen_alto,no,camara de aire,https://sibom.slyt.gba.gob.ar/bulletins/9215/contents/1927122,"Que para este Concurso se realizaron cuatro invitaciones, no recibiéndose oferta del Proveedor ALVAREZ NEUMÁTICOS S.A. Sí se recibieron las propuestas que a continuación se detallan ... […] El Concurso de Precios N° 48/2023 formalizado en el día de la fecha, con el fin de adquirir doce cubiertas 225/70/17 para móviles policiales Nº 22906/22907/29908 ... […] . ARTICULO 4°) Fijase la siguiente imputación: 111.01.05.000 Secretaría de Obras y Servicios Públicos –16.51.05 Fondo Municipal de Fortalecimiento de la Seguridad – 2.4.4.0 cubiertas y cámaras ...",2023-08-17,2026-09-01,2026-09-01
sibom,https://sibom.slyt.gba.gob.ar/bulletins/8651/contents/1882520,Coronel Rosales,Ordenanza Nº4213 en el boletín 32º de Coronel Rosales,,09/08/2023,,,volumen_alto,no,recapado,https://sibom.slyt.gba.gob.ar/bulletins/8651/contents/1882520,"o mayor al antes indicado. No podrán estar equipados con cubiertas reconstruídas o recapadas . f) Encontrarse en perfecto estado mecánico, de acuerdo a lo establecido por el Código de Tránsito ...",2023-08-09,2026-09-01,2026-09-01
sibom,https://sibom.slyt.gba.gob.ar/bulletins/8947/contents/1905978,Coronel Dorrego,Decreto Nº0554/2023 en el boletín 125º de Coronel Dorrego,,08/08/2023,,adjudicada,volumen_alto,no,"camara de aire,cubierta,cubiertas",https://sibom.slyt.gba.gob.ar/bulletins/8947/contents/1905978,"Que para este Concurso se realizaron tres invitaciones, no recibiéndose oferta del Proveedor GINER GERMÁN. Sí se recibieron las propuestas que a continuación se detallan ... […] el Concurso de Precios N° 27/2023 formalizado en el día de la fecha, con el fin de adquirir cuatro cubiertas 17.5.25 diseño L3 de 16 telas para ser utilizadas por la Motoniveladora perteneciente a la Delegación Municipal de Oriente; ... […] ARTICULO 1°) Apruébese el CONCURSO DE PRECIOS N° 27/2023 realizado con la finalidad de adquirir cuatro cubiertas 17.5.25 diseño L3 de 16 telas ...",2023-08-08,2026-09-01,2026-09-01
sibom,https://sibom.slyt.gba.gob.ar/bulletins/9067/contents/1920546,Moreno,Decreto Nº2349/23 en el boletín 275º de Moreno,,02/08/2023,,adjudicada,objetivo,no,"neumatico,neumaticos",https://sibom.slyt.gba.gob.ar/bulletins/9067/contents/1920546,"Adjudíquese la Licitación Privada N° 87/2023, realizada para la adquisición de “ Neumáticos y Cámaras” solicitada por la Secretaria de Obras y Servicios Públicos. A La oferta N° 2 correspondiente a la firma LARROCA NEUMATICOS S.A (1-3482 ...",2023-08-02,2026-09-01,2026-09-01
sibom,https://sibom.slyt.gba.gob.ar/bulletins/9067/contents/1920445,Moreno,Decreto Nº2133/23 en el boletín 275º de Moreno,,02/08/2023,,adjudicada,objetivo,no,"bateria,baterias",https://sibom.slyt.gba.gob.ar/bulletins/9067/contents/1920445,"Adjudíquese el Concurso de Precios N° 99/2023, para la adquisición de Baterías las cuales serán utilizadas en Infraestructura Tecnología ubicado en Asconape N° 39 abastecimientos de sala de servidores solicitada ...",2023-08-02,2026-09-01,2026-09-01
sibom,https://sibom.slyt.gba.gob.ar/bulletins/9133/contents/1918192,General Alvear,Decreto Nº437 en el boletín 39º de General Alvear,,26/07/2023,,,volumen_alto,no,"cubierta,cubiertas",https://sibom.slyt.gba.gob.ar/bulletins/9133/contents/1918192,"Las propuestas presentadas ... […] El Expediente Nº 4039-16403/2023, por el cual se llama a Concurso de Precios Nº 50/2023, para la “Adquisición de 8 Cubiertas 225/70 R 17 C, con destino a POLICÍA COMUNAL; y ... […] ARTICULO 1º: Adjudicase el Concurso de Precios Nº 50/2023 (Expediente Nº 4039- 16403/2023), a la Firma: ESNAOLA JUAN CRUZ, la Adquisición de 8 Cubiertas 225/70 R 17 C, con destino a POLICÍA ...",2023-07-26,2026-09-01,2026-09-01
sibom,https://sibom.slyt.gba.gob.ar/bulletins/9133/contents/1918161,General Alvear,Decreto Nº421 en el boletín 39º de General Alvear,,26/07/2023,,,volumen_alto,no,"cubierta,cubiertas",https://sibom.slyt.gba.gob.ar/bulletins/9133/contents/1918161,"Que los montos que presupuestan aconsejan la realización de un concurso de precios ... […] El Expediente Nº 4039-16403/2023, referente a: “Adquisición de 8 Cubiertas 225/70 R 17 C, con destino a POLICÍA COMUNAL”, Costo Aproximado de pesos dos millones ($ 2.000.000,00); y ... […] ARTICULO 1º: Llámese a Concurso de Precios Nº 50/2023 (Expte. Nº 4039-16403/2023), para el día 29 de junio de 2023, a las 11:00 hs. para la: “Adquisición de 8 Cubiertas 225/70 R 17 C ...",2023-07-26,2026-09-01,2026-09-01
sibom,https://sibom.slyt.gba.gob.ar/bulletins/8742/contents/1904475,Chacabuco,Decreto Nº1785/22 en el boletín 72º de Chacabuco,,22/07/2023,,,volumen_alto,no,"gomeria,neumatico,neumaticos",https://sibom.slyt.gba.gob.ar/bulletins/8742/contents/1904475,"a la propuesta el servicio de desarme, armado y balanceo y cotiza neumáticos de la calidad requerida. Los dictámenes producidos por las distintas áreas municipales que este Departamento Ejecutivo comparte. ... […] Las constancias del Expte. Nº 4029-4884/22 por el cual se tramita el llamado a concurso de precios para adquisición, colocación y balanceo de 10 neumáticos para camión compactador del Corralón Municipal de la localidad de Rawson. ... […] ADJUDICANDO A LA FIRMA GOMERÍA CHACABUCO S.R.L., LA ADQUISICIÓN DE 10 NEUMÁTICOS PARA CAMIÓN COMPACTADOR DE LA LOCALIDAD DE RAWSON. ...",2023-07-22,2026-09-01,2026-09-01
sibom,https://sibom.slyt.gba.gob.ar/bulletins/9077/contents/1914118,Tandil,Ordenanza Nº18101/2023 en el boletín 189º de Tandil,,19/07/2023,,,volumen_alto,no,recapado,https://sibom.slyt.gba.gob.ar/bulletins/9077/contents/1914118,"EL HONORABLE CONCEJO DELIBERANTE DE TANDIL SANCIONA CON FUERZA ... […] , lubricantes, neumáticos y recapados Ítem “Transporte” IPC - INDEC ...",2023-07-19,2026-09-01,2026-09-01
sibom,https://sibom.slyt.gba.gob.ar/bulletins/9022/contents/1909448,Coronel Suárez,Decreto Nº2841/2022 en el boletín 127º de Coronel Suárez,,14/07/2023,,,volumen_alto,no,"neumatico,neumaticos,protector de neumaticos",https://sibom.slyt.gba.gob.ar/bulletins/9022/contents/1909448,"Que es necesaria su adquisición, a través de un Concurso de Precios, según lo establece la Ley Orgánica Municipal ... […] la necesidad de adquirir NEUMÁTICOS para maquinarias de la Secretaria de Servicios Públicos, y – ... […] de - - - - - 08- NEUMATICOS para carga y transporte y 04 NEUMÁTICOS para camioneta, destinado a la Secretaría de Servicios Públicos, costo total estimado $ 2.928.400,00, de acuerdo ...",2023-07-14,2026-09-01,2026-09-01
sibom,https://sibom.slyt.gba.gob.ar/bulletins/9026/contents/1909539,Trenque Lauquen,Decreto Nº810/2023 en el boletín 136º de Trenque Lauquen,,07/07/2023,,,volumen_alto,no,"llanta,llantas",https://sibom.slyt.gba.gob.ar/bulletins/9026/contents/1909539,"Que en el mismo, el CLUB SOCIAL Y DEPORTIVO TRES LLANTAS de Trenque Lauquen, a través de su presidente Sr. JUAN CARLOS DANDA , solicita un subsidio para cubrir gastos de celebración ... […] Las actuaciones obrantes en el Expediente Nº 711/2023 ... […] 810-23 Subsidio No reintegrable - DANDA, JUAN CARLOS - CLUB TRES LLANTAS ...",2023-07-07,2026-09-01,2026-09-01
sibom,https://sibom.slyt.gba.gob.ar/bulletins/8890/contents/1905995,Coronel Suárez,Decreto Nº2556/2022 en el boletín 126º de Coronel Suárez,,05/07/2023,,,volumen_alto,no,"neumatico,neumaticos",https://sibom.slyt.gba.gob.ar/bulletins/8890/contents/1905995,"Que es necesaria su adquisición, a través de un Concurso de Precios, según lo establece la Ley Orgánica Municipal ... […] la necesidad de adquirir NEUMATICOS para Motoniveladora Fomatsu y Motoniveladora Champion, solicitado por la Gerente Vial Rural, y – ... […] de - - - - - 08 NEUMATICOS para Motoniveladora Fomatsu y Motoniveladora Champion, solicitado por la Gerente Vial Rural, costo total estimado ...",2023-07-05,2026-09-01,2026-09-01
sibom,https://sibom.slyt.gba.gob.ar/bulletins/8890/contents/1907076,Coronel Suárez,Decreto Nº2682/2022 en el boletín 126º de Coronel Suárez,,05/07/2023,,,volumen_alto,no,gomeria,https://sibom.slyt.gba.gob.ar/bulletins/8890/contents/1907076,"la nota presentada a ésta Comuna por el Sr. RACK, DIEGO OSVALDO, por la que solicita autorización para habilitar un negocio bajo el rubro de ALINEACIÓN Y BALANCEO - GOMERIA , y atento a los informes producidos por las oficinas respectivas, ... […] ART.1º: HABILÍTESE al Sr. RACK, DIEGO OSVALDO - CUIT nº 20-24128081-1, a - - - - - poner en funcionamiento un local comercial bajo el rubro de: ALINEACIÓN Y BALANCEO - GOMERIA ubicado en calle ... […] el Intendente Municipal del Partido en uso de sus atribuciones- D E C R E T ...",2023-07-05,2026-09-01,2026-09-01
sibom,https://sibom.slyt.gba.gob.ar/bulletins/8990/contents/1905234,Bahia Blanca,Decreto Nº2415 en el boletín 256º de Bahia Blanca,,03/07/2023,,,volumen_alto,no,gomeria,https://sibom.slyt.gba.gob.ar/bulletins/8990/contents/1905234,"Municipal de Microcréditos aprobado por Ordenanza Nº 16934 y Decreto Nº 718/13, teniendo en cuenta el informe social de fs. 12, la documentación requerida obrante a fs. 2/11, para el desarrollo de un emprendimiento de servicio de gomería , atento ... […] Blanca, para el desarrollo de un emprendimiento de servicio de gomería , en el marco del Programa Municipal de Microcréditos, Ordenanza Nº 16.934 y Decreto Nº 718/13, atento a lo expuesto en los considerandos de las presentes ...",2023-07-03,2026-09-01,2026-09-01
sibom,https://sibom.slyt.gba.gob.ar/bulletins/8951/contents/1901414,General Alvear,Decreto Nº174 en el boletín 36º de General Alvear,,28/06/2023,,,volumen_alto,no,"cubierta,cubiertas",https://sibom.slyt.gba.gob.ar/bulletins/8951/contents/1901414,"Que los montos que presupuestan aconsejan la realización de un concurso de precios ... […] El Expediente Nº 4039-16277/2023, referente a: “Adquisición de 2 Cubiertas para Tractor de VIAL”, Presupuesto Oficial de pesos un millón novecientos mil ($ 1.900.000,00); y ... […] ARTICULO 1º: Llámese a Concurso de Precios Nº 19/2023 (Expte. Nº 4039-16277/2023), para el día 31 de marzo de 2023, a las 11:00 hs. para: “Adquisición de 2 Cubiertas para Tractor de VIAL ...",2023-06-28,2026-09-01,2026-09-01
sibom,https://sibom.slyt.gba.gob.ar/bulletins/8951/contents/1901465,General Alvear,Decreto Nº185 en el boletín 36º de General Alvear,,28/06/2023,,,volumen_alto,no,"cubierta,cubiertas",https://sibom.slyt.gba.gob.ar/bulletins/8951/contents/1901465,"Las propuestas presentadas ... […] El Expediente Nº 4039-16277/2023, por el cual se llama a Concurso de Precios Nº 19/2023, para la “Adquisición de 2 Cubiertas para Tractor de VIAL”; y ... […] ARTICULO 1º: Adjudicase el Concurso de Precios Nº 19/2023 (Expediente Nº 4039- 16277/2023), a la empresa de ESNOLA JUAN CRUZ, 2 Cubiertas para Tractor de VIAL, por un monto total de pesos ...",2023-06-28,2026-09-01,2026-09-01
sibom,https://sibom.slyt.gba.gob.ar/bulletins/8838/contents/1892518,Coronel Dorrego,Decreto Nº0410/2023 en el boletín 124º de Coronel Dorrego,,23/06/2023,,,volumen_alto,no,"cubierta,cubiertas",https://sibom.slyt.gba.gob.ar/bulletins/8838/contents/1892518,"que la Secretaría de Gobierno y Hacienda del Municipio ha manifestado la necesidad de proceder a la contratación de la mano de obra y materiales para la reparación de cubierta del Centro Educativo Complementario Nº 801 de la ciudad de Coronel Dorrego; ... […] de refacción y reparación de cubiertas del edificio del Centro Educativo Complementario Nº 801 de la ciudad de Coronel Dorrego. ARTÍCULO 2 ... […] Por ello, el INTENDENTE MUNICIPAL , en uso de sus facultades – D E C R E T ...",2023-06-23,2026-09-01,2026-09-01
sibom,https://sibom.slyt.gba.gob.ar/bulletins/8762/contents/1891666,Moreno,Decreto Nº1558/23 en el boletín 274º de Moreno,,21/06/2023,,adjudicada,objetivo,no,"neumatico,neumaticos",https://sibom.slyt.gba.gob.ar/bulletins/8762/contents/1891666,"Adjudíquese el Concurso de Precios N° 89/2023, realizado para la adquisición de “Cubiertas para Móviles” solicitada por la Secretaría de Salud y Ambiente. A la oferta N° 1 correspondiente a la firma GRIMAU NEUMATICOS Y SERVICIOS SRL (1-4444 ... […] ) con domicilio en la calle Av. Libertador N° 990, Moreno. A la oferta N° 2 correspondiente a la firma NEUMATICOS COSCOLLA S.A (1-4820) con domicilio en la calle Presidente Perón N° 3337, San Miguel. SR ALBERTO ESTEBAN CONCA ...",2023-06-21,2026-09-01,2026-09-01
sibom,https://sibom.slyt.gba.gob.ar/bulletins/8750/contents/1891432,Coronel Suárez,Decreto Nº2029/2022 en el boletín 124º de Coronel Suárez,,13/06/2023,,,volumen_alto,no,"cubierta,cubiertas",https://sibom.slyt.gba.gob.ar/bulletins/8750/contents/1891432,"Que es necesaria su adquisición, a través de un Concurso de Precios, según lo establece la Ley Orgánica Municipal ... […] la necesidad de adquirir CUBIERTAS y CAMARAS para vehículos de Huanguelen, dependientes de Secretaría de Servicios Públicos, y – ... […] de - - - - - 20 CUBIERTAS y CAMARAS para vehículos de Huanguelen, dependientes de Secretaría de Servicios Públicos, costo total estimado $ 2.455.200,00, (pesos dos millones cuatrocientos ...",2023-06-13,2026-09-01,2026-09-01
sibom,https://sibom.slyt.gba.gob.ar/bulletins/8668/contents/1878899,Quilmes,Decreto Nº1534/2023 en el boletín 481º de Quilmes,,12/06/2023,,,objetivo,no,"bateria,baterias",https://sibom.slyt.gba.gob.ar/bulletins/8668/contents/1878899,"Batería - Carrera PEMOI -Turno Vespertino), en la Dirección General de Escuela Municipal (EMBA ""Carlos Morel""), dependiente de la Subsecretaría de Educación - Secretaría de Educación, imputada en la Jurisdicción 01 - Subjurisdicción 85 - Programa 48, a partir del 24 de abril de 2023 y hasta 31 de marzo de 2024.- ...",2023-06-12,2026-09-01,2026-09-01
sibom,https://sibom.slyt.gba.gob.ar/bulletins/8668/contents/1881896,Quilmes,Decreto Nº1655/2023 en el boletín 481º de Quilmes,,12/06/2023,,,objetivo,no,"bateria,baterias",https://sibom.slyt.gba.gob.ar/bulletins/8668/contents/1881896,": Baum, Walter Ariel (Leg. 31.234 - CUIL Nº 20-24343539-1) (Cátedra Batería - PEMOI) Montanari, Juan Pablo (Leg ...",2023-06-12,2026-09-01,2026-09-01
sibom,https://sibom.slyt.gba.gob.ar/bulletins/8854/contents/1892892,Bahia Blanca,Decreto Nº2122 en el boletín 247º de Bahia Blanca,,08/06/2023,,cerrada,volumen_alto,no,"cubierta,cubiertas",https://sibom.slyt.gba.gob.ar/bulletins/8854/contents/1892892,"Visto el presente expediente; el acta obrante a fojas 168, declarando desierta la Licitación Pública N° 416R-3235-2023, para la ejecución de la obra: "" REFACCIÓN DE CUBIERTA ... […] , para la ejecución de la obra: "" REFACCIÓN DE CUBIERTA Y PLUVIALES JARDÍN DE INFANTES Nº 907 CABILDO "" .- ARTICULO 2°: Cúmplase, dése ...",2023-06-08,2026-09-01,2026-09-01
sibom,https://sibom.slyt.gba.gob.ar/bulletins/8833/contents/1891338,Bahia Blanca,Decreto Nº1992 en el boletín 245º de Bahia Blanca,,06/06/2023,,,volumen_alto,no,"neumatico,neumaticos,protector de neumaticos",https://sibom.slyt.gba.gob.ar/bulletins/8833/contents/1891338,"Visto las presentes actuaciones, originadas por el Departamento Talleres y Maestranza, dependiente de la Secretaría de Gestión Urbana, referidas a la adquisición de neumáticos V450, conforme Solicitud de Pedido Nº ... […] 1º )- Adjudicar a ALVAREZ NEUMATICOS S.A. (Proveedor Nº 5.649), la provisión de neumáticos V450, por mejor oferta económica que cumple con las especificaciones técnicas solicitadas, por la suma total ...",2023-06-06,2026-09-01,2026-09-01
sibom,https://sibom.slyt.gba.gob.ar/bulletins/8833/contents/1892338,Bahia Blanca,Resolución Nº1408 en el boletín 245º de Bahia Blanca,,06/06/2023,,,volumen_alto,no,protector de neumaticos,https://sibom.slyt.gba.gob.ar/bulletins/8833/contents/1892338,"en la vía publica, Rubro: Food-Trucks comidas rápidas - bebidas sin alcohol ubicado en calle CABRERA Y FORTALEZA PROTECTORA ARGENTINA, esquina perteneciente al parque Campaña del Desierto (Ubicarse fuera del sector demarcado con pilotes lindero a Avda ... […] . Cabrera, sin ocupar la senda sobre Fortaleza Protectora Argentina), del Partido de Bahía Blanca, y; CONSIDERANDO: Que del informe elevado por el Departamento Habilitaciones obrante ... […] No 58789 F, para la comercialización en la vía publica, Rubro: Food-Trucks comidas rápidas - bebidas sin alcohol ubicado en calle CABRERA Y FORTALEZA",2023-06-06,2026-09-01,2026-09-01
sibom,https://sibom.slyt.gba.gob.ar/bulletins/8833/contents/1891337,Bahia Blanca,Decreto Nº1977 en el boletín 245º de Bahia Blanca,,06/06/2023,,,volumen_alto,no,"bateria,baterias",https://sibom.slyt.gba.gob.ar/bulletins/8833/contents/1891337,"de baterías externa para oficina satélite del Centro Único de Monitoreo, conforme a Solicitud de Pedido N° 3133/2023, y; CONSIDERANDO: Que, se efectuó el correspondiente Concurso ... […] ARTICULO 1º )- Adjudícase a COMSUR S.R.L. (Proveedor Nº 5.356) la provisión de ups - rackeable de 10 kva de potencia on line, con pack de baterías externa para oficina satélite del Centro ...",2023-06-06,2026-09-01,2026-09-01
sibom,https://sibom.slyt.gba.gob.ar/bulletins/8720/contents/1890780,Coronel Dorrego,Decreto Nº0334/2023 en el boletín 123º de Coronel Dorrego,,05/06/2023,,adjudicada,volumen_alto,no,"camara de aire,neumatico,neumaticos",https://sibom.slyt.gba.gob.ar/bulletins/8720/contents/1890780,": PROPUESTA Nº 1 ALVAREZ NEUMÁTICOS S.A. cotizando en la suma de $1.488.000.- (Pesos Un Millón Cuatrocientos Ochenta y Ocho Mil ... […] el presente Concurso al Proveedor ALVAREZ NEUMÁTICOS S.A. en la suma de $1.488.000.- (Pesos Un Millón Cuatrocientos Ochenta y Ocho Mil) por resultar su oferta la más conveniente a los intereses municipales. ... […] el Concurso de Precios N° 09/2023 formalizado en el día de la fecha, con el fin de adquirir ocho cubiertas 275-80-22.5 lisas para ser utilizadas ...",2023-06-05,2026-09-01,2026-09-01
sibom,https://sibom.slyt.gba.gob.ar/bulletins/8720/contents/1890715,Coronel Dorrego,Decreto Nº0330/2023 en el boletín 123º de Coronel Dorrego,,05/06/2023,,,volumen_alto,no,"cubierta,cubiertas",https://sibom.slyt.gba.gob.ar/bulletins/8720/contents/1890715,"que la Dirección de Vialidad Urbana y Rural, ha manifestado la necesidad de adquirir 4 cubiertas 17.5.25 para motoniveladora afectada a la Comisión de Fomento de Aparicio; ... […] ARTICULO 1º) Llamase a CONCURSO DE PRECIOS Nº 10/2023 con el objeto de adquirir 4 cubiertas 17.5.25 para motoniveladora afectada a la Comisión ... […] Por ello, el INTENDENTE MUNICIPAL , en uso de sus facultades - D E C R E T ...",2023-06-05,2026-09-01,2026-09-01
sibom,https://sibom.slyt.gba.gob.ar/bulletins/8720/contents/1890701,Coronel Dorrego,Decreto Nº0329/2023 en el boletín 123º de Coronel Dorrego,,05/06/2023,,,volumen_alto,no,"cubierta,cubiertas",https://sibom.slyt.gba.gob.ar/bulletins/8720/contents/1890701,"que la Dirección de Servicios, ha manifestado la necesidad de adquirir ocho (8) cubiertas 275/80/22.5 lisas para ser utilizadas en los camiones Nº 818 y 606 afectados a dicha Dirección; ... […] ARTICULO 1º) Llamase a CONCURSO DE PRECIOS Nº 09/2023 con el objeto de adquirir ocho (8) cubiertas 275/80/22.5 lisas para ser utilizadas ... […] Por ello, el INTENDENTE MUNICIPAL , en uso de sus facultades - D E C R E T ...",2023-06-05,2026-09-01,2026-09-01
sibom,https://sibom.slyt.gba.gob.ar/bulletins/8720/contents/1890795,Coronel Dorrego,Decreto Nº0335/2023 en el boletín 123º de Coronel Dorrego,,05/06/2023,,adjudicada,volumen_alto,no,"cubierta,cubiertas",https://sibom.slyt.gba.gob.ar/bulletins/8720/contents/1890795,"que para este Concurso se realizaron cuatro invitaciones, no recibiéndose oferta del Proveedor GINNER GERMÁN . Sí se recibieron las propuestas que a continuación se detallan ... […] el Concurso de Precios N° 10/2023 formalizado en el día de la fecha, con el fin de adquirir cuatro cubiertas 17.5.25 para ser utilizadas en la motoniveladora afectada a la Comisión de Fomento de Aparicio; ... […] ARTICULO 1°) Apruébese el CONCURSO DE PRECIOS N° 10/2023 realizado con la finalidad de adquirir cuatro cubiertas 17.5.25 para ser utilizadas ...",2023-06-05,2026-09-01,2026-09-01
sibom,https://sibom.slyt.gba.gob.ar/bulletins/8603/contents/1881361,Tapalqué,Decreto Nº0337 en el boletín 70º de Tapalqué,,02/06/2023,,,volumen_alto,no,"neumatico,neumaticos,protector de neumaticos",https://sibom.slyt.gba.gob.ar/bulletins/8603/contents/1881361,"VISTO : Que mediante el Decreto Nº 0173/2023 se tramita el llamado a Licitación Privada N° 3 para la adquisición de neumáticos para el corralón municipal, segundo llamado que se tramita mediante expediente N° 4111-027/23 ... […] ARTICULO 1º: Desestímese el llamado a Licitación Privada N° 3 para la adquisición de neumáticos para el corralón municipal, segundo llamado que se tramita mediante expediente N° 4111-027/23.- ARTÍCULO 2º: Cúmplase, comuníquese a quien corresponda, regístrese y archívese.- ... […] Por ello el Intendente Municipal, en uso de sus facultades decreta ...",2023-06-02,2026-09-01,2026-09-01
sibom,https://sibom.slyt.gba.gob.ar/bulletins/8746/contents/1883762,General San Martín,Decreto Nº00446/23 en el boletín 1908º de General San Martín,,02/06/2023,,,objetivo,no,"cubierta,cubiertas",https://sibom.slyt.gba.gob.ar/bulletins/8746/contents/1883762,"Aprobando Licitación Privada N° 255/22, ""Programa Mi Club, Nuestro Barrio: Refacción de Piso y Cubierta Soc .Fom.Dep y Cult. Siglo 20"".- ...",2023-06-02,2026-09-01,2026-09-01
sibom,https://sibom.slyt.gba.gob.ar/bulletins/8823/contents/1890647,Bahia Blanca,Resolución Nº236 en el boletín 244º de Bahia Blanca,,02/06/2023,,,volumen_alto,no,"llanta,llantas",https://sibom.slyt.gba.gob.ar/bulletins/8823/contents/1890647,"(como se ve en la foto) y desalineado con respecto a la vereda, lo cual hace que impacte con la rueda delantera derecha y paragolpe con uno de los adoquines sobresalidos, dañando así la llanta y paragolpe delantero como se aprecian en las fotos ...",2023-06-02,2026-09-01,2026-09-01
sibom,https://sibom.slyt.gba.gob.ar/bulletins/8823/contents/1890741,Bahia Blanca,Resolución Nº307 en el boletín 244º de Bahia Blanca,,02/06/2023,,,volumen_alto,no,"llanta,llantas",https://sibom.slyt.gba.gob.ar/bulletins/8823/contents/1890741,"tapado de agua lo cual me hace volantear hacia la derecha y golpear con el cordón cuneta que está roto y con un saliente, debido a esto rompo la cubierta delantera derecha y la llanta ...”. Que, a foja 22, la División de Inspección ...",2023-06-02,2026-09-01,2026-09-01
sibom,https://sibom.slyt.gba.gob.ar/bulletins/8746/contents/1888173,General San Martín,Decreto Nº00509/23 en el boletín 1908º de General San Martín,,02/06/2023,,,objetivo,no,camara de aire,https://sibom.slyt.gba.gob.ar/bulletins/8746/contents/1888173,"Aprobando Licitación Pública N° 09/23, ""Construcción de Sumideros, conductos y camaras de inspección en Zona Este del Partido"".- ...",2023-06-02,2026-09-01,2026-09-01
sibom,https://sibom.slyt.gba.gob.ar/bulletins/8687/contents/1885479,La Plata,Decreto Nº1178/23 en el boletín 1233º de La Plata,,02/06/2023,,,objetivo,no,"bateria,baterias",https://sibom.slyt.gba.gob.ar/bulletins/8687/contents/1885479,"Expte. 4061-1217897-23. Aprueba. Adjudica Concurso de Precios Nº 53-23, por la que se solicita la adquisición de baterías para handy y cargadores. ... […] EL INTENDENTE MUNICIPAL DECRETA ...",2023-06-02,2026-09-01,2026-09-01
sibom,https://sibom.slyt.gba.gob.ar/bulletins/8655/contents/1875511,Chivilcoy,Decreto Nº421 en el boletín 73º de Chivilcoy,,31/05/2023,,adjudicada,volumen_alto,no,"neumatico,neumaticos,protector de neumaticos",https://sibom.slyt.gba.gob.ar/bulletins/8655/contents/1875511,"el informe de la Secretaria de Seguridad, por el cual comunica que, no se han encontrado objeciones en el proceso del concurso, determinándose conveniente a los intereses de este municipio adjudicar el Concurso de Precios a la firma; TESTA NEUMATICOS S.A Por ello; ... […] , el expediente N° 4031-243516/23 mediante el cual se solicita la adquisición de neumáticos para móviles policiales dependientes de la Secretaria de Seguridad, y ... […] Adjudicación Concurso de Precios N° 12 ...",2023-05-31,2026-09-01,2026-09-01
sibom,https://sibom.slyt.gba.gob.ar/bulletins/8745/contents/1889046,Mercedes,Decreto Nº797/2023 en el boletín 65º de Mercedes,,31/05/2023,,,volumen_alto,no,"cubierta,cubiertas",https://sibom.slyt.gba.gob.ar/bulletins/8745/contents/1889046,"Que, a pedido de las autoridades del Consejo Escolar de Mercedes, se inspeccionó el establecimiento de la Escuela Técnica n° 1 a efectos de verificar el estado de la cubierta en el sector del hall de ingreso ... […] . Que se observó el deterioro del cielorraso en la zona de la escuela y desniveles y ondulaciones en la cubierta de tejas, lo cual genera filtraciones. Que, por ello, es necesario llevar ... […] a cabo las obras tendientes a la REFACCIÓN Y REPARACIÓN DE LOS SECTORES DE LA CUBIERTA Y CIELORRASOS DE LA ESCUELA TÉCNICA Nº 1 . Que para su ejecución se cuenta con financiamiento de la Di",2023-05-31,2026-09-01,2026-09-01
sibom,https://sibom.slyt.gba.gob.ar/bulletins/8788/contents/1889213,Tandil,Decreto Nº2001/2023 en el boletín 182º de Tandil,,31/05/2023,,,volumen_alto,no,"llanta,llantas",https://sibom.slyt.gba.gob.ar/bulletins/8788/contents/1889213,"Que en virtud de lo acontecido, y la manifiesta predisposición del Municipio de Tandil para colaborar con el propietario y/o responsable del vehículo dañado, se ha firmado un Acuerdo de Pago por la suma de $58.500,00 ... […] El reclamo administrativo presentado por el Sr. Franco Tomás Yini, D.N.I N° 43.867.563, con relación a los daños que sufriera en la rueda trasera ( llanta , cámara y cubierta) del motovehículo de su propiedad marca GILERA, modelo SMASH 2017, dominio A026DLK, y ... […] Artículo 1°: Autorízase a Contaduría General a extender orden de pago a favor del Sr. Franco Tomás Yini, D",2023-05-31,2026-09-01,2026-09-01
sibom,https://sibom.slyt.gba.gob.ar/bulletins/8648/contents/1876546,General Villegas,Resolución Nº702/22 en el boletín 138º de General Villegas,,29/05/2023,,,volumen_alto,no,gomeria,https://sibom.slyt.gba.gob.ar/bulletins/8648/contents/1876546,"VISTO: El Expediente Nº 8597/85, correspondiente a la habilitación de un comercio, perteneciente al señor Héctor Domingo Depetris, dedicado a la explotación del rubro “ Gomería y lavadero ... […] , del comercio perteneciente al señor HECTOR DOMINGO DEPETRIS , DNI Nº 8.278.371, Contribuyente Nº 2078, habilitado con el rubro “ GOMERIA Y LAVADERO DE AUTOMOVILES”, denominación comercial “LAS MARIAS”, Codificador de Rentas Nº 71400-09 ...",2023-05-29,2026-09-01,2026-09-01
sibom,https://sibom.slyt.gba.gob.ar/bulletins/8764/contents/1885681,Campana,Decreto Nº192/23 en el boletín 303º de Campana,,29/05/2023,,,objetivo,no,"llanta,llantas",https://sibom.slyt.gba.gob.ar/bulletins/8764/contents/1885681,"Que la denominada Secretaría de Espacio Público y Descentralización, promueve el llamado a Licitación Privada para la “Adquisición de un generador 110 KVA” para el desarrollo de las actividades que conforman el Municipio. Que a fs. 2/23 ... […] El Decreto-Ley Nº 6769/58 (Ley Orgánica de las Municipalidades) (t.v.), la Ordenanza Nº 6613 promulgada por el Decreto Nº 537/17, la Resolución Conjunta Nº 008/2018 de la Secretaría Técnica, Administrativa y Legal y la Secretaría de Modernización ... […] Expediente Municipal N° 4016-27411-2022 Licitación Privada Nº 05/2023 “Adquisición de generador 110 ",2023-05-29,2026-09-01,2026-09-01
sibom,https://sibom.slyt.gba.gob.ar/bulletins/8701/contents/1878818,Mercedes,Decreto Nº382/2023 en el boletín 64º de Mercedes,,17/05/2023,,adjudicada,volumen_alto,no,"cubierta,cubiertas",https://sibom.slyt.gba.gob.ar/bulletins/8701/contents/1878818,"Que, según la necesidad planteada por la Secretaría de Seguridad a fojas 1-16, se convocó al llamado de Licitación Privada n° 08/2023 con motivo de realizar la convocatoria de oferentes y lograr la compra de cubiertas ... […] Lo actuado en Expediente Administrativo Nº 447/2023, caratulado “Licitación Privada n° 08/2023” s/ la adquisición de cubiertas ; y, ... […] centavos) la compra de las cubiertas contenidas en las Cotizaciones n° 1120-1122-1123, según lo especificado en el pliego de bases y condiciones. ARTICULO 2º) ADJUDICASE ...",2023-05-17,2026-09-01,2026-09-01
sibom,https://sibom.slyt.gba.gob.ar/bulletins/8694/contents/1877201,General San Martín,Decreto Nº552/23 en el boletín 1907º de General San Martín,,17/05/2023,,,objetivo,no,"bateria,baterias",https://sibom.slyt.gba.gob.ar/bulletins/8694/contents/1877201,"Otorgando subsidio a favor del Sr. Juan Jose MACEIRO destinado a afrontar los gastos que origine el traslado de los integrantes de la Comparsa al ENCUENTRO INTERNACIONAL DE BATERIAS , BATUCADAS Y PASISTAS GUALEGUAY"". ...",2023-05-17,2026-09-01,2026-09-01
sibom,https://sibom.slyt.gba.gob.ar/bulletins/8257/contents/1840183,Chacabuco,Decreto Nº1232/22 en el boletín 71º de Chacabuco,,15/05/2023,,,volumen_alto,no,"neumatico,neumaticos,protector de neumaticos",https://sibom.slyt.gba.gob.ar/bulletins/8257/contents/1840183,Que la presente contratación se encuentra prevista por el artículo 151º de la Ley Orgánica Municipal ... […] Las presentes actuaciones en el Expediente administrativo Nº 4029-3331/22 por las cuáles se llama a concurso de precios para adquisición y colocación de neumáticos para móviles área Policía Comunal. ... […] LLAMANDO A CONCURSO DE PRECIOS PARA LA ADQUISICIÓN Y COLOCACIÓN DE NEUMÁTICOS PARA MÓVILES ÁREA POLICÍA COMUNAL. ...,2023-05-15,2026-09-01,2026-09-01
sibom,https://sibom.slyt.gba.gob.ar/bulletins/8257/contents/1840284,Chacabuco,Decreto Nº1333/22 en el boletín 71º de Chacabuco,,15/05/2023,,,volumen_alto,no,"gomeria,neumatico,neumaticos",https://sibom.slyt.gba.gob.ar/bulletins/8257/contents/1840284,"Que se han presentado dos oferentes, todo ello según Acta de fecha 30/08/22, que cumplen con todas las formalidades exigidas en el pliego, que las firmas Gomería Chacabuco S.R.L. y Neumyser, según el detalle por cada ítem la propuesta más ... […] Las constancias del Expte. Nº 4029-3331/22 por el cual se tramita el llamado a concurso de Precios para la adquisición y colocación de neumáticos para móviles área Policía Comunal. ... […] ADJUDICANDO A LAS FIRMAS GOMERÍA CHACABUCO S.R.L. Y NEUMYSER S.A., PARA LA ADQUISICIÓN Y COLOCACIÓN DE NEUMÁTICOS PARA MÓVILES ÁREA POLICÍA COMUNAL. ...",2023-05-15,2026-09-01,2026-09-01
sibom,https://sibom.slyt.gba.gob.ar/bulletins/8257/contents/1839212,Chacabuco,Decreto Nº1202/22 en el boletín 71º de Chacabuco,,15/05/2023,,,volumen_alto,no,gomeria,https://sibom.slyt.gba.gob.ar/bulletins/8257/contents/1839212,"Que, se ha presentado un solo oferente, la firma Gomería Chacabuco S.R.L.. Que, el Honorable Concejo Deliberante en Sesión Pública del día 03/08/22, autorizó mediante Ordenanza Nº 9.303/22 a este Departamento Ejecutivo a contratar a la firma Gomería Chacabuco S.R.L. ... […] Las constancias del Expte. Nº 4029-1685/22 por el cual se tramita el llamado a Licitación Privada: “Adquisición de cámaras y cubiertas para equipos de recolección y limpieza del Corralón Municipal ... […] ADJUDICANDO LICITACIÓN PRIVADA: “ADQUISICIÓN DE CÁMARAS Y CUBIERTAS PARA EQUIPOS DE RECOLECCIÓN Y LIMPIEZA DEL CORRALÓN ",2023-05-15,2026-09-01,2026-09-01
sibom,https://sibom.slyt.gba.gob.ar/bulletins/8257/contents/1839210,Chacabuco,Decreto Nº1200/22 en el boletín 71º de Chacabuco,,15/05/2023,,,volumen_alto,no,gomeria,https://sibom.slyt.gba.gob.ar/bulletins/8257/contents/1839210,"La sanción de la Ordenanza Nº 9.303/2.022 por parte del Honorable Concejo Deliberante y de conformidad con las facultades conferidas por el artículo 108º inciso 2º de la Ley Orgánica de las Municipalidades ... […] PROMULGANDO UNA ORDENANZA MUNICIPAL ... […] firma "" GOMERÍA CHACABUCO S.R.L."" , C.U.I.T. N° 30-70776446-1 según Expediente Administrativo Municipal N° 4029-1685/22. ARTÍCULO 2º ...",2023-05-15,2026-09-01,2026-09-01
sibom,https://sibom.slyt.gba.gob.ar/bulletins/8257/contents/1840216,Chacabuco,Decreto Nº1265/22 en el boletín 71º de Chacabuco,,15/05/2023,,,volumen_alto,no,protector de neumaticos,https://sibom.slyt.gba.gob.ar/bulletins/8257/contents/1840216,OTORGANDO UN SUBSIDIO A LA SOCIEDAD PROTECTORA DE ANCIANOS DESVALIDOS. ...,2023-05-15,2026-09-01,2026-09-01
sibom,https://sibom.slyt.gba.gob.ar/bulletins/8712/contents/1880154,General Pueyrredon,Resolución Nº0099/23 en el boletín 419º de General Pueyrredon,,12/05/2023,,,volumen_alto,no,"bateria,baterias",https://sibom.slyt.gba.gob.ar/bulletins/8712/contents/1880154,CORRESPONDE A SECRETARIA DE ECONOMIA Y HACIENDA SE INFORMA QUE EL TEXTO COMPLETO EN PDF SE ENCUENTRA COMO ANEXO DEL PRESENTE Aprueba Concurso de Precios Nº 15/23 Adquisición repuestos automotores ( baterías ) S. Gobierno ...,2023-05-12,2026-09-01,2026-09-01
sibom,https://sibom.slyt.gba.gob.ar/bulletins/8500/contents/1870893,La Plata,Decreto Nº1076/23 en el boletín 1232º de La Plata,,05/05/2023,,,objetivo,no,"llanta,llantas",https://sibom.slyt.gba.gob.ar/bulletins/8500/contents/1870893,"en el lugar, es que la Sra. Calderón se decide a continuar la marcha “ a paso de hombre ” con el vehículo, obteniendo como resultado la producción de diversos daños en el mismo (destrucción del neumático y llanta delanteros derechos) a causa ... […] el expediente N° 4061-1205013/2022, a través del cual tramitó el procedimiento mediante el que la Sra. CALDERÓN MARÍA BETINA , DNI: 17.875.793 , solicitó ... […] ARTICULO 1º: No Hacer lugar al reclamo indemnizatorio incoado por la Sra. CALDERÓN MARÍA BETINA, DNI: 17.875.793 , atento la inexistencia de requisitos necesarios para configurar ...",2023-05-05,2026-09-01,2026-09-01
sibom,https://sibom.slyt.gba.gob.ar/bulletins/8500/contents/1870779,La Plata,Decreto Nº0419/23 en el boletín 1232º de La Plata,,05/05/2023,,,objetivo,no,"llanta,llantas",https://sibom.slyt.gba.gob.ar/bulletins/8500/contents/1870779,"daños materiales en el lado izquierdo del guardabarros, paragolpes y llanta trasera izquierda del vehículo de su propiedad. Que el mencionado camión no detuvo su marcha, razón por la cual no pudo identificarlo ... […] el expediente N° 4061-1212652/2022, a través del cual tramitó el procedimiento mediante el que la Sra. ARIANA STUER, DNI 34.727.961 , solicitó se la indemnice ... […] ARTICULO 1º: No Hacer lugar al reclamo indemnizatorio incoado por la Sra. RIANA STUER, DNI 34.727.961 , atento la inexistencia de requisitos necesarios para configurar la responsabilidad ...",2023-05-05,2026-09-01,2026-09-01
sibom,https://sibom.slyt.gba.gob.ar/bulletins/8500/contents/1872110,La Plata,Decreto Nº0585/23 en el boletín 1232º de La Plata,,05/05/2023,,,objetivo,no,"bateria,baterias",https://sibom.slyt.gba.gob.ar/bulletins/8500/contents/1872110,"Expte. 4061-1215282-22. Aprueba. Adjudica Concurso de Precios Nº 17-23, por la que se solicita la adquisición de baterías . ... […] EL INTENDENTE MUNICIPAL DECRETA ...",2023-05-05,2026-09-01,2026-09-01
sibom,https://sibom.slyt.gba.gob.ar/bulletins/8584/contents/1874772,General San Martín,Decreto Nº00425/23 en el boletín 1904º de General San Martín,,04/05/2023,,,objetivo,no,"cubierta,cubiertas",https://sibom.slyt.gba.gob.ar/bulletins/8584/contents/1874772,"Llamando a licitación Pública Nº39/23, "" Cubiertas para canchas deportivas - CEMEF"".- ...",2023-05-04,2026-09-01,2026-09-01
sibom,https://sibom.slyt.gba.gob.ar/bulletins/8584/contents/1871570,General San Martín,Decreto Nº00393/23 en el boletín 1904º de General San Martín,,04/05/2023,,,objetivo,no,camara de aire,https://sibom.slyt.gba.gob.ar/bulletins/8584/contents/1871570,"Autorizando librar a favor de la Cámara Económica Sanmartinense subsidio con cargo a rendir, ""Expo San Martín 2023"".- ...",2023-05-04,2026-09-01,2026-09-01
sibom,https://sibom.slyt.gba.gob.ar/bulletins/8624/contents/1873530,Tandil,Decreto Nº1565/2023 en el boletín 178º de Tandil,,03/05/2023,,,volumen_alto,no,camara de aire,https://sibom.slyt.gba.gob.ar/bulletins/8624/contents/1873530,"Que se ha realizado el proceso de llamado a concurso para su adquisición, invitando a cotizar a diferentes proveedores. Que como consta en el Acta de Apertura con fecha 20-04-2023 ... […] El expte EX– 2023-78764-MUNITAN-DCS#SEA, donde se tramita el Concurso de Precios 70-03-23 ... […] por el monto de pesos un millón cuatrocientos setenta ($ 1.470.000,00). Artículo 2º: La erogación a producirse será imputada a las partidas 2.4.4.0 “ Cubiertas y cámaras de aire ” por la suma de ($ 1.440.000,00); 2.9.6.0 ...",2023-05-03,2026-09-01,2026-09-01
sibom,https://sibom.slyt.gba.gob.ar/bulletins/8641/contents/1873093,Bahia Blanca,Resolución Nº970 en el boletín 229º de Bahia Blanca,,02/05/2023,,,volumen_alto,no,"neumatico,neumaticos",https://sibom.slyt.gba.gob.ar/bulletins/8641/contents/1873093,"DE AMORTIGUADORES - VENTA AL POR MENOR DE NEUMÁTICOS , COLOCACIÓN DE NEUMÁTICOS Y ESTACIONAMIENTO PARA CLIENTES, en calle LAVALLE 275 , de Bahía Blanca; teniendo en cuenta que ha cumplimentado los requisitos exigidos según lo establecido por la Ley ... […] A, para el rubro de TALLER DE ALINEACIÓN Y BALANCEO- REPARACIÓN DE AMORTIGUADORES - VENTA AL POR MENOR DE NEUMÁTICOS , COLOCACIÓN DE NEUMÁTICOS Y ESTACIONAMIENTO PARA CLIENTES , en calle LAVALLE 275 del partido de BAHIA BLANCA ...",2023-05-02,2026-09-01,2026-09-01
sibom,https://sibom.slyt.gba.gob.ar/bulletins/8605/contents/1871258,Roque Pérez,Decreto Nº134/2023 en el boletín 75º de Roque Pérez,,28/04/2023,,adjudicada,volumen_alto,no,"neumatico,neumaticos,protector de neumaticos",https://sibom.slyt.gba.gob.ar/bulletins/8605/contents/1871258,Adjudicación Licitación Privada n° 3/23 Adquisición Neumáticos para vehículos y maquinarias municipal. ...,2023-04-28,2026-09-01,2026-09-01
sibom,https://sibom.slyt.gba.gob.ar/bulletins/8605/contents/1869684,Roque Pérez,Decreto Nº107/2023 en el boletín 75º de Roque Pérez,,28/04/2023,,,volumen_alto,no,"neumatico,neumaticos,protector de neumaticos",https://sibom.slyt.gba.gob.ar/bulletins/8605/contents/1869684,Llamado a Licitación Privada n° 3/23 Adquisición de neumáticos . ...,2023-04-28,2026-09-01,2026-09-01
sibom,https://sibom.slyt.gba.gob.ar/bulletins/7283/contents/1845485,Coronel Rosales,Ordenanza Nº4149 en el boletín 31º de Coronel Rosales,,28/04/2023,,,volumen_alto,no,recapado,https://sibom.slyt.gba.gob.ar/bulletins/7283/contents/1845485,"al antes indicado. No podrán estar equipados con cubiertas reconstruídas o recapadas . f) Encontrarse en perfecto estado mecánico, de acuerdo a lo establecido por el Código de Tránsito vigente ...",2023-04-28,2026-09-01,2026-09-01
sibom,https://sibom.slyt.gba.gob.ar/bulletins/7283/contents/1843866,Coronel Rosales,Resolución Nº268/2022 en el boletín 31º de Coronel Rosales,,28/04/2023,,,volumen_alto,no,gomeria,https://sibom.slyt.gba.gob.ar/bulletins/7283/contents/1843866,"y Desarrollo surge que se encuentran cumplidos en debida forma todos los requisitos exigidos para dar curso favorable a la solicitud de habilitación municipal y alta del local ubicado en calle 9 de Julio Nº 675 de la ciudad de Punta Alta para ser destinado al funcionamiento del comercio bajo los rubros: lavadero, gomería , códigos de actividades: 71.400.01 – 71.400.08.- ... […] destinado al funcionamiento del comercio bajo los rubros: lavadero, gomería , códigos de actividades: 71.400.01 – 71.400.08, lo previsto por las Ordenanzas Municipales Nro. 2660 y 3970, el Decreto Municipal Nº 110/21, Y",2023-04-28,2026-09-01,2026-09-01
sibom,https://sibom.slyt.gba.gob.ar/bulletins/7283/contents/1844347,Coronel Rosales,Resolución Nº315/2022 en el boletín 31º de Coronel Rosales,,28/04/2023,,,volumen_alto,no,gomeria,https://sibom.slyt.gba.gob.ar/bulletins/7283/contents/1844347,"y respecto del local ubicado en calle Colón Nº 75 de la ciudad de Punta Alta para ser destinado al funcionamiento del comercio bajo los rubros: lavadero, gomería , códigos de actividades: 71.400.01 – 71.400.08.- ... […] al funcionamiento del comercio bajo los rubros: lavadero, gomería , códigos de actividades: 71.400.01 – 71.400.08, lo previsto por las Ordenanzas Municipales Nro. 2660, 3970, 3766 y 4059, el Decreto Municipal Nº 110/21, Y ... […] de septiembre de 2022 el local ubicado en calle Colón Nº 75 de la ciudad de Punta Alta, identificado con la partida 4239 para el funcionamiento del co",2023-04-28,2026-09-01,2026-09-01
sibom,https://sibom.slyt.gba.gob.ar/bulletins/8604/contents/1869585,Bahia Blanca,Resolución Nº129 en el boletín 226º de Bahia Blanca,,25/04/2023,,,volumen_alto,no,"llanta,llantas",https://sibom.slyt.gba.gob.ar/bulletins/8604/contents/1869585,"que automáticamente corta la cubierta y hace que la rueda quede en llanta . No escapa a v/ conocimiento que la conservación, limpieza y condición de la vía pública, es absoluta responsabilidad ...",2023-04-25,2026-09-01,2026-09-01
sibom,https://sibom.slyt.gba.gob.ar/bulletins/8447/contents/1858595,Tapalqué,Decreto Nº0173 en el boletín 69º de Tapalqué,,20/04/2023,,,volumen_alto,no,"neumatico,neumaticos,protector de neumaticos",https://sibom.slyt.gba.gob.ar/bulletins/8447/contents/1858595,"VISTO: La necesidad por parte de esta Municipalidad de proceder al llamado a Licitación Privada N° 3 para la adquisición de neumáticos para el corralón municipal, segundo llamado que se tramita mediante expediente N° 4111 ... […] N° 3 para la adquisición de neumáticos para el corralón municipal, segundo llamado, que se tramita mediante expediente N° 4111-027/23, según la siguiente categoría programática: Jurisdicción ... […] Por ello el Intendente Municipal, en uso de sus facultades decreta ...",2023-04-20,2026-09-01,2026-09-01
sibom,https://sibom.slyt.gba.gob.ar/bulletins/8447/contents/1858286,Tapalqué,Decreto Nº0158 en el boletín 69º de Tapalqué,,20/04/2023,,,volumen_alto,no,"neumatico,neumaticos",https://sibom.slyt.gba.gob.ar/bulletins/8447/contents/1858286,"VISTO : Que mediante el Decreto Nº 0093/2023 se tramita el llamado a Licitación Privada N° 3 para la adquisición de neumáticos para el corralón municipal, que se tramita mediante expediente N° 4111-027/23 ... […] ARTICULO 1º: Desestímese el llamado a Licitación Privada N° 3 para la adquisición de neumáticos para el corralón municipal que se tramita mediante expediente N° 4111-027/23 ... […] Por ello el Intendente Municipal, en uso de sus facultades decreta ...",2023-04-20,2026-09-01,2026-09-01
sibom,https://sibom.slyt.gba.gob.ar/bulletins/8542/contents/1865252,Tandil,Decreto Nº1314/2023 en el boletín 176º de Tandil,,19/04/2023,,adjudicada,volumen_alto,no,"neumatico,neumaticos,protector de neumaticos",https://sibom.slyt.gba.gob.ar/bulletins/8542/contents/1865252,"a Orden 14, cotizando cuatro (4) de los proveedores invitados, Jelpamar S.A.; Larocca Neumáticos S.A.; Trackmar S.A.C.I. y Eligom S.A.. Que la Dirección de Compras y Suministros en Orden 36, sugiere la adjudicación ... […] a la firma LAROCCA NEUMÁTICOS S.A. por el monto de $13.620.608,00, con excepción de los ítems 3 y 5 debido a que los mismos no se ajustan a las características solicitadas, iniciándose una nueva contratación para los ítems 3 y 5 ... […] La Licitación Públicas Nº 04-01-23 “Adquisición de neumáticos para vehículos Dirección de Vialidad"", y ...",2023-04-19,2026-09-01,2026-09-01
sibom,https://sibom.slyt.gba.gob.ar/bulletins/8510/contents/1863265,Chivilcoy,Decreto Nº281 en el boletín 71º de Chivilcoy,,13/04/2023,,,volumen_alto,no,camara de aire,https://sibom.slyt.gba.gob.ar/bulletins/8510/contents/1863265,"la nota presentada por el Secretario de Seguridad de la Municipalidad de Chivilcoy, por la cual solicita dar de baja los equipos de aire acondicionado, ya que han dejado de funcionar y se encuentran en desuso ... […] Baja Aire acondicionado ... […] Artículo 1º: Efectúese la baja del patrimonio municipal de equipos de aire acondicionado, que han dejado de funcionar y se encuentran en desuso, cuyos códigos identificatorios son: 17025 y 17027.- Artículo 2º: Comuníquese, publíquese, tome nota quien corresponda, dése al R.O., archívese. - ...",2023-04-13,2026-09-01,2026-09-01
sibom,https://sibom.slyt.gba.gob.ar/bulletins/8510/contents/1861927,Chivilcoy,Decreto Nº221 en el boletín 71º de Chivilcoy,,13/04/2023,,,volumen_alto,no,camara de aire,https://sibom.slyt.gba.gob.ar/bulletins/8510/contents/1861927,", la nota presentada por la Coordinadora de Desarrollo Social de la Municipalidad de Chivilcoy, por la cual solicita dar de baja un (1) aire acondicionado marca ALASKA, perteneciente a la Oficina de Desarrollo Social, el cual dejo de funcionar y no tiene arreglo. ... […] Baja patrimonial ... […] Artículo 1º: Efectúese la baja del patrimonio municipal de un (1) aire acondicionado marca ALASKA, perteneciente a la Oficina de Desarrollo Social, el cual dejo de funcionar y no tiene arreglo. Artículo 2º: Comuníquese, publíquese, tome nota quien corresponda, dése al R.O., archívese. - ...",2023-04-13,2026-09-01,2026-09-01
sibom,https://sibom.slyt.gba.gob.ar/bulletins/8486/contents/1859436,General Viamonte,Decreto Nº118 en el boletín 185º de General Viamonte,,03/04/2023,,,volumen_alto,no,"cubierta,cubiertas",https://sibom.slyt.gba.gob.ar/bulletins/8486/contents/1859436,"Que en consecuencia es procedente efectuar el mismo en los términos que establece la Ley Orgánica de las Municipalidades ... […] La necesidad de proceder al LLAMADO a LICITACIÓN PRIVADA N° 02/2023, para “ADQUISICIÓN DE NEUMATICOS NUEVOS ... […] ”, ascendiendo el Presupuesto Oficial a la suma de Pesos Seis Millones Quinientos Sesenta Mil ($6.560.000), dividido en los siguientes objetos: OBJETO 1: 4 Cubiertas Lisas 1000 x 20 ...",2023-04-03,2026-09-01,2026-09-01
sibom,https://sibom.slyt.gba.gob.ar/bulletins/8332/contents/1849338,La Plata,Decreto Nº4271/22 en el boletín 1231º de La Plata,,03/04/2023,,,objetivo,no,"bateria,baterias",https://sibom.slyt.gba.gob.ar/bulletins/8332/contents/1849338,"Expte. 4061-1211448-22. Aprueba. Adjudica Concurso de Precios Nº 195-22, por la que se solicita la adquisición de baterías . ... […] EL INTENDENTE MUNICIPAL DECRETA ...",2023-04-03,2026-09-01,2026-09-01
sibom,https://sibom.slyt.gba.gob.ar/bulletins/8483/contents/1858880,Roque Pérez,Decreto Nº67/2023 en el boletín 74º de Roque Pérez,,31/03/2023,,adjudicada,volumen_alto,no,camara de aire,https://sibom.slyt.gba.gob.ar/bulletins/8483/contents/1858880,Adjudicación Concurso de Precios n° 3/23 Adquisición Aire acondicionado. ...,2023-03-31,2026-09-01,2026-09-01
sibom,https://sibom.slyt.gba.gob.ar/bulletins/8453/contents/1858211,Bahia Blanca,Decreto Nº721 en el boletín 219º de Bahia Blanca,,30/03/2023,,,volumen_alto,no,"neumatico,neumaticos,protector de neumaticos",https://sibom.slyt.gba.gob.ar/bulletins/8453/contents/1858211,"Visto las presentes actuaciones, originadas por el Departamento Talleres y Maestranza, dependiente de la Secretaría de Gestión Urbana, referidas a la adquisición de doce (12) neumáticos X412 para cubrir la demanda ... […] 1º )- Adjudicar a ALVAREZ NEUMÁTICOS S.A (Proveedor Nº 5649), la provisión de doce (12) neumáticos X412 para cubrir la demanda de distintas reparticiones municipales, por mejor ...",2023-03-30,2026-09-01,2026-09-01
sibom,https://sibom.slyt.gba.gob.ar/bulletins/8453/contents/1858218,Bahia Blanca,Decreto Nº772 en el boletín 219º de Bahia Blanca,,30/03/2023,,,volumen_alto,no,"neumatico,neumaticos,protector de neumaticos",https://sibom.slyt.gba.gob.ar/bulletins/8453/contents/1858218,"Visto las presentes actuaciones, originadas por el Departamento Talleres y Maestranza, dependiente de la Secretaría de Gestión Urbana, referidas a la adquisición de neumáticos X412, conforme Solicitud de Pedido Nº ... […] a ALVAREZ NEUMATICOS S.A. (Proveedor Nº 5.649), la provisión de neumáticos X412, por mejor oferta económica que cumple con las especificaciones técnicas solicitadas, por la suma total de PESOS UN MILLON ...",2023-03-30,2026-09-01,2026-09-01
sibom,https://sibom.slyt.gba.gob.ar/bulletins/8397/contents/1851766,General Villegas,Decreto Nº1933/22 en el boletín 134º de General Villegas,,30/03/2023,,,volumen_alto,no,"llanta,llantas",https://sibom.slyt.gba.gob.ar/bulletins/8397/contents/1851766,"de la arteria mencionada produciéndose la rotura del neumático marca Pirelli, rodado 17, de la rueda referida, con daños también en la llanta del mismo. Que para el caso de no acceder a su requerimiento, procederá a iniciar ...",2023-03-30,2026-09-01,2026-09-01
sibom,https://sibom.slyt.gba.gob.ar/bulletins/8324/contents/1848541,Trenque Lauquen,Decreto Nº2795/2022 en el boletín 127º de Trenque Lauquen,,28/03/2023,,,volumen_alto,no,"llanta,llantas",https://sibom.slyt.gba.gob.ar/bulletins/8324/contents/1848541,"Que el mismo está organizado por un grupo de empleados municipales y cuenta con la colaboración de la Municipalidad de Trenque Lauquen.- Que este Departamento Ejecutivo considera ... […] Que el día 6 de Noviembre del corriente año, a las 21 Hs., se llevará a cabo en las instalaciones del Club Tres Llantas de Trenque Lauquen, un “EVENTO POR EL DÍA DEL EMPLEADO MUNICIPAL”; y, ... […] 2795-22 Declara Int.Púb.y Munic. EVENTO POR DIA DEL EMPLEADO MUNICIPAL ...",2023-03-28,2026-09-01,2026-09-01
sibom,https://sibom.slyt.gba.gob.ar/bulletins/8434/contents/1855306,Bahia Blanca,Decreto Nº702 en el boletín 218º de Bahia Blanca,,27/03/2023,,,volumen_alto,no,"neumatico,neumaticos,protector de neumaticos",https://sibom.slyt.gba.gob.ar/bulletins/8434/contents/1855306,"Visto las presentes actuaciones, originadas por el Departamento Talleres y Maestranza, dependiente de la Secretaría de Gestión Urbana, referidas a la adquisición de neumáticos X412 para cubrir la demanda de distintas reparticiones municipales ... […] 1º )- Adjudicar a ALVAREZ NEUMÁTICOS S.A (Proveedor Nº 5649), la provisión de neumáticos X412, por mejor oferta económica que cumple ...",2023-03-27,2026-09-01,2026-09-01
sibom,https://sibom.slyt.gba.gob.ar/bulletins/8305/contents/1845761,Tapalqué,Decreto Nº0085 en el boletín 68º de Tapalqué,,23/03/2023,,adjudicada,volumen_alto,no,"neumatico,neumaticos,protector de neumaticos",https://sibom.slyt.gba.gob.ar/bulletins/8305/contents/1845761,"VISTO : El llamado a Concurso de Precios N° 6 para la adquisición de neumáticos para móviles del CPR local y delegaciones que se tramita mediante expediente N° 4111-012/23 para el día 3 de febrero de 2023 a las 10,00 horas ... […] ARTÍCULO 1°: Adjudicase el Concurso de Precios N° 6 para la adquisición de neumáticos para móviles del CPR local y delegaciones que se tramita mediante expediente N° 4111-012/23 ... […] NEUMÁTICO P/ CAMIONETA – USO MIXTO MEDIDA 265/65/R17 $ 111.500,00 ...",2023-03-23,2026-09-01,2026-09-01
sibom,https://sibom.slyt.gba.gob.ar/bulletins/8305/contents/1845799,Tapalqué,Decreto Nº0093 en el boletín 68º de Tapalqué,,23/03/2023,,,volumen_alto,no,"neumatico,neumaticos,protector de neumaticos",https://sibom.slyt.gba.gob.ar/bulletins/8305/contents/1845799,"VISTO: La necesidad por parte de esta Municipalidad de proceder al llamado a Licitación Privada N° 3 para la adquisición de neumáticos para el corralón municipal, que se tramita mediante expediente N° 4111-027/23 ... […] ARTICULO 1º: Autorízase a la Oficina de Compras de esta Municipalidad a proceder al llamado a licitación privada N° 3 para la adquisición de neumáticos para el corralón ... […] Por ello el Intendente Municipal, en uso de sus facultades decreta ...",2023-03-23,2026-09-01,2026-09-01
sibom,https://sibom.slyt.gba.gob.ar/bulletins/8359/contents/1854924,Mercedes,Decreto Nº258/2023 en el boletín 63º de Mercedes,,23/03/2023,,,volumen_alto,no,"cubierta,cubiertas",https://sibom.slyt.gba.gob.ar/bulletins/8359/contents/1854924,"La necesidad de proveer a la Secretaría de Seguridad de cubiertas para móviles policiales que le permitan cubrir los requerimientos operativos de los próximos meses. Que atento ... […] Lo actuado en Expediente Administrativo Nº 447/2023, caratulado “Licitación Privada Nº 08/2023 s/ la compra de cubiertas destinadas a móviles de Seguridad”, ... […] ARTICULO 1º) Declárese desierto el primer llamado a Licitación Privada n° 08/2023 para la adquisición de cubiertas ...",2023-03-23,2026-09-01,2026-09-01
sibom,https://sibom.slyt.gba.gob.ar/bulletins/8415/contents/1853777,Bahia Blanca,Decreto Nº606 en el boletín 216º de Bahia Blanca,,21/03/2023,,,volumen_alto,no,"neumatico,neumaticos",https://sibom.slyt.gba.gob.ar/bulletins/8415/contents/1853777,"Visto las presentes actuaciones, originadas por el Departamento Talleres y Maestranza, dependiente de la Secretaría de Gestión Urbana, referidas a la adquisición de neumáticos X412 para cubrir la demanda de distintas reparticiones municipales ... […] a ALVAREZ NEUMÁTICOS S.A (Proveedor Nº 5649), la provisión de neumáticos X412, por única oferta que cumple con las especificaciones técnicas solicitadas y conveniente ...",2023-03-21,2026-09-01,2026-09-01
sibom,https://sibom.slyt.gba.gob.ar/bulletins/8424/contents/1853638,General Viamonte,Licitación Nº002 en el boletín 183º de General Viamonte,,21/03/2023,,,volumen_alto,no,"cubierta,cubiertas",https://sibom.slyt.gba.gob.ar/bulletins/8424/contents/1853638,": 4 Cubiertas lisas 1000 x 20 ... […] . $ 1.060.000,00 OFICIAL OBJETO 2: 4 Cubiertas con taco 1000 x ... […] .360.000,00 POR OBJETO: OBJETO 3: 6 Cubiertas lisas 275 x 80 x 22.5 ...",2023-03-21,2026-09-01,2026-09-01
sibom,https://sibom.slyt.gba.gob.ar/bulletins/8303/contents/1853386,Nueve de Julio,Decreto Nº428/2023 en el boletín 78º de Nueve de Julio,,17/03/2023,,adjudicada,volumen_alto,no,"neumatico,neumaticos,protector de neumaticos",https://sibom.slyt.gba.gob.ar/bulletins/8303/contents/1853386,"Que corresponde dictar acto administrativo expreso, de conformidad a las constancias enunciadas ... […] La comunicación NO–00006801-MUNINUE-SSC#SAH. El expediente Nº 4082-103/2023. La solicitud de la Secretaría de Obras y Servicios Públicos. Las invitaciones a cotizar y los presupuestos presentados por distintas firmas ... […] LICITACION PRIVADA Nº 7 - NEUMÁTICOS - ADJUDICACION. ...",2023-03-17,2026-09-01,2026-09-01
sibom,https://sibom.slyt.gba.gob.ar/bulletins/8303/contents/1853397,Nueve de Julio,Decreto Nº429/2023 en el boletín 78º de Nueve de Julio,,17/03/2023,,adjudicada,volumen_alto,no,"neumatico,neumaticos,protector de neumaticos",https://sibom.slyt.gba.gob.ar/bulletins/8303/contents/1853397,"Que corresponde dictar acto administrativo expreso, de conformidad a las constancias enunciadas ... […] La comunicación NO–2023-00006799-MUNINUE-SSC#SAH. El expediente Nº 4082-87/2023. La solicitud de la Secretaría de Obras y Servicios Públicos. Las invitaciones a cotizar y los presupuestos presentados por distintas ... […] LICITACION PRIVADA Nº 4 - NEUMÁTICOS - ADJUDICACION. ...",2023-03-17,2026-09-01,2026-09-01
sibom,https://sibom.slyt.gba.gob.ar/bulletins/8303/contents/1852276,Nueve de Julio,Decreto Nº417/2023 en el boletín 78º de Nueve de Julio,,17/03/2023,,,volumen_alto,no,"neumatico,neumaticos",https://sibom.slyt.gba.gob.ar/bulletins/8303/contents/1852276,"Que de conformidad al Artículo 108 inciso 2 del Decreto Ley Nº 6769/58 y sus modificatorias “Ley Orgánica de las Municipalidades”, es atribución y deber del Departamento Ejecutivo la promulgación de Ordenanzas sancionada por el Honorable Concejo ... […] Que el día 9 de marzo del corriente año el Honorable Concejo Deliberante, procedió a la sanción de la Ordenanza Nº 6965 “Autorizando al Departamento Ejecutivo a aceptar única oferta Licitación Privada Nº 4/2023: adquisición de neumáticos en cotización Nº 1328 ítems Nº 3, 4 y 7"". ... […] PROMULGA ORDENANZA Nº 6965: AUTORIZANDO AL DEPARTAMENTO EJ",2023-03-17,2026-09-01,2026-09-01
sibom,https://sibom.slyt.gba.gob.ar/bulletins/8419/contents/1853287,General Viamonte,Licitación Nº002/2023 en el boletín 182º de General Viamonte,,17/03/2023,,,volumen_alto,no,"cubierta,cubiertas",https://sibom.slyt.gba.gob.ar/bulletins/8419/contents/1853287,": 4 Cubiertas lisas 1000 x 20 ... […] OBJETO 2: 4 Cubiertas con taco 1000 x 20 ... […] . $ 1.360.000,00 POR OBJETO: OBJETO 3: 6 Cubiertas lisas 275 x 80 x ...",2023-03-17,2026-09-01,2026-09-01
sibom,https://sibom.slyt.gba.gob.ar/bulletins/8301/contents/1845056,Vicente López,Resolución Nº274/23 en el boletín 751º de Vicente López,,13/03/2023,,,objetivo,no,"cubierta,cubiertas",https://sibom.slyt.gba.gob.ar/bulletins/8301/contents/1845056,"RECEPCIONA DEFINITIVAMENTE Ia obra: ""Ejecución de cubiertas metálica en sector Pileta Chica del Campo Municipal No 1"" en un todo de acuerdo con el Pliego de Bases y Condiciones y el Código de Obras Públicas. ...",2023-03-13,2026-09-01,2026-09-01
sibom,https://sibom.slyt.gba.gob.ar/bulletins/8308/contents/1846835,General Villegas,Resolución Nº563/22 en el boletín 132º de General Villegas,,10/03/2023,,,volumen_alto,no,gomeria,https://sibom.slyt.gba.gob.ar/bulletins/8308/contents/1846835,"de los rubros “ Gomería – Lubricantes – Accesorios – Artículos de limpieza”, desde el 01 de junio de 2013; y CONSIDERANDO: Que se labraron Acta de Inspección Nº ... […] a la explotación de los rubros “ GOMERÍA – LUBRICANTES – ACCESORIOS – ARTICULOS DE LIMPIEZA”, denominación comercial “ GOMERIA LOS NIETOS”, de la firma TRANSPORTE J.B.S. S.H. integrada por los señores Bergese Marcelo y Arilla Delia Mabel, CUIT Nº 30 ...",2023-03-10,2026-09-01,2026-09-01
sibom,https://sibom.slyt.gba.gob.ar/bulletins/8356/contents/1849558,Bahia Blanca,Decreto Nº571 en el boletín 212º de Bahia Blanca,,08/03/2023,,,volumen_alto,no,"bateria,baterias",https://sibom.slyt.gba.gob.ar/bulletins/8356/contents/1849558,"Visto el pedido de adquisición, originado por el Departamento Talleres y Maestranza, dependiente de la Secretaría de Gestión Urbana, para la adquisición de baterías X412, conforme a la solicitud de pedido N° 639/2023, y; CONSIDERANDO ... […] : - DECRETA - ARTICULO 1º )- Adjudícase a SERMAT S.A (Proveedor Nº 5.413), la provisión de baterías X412, por mejor oferta que cumple ...",2023-03-08,2026-09-01,2026-09-01
sibom,https://sibom.slyt.gba.gob.ar/bulletins/8325/contents/1846496,Bahia Blanca,Resolución Nº503 en el boletín 209º de Bahia Blanca,,01/03/2023,,,volumen_alto,no,"bateria,baterias",https://sibom.slyt.gba.gob.ar/bulletins/8325/contents/1846496,"Visto las presentes actuaciones, referidas a la solicitud de Habilitación presentada por Baterías Elpra SA , para desarrollar el rubro de Venta al por menor de repuestos automotor y de vehículos ... […] E - ARTICULO 1º)- Habílitase a Baterías Elpra SA , contribuyente Nº 77425B, para el rubro de Venta al por menor de repuestos automotor y de vehículos eléctricos , en calle DON BOSCO ... […] 740 del partido de BAHIA BLANCA.- ARTICULO 2º)- Expídase Certificado de Habilitación Nº 120/2023 a Baterías Elpra SA , Contribuyente Nº 77425B de acuerdo a lo establecido en el Artículo ...",2023-03-01,2026-09-01,2026-09-01
sibom,https://sibom.slyt.gba.gob.ar/bulletins/8183/contents/1844520,La Plata,Decreto Nº4071/22 en el boletín 1230º de La Plata,,27/02/2023,,,objetivo,no,"bateria,baterias",https://sibom.slyt.gba.gob.ar/bulletins/8183/contents/1844520,"Expte. 4061-1210069-22. Aprueba. Adjudica Concurso de Precios Nº 180-22, por la que se solicita la adquisición de baterías . ... […] EL INTENDENTE MUNICIPAL DECRETA ...",2023-02-27,2026-09-01,2026-09-01
sibom,https://sibom.slyt.gba.gob.ar/bulletins/8307/contents/1844847,Bahia Blanca,Decreto Nº452 en el boletín 207º de Bahia Blanca,,24/02/2023,,,volumen_alto,no,"neumatico,neumaticos,protector de neumaticos",https://sibom.slyt.gba.gob.ar/bulletins/8307/contents/1844847,"Visto las presentes actuaciones, originadas por el Departamento Talleres y Maestranza, dependiente de la Secretaría de Gestión Urbana, referidas a la adquisición de dos (2) neumáticos con destino al mencionado ... […] ARTÍCULO 1º )- Adjudicar a ALVAREZ NEUMÁTICOS S.A (Proveedor Nº 5.649), la provisión de dos (2) neumáticos con destino al Departamento Talleres y Maestranza, para cubrir ...",2023-02-24,2026-09-01,2026-09-01
sibom,https://sibom.slyt.gba.gob.ar/bulletins/8271/contents/1839925,General Villegas,Decreto Nº1820/22 en el boletín 131º de General Villegas,,23/02/2023,,,volumen_alto,no,"neumatico,neumaticos,protector de neumaticos",https://sibom.slyt.gba.gob.ar/bulletins/8271/contents/1839925,"a la “Adquisición de neumáticos para el parque automotor de las Delegaciones Municipales”, autorizada por Decreto Nº 1499/22; y CONSIDERAND O ... […] que se presentaron tres (3) proveedores y atento al informe de la Dirección Vial estima conveniente adjudicar los ítems 1, 2, 3 y 4 al oferente Neumáticos Villegas S.A., los ítems 5, 6, 7, 8, 9, 10 y 11 a Larocca Neumáticos S.A. y los ítems 12, 13, 14, 15 ... […] , 16, 17, 18, 19, 20, 21, 22, 23 y 24 a Leticia Liliana Morra, por resultar beneficiosos a los intereses municipales. Por otro lado, corresponde rechazar las ofertas: de Neumáticos Ville",2023-02-23,2026-09-01,2026-09-01
sibom,https://sibom.slyt.gba.gob.ar/bulletins/8271/contents/1843118,General Villegas,Resolución Nº504/22 en el boletín 131º de General Villegas,,23/02/2023,,,volumen_alto,no,"gomeria,neumatico,neumaticos,protector de neumaticos",https://sibom.slyt.gba.gob.ar/bulletins/8271/contents/1843118,"VISTO: El Expediente Nº 1070/17, correspondiente a la habilitación de un comercio, perteneciente a la firma Brochiero Neumáticos Sociedad Simple, dedicado a la explotación del rubro “Gomerías ... […] - Neumáticos ”, con fecha de alta 1 de enero de 2017, registrado como Contribuyente Nº 3279; y CONSIDERANDO: Que por Expediente Nº 1070/17 Alcance 3, agregado ... […] de 2021, del comercio perteneciente a la firma BROCHIERO NEUMÁTICOS SOCIEDAD SIMPLE, CUIT Nº 30-71546995-9, Contribuyente Nº 3279, habilitado con los rubros “GOMERÍA - NEUMÁTICOS ”, denominación comercial “BROCHIERO NEUMÁTICOS ...",2023-02-23,2026-09-01,2026-09-01
sibom,https://sibom.slyt.gba.gob.ar/bulletins/8241/contents/1841774,Tapalqué,Decreto Nº0038 en el boletín 67º de Tapalqué,,22/02/2023,,,volumen_alto,no,"neumatico,neumaticos,protector de neumaticos",https://sibom.slyt.gba.gob.ar/bulletins/8241/contents/1841774,VISTO: La necesidad por parte de esta Municipalidad de proceder al llamado concurso de precios N° 6 para la adquisición de neumáticos para móviles del CPR local ... […] ARTICULO 1º: Autorizase a la Oficina de Compras de esta Municipalidad a proceder al llamado concurso de precios N° 6 para la adquisición de neumáticos ... […] de Gobierno Imputación: 22.00.00 neumáticos Fuente: 132 Origen provincial ...,2023-02-22,2026-09-01,2026-09-01
sibom,https://sibom.slyt.gba.gob.ar/bulletins/8268/contents/1843339,Nueve de Julio,Licitación Nº7/2023 en el boletín 77º de Nueve de Julio,,17/02/2023,,,volumen_alto,no,"neumatico,neumaticos,protector de neumaticos",https://sibom.slyt.gba.gob.ar/bulletins/8268/contents/1843339,"Autorízase el llamado a licitación privada Nº 7 para la compra de neumáticos para el área de la Secretaría de Obras y Servicios Públicos, a llevarse a cabo el día 17 de febrero de 2023 a las 10:00 hs. en la Subsecretaría de Contrataciones de esta Municipalidad. ...",2023-02-17,2026-09-01,2026-09-01
sibom,https://sibom.slyt.gba.gob.ar/bulletins/8268/contents/1843091,Nueve de Julio,Licitación Nº4/2023 en el boletín 77º de Nueve de Julio,,17/02/2023,,,volumen_alto,no,"neumatico,neumaticos,protector de neumaticos",https://sibom.slyt.gba.gob.ar/bulletins/8268/contents/1843091,"Autorízase el llamado a licitación privada Nº 4 para la compra de neumáticos para el área de la Secretaría de Obras y Servicios Públicos, a llevarse a cabo el día 15 de febrero de 2023 a las 10:00 hs en la Subsecretaría de Contrataciones de esta Municipalidad. ...",2023-02-17,2026-09-01,2026-09-01
sibom,https://sibom.slyt.gba.gob.ar/bulletins/8268/contents/1843090,Nueve de Julio,Decreto Nº263/2023 en el boletín 77º de Nueve de Julio,,17/02/2023,,,volumen_alto,no,"neumatico,neumaticos,protector de neumaticos",https://sibom.slyt.gba.gob.ar/bulletins/8268/contents/1843090,"Que corresponde dictar acto administrativo a efectos del llamado a Licitación Privada Nº 4, en el marco del Expediente Municipal 4082-87/2023 ... […] La comunicación NO-2023-00003872-MUNINUE-SSC#SAH. La solicitud de Decreto efectuada por el Sub Secretario de Contrataciones ... […] LICITACION PRIVADA Nº 4 - COMPRA DE NEUMÁTICOS - LLAMADO. ...",2023-02-17,2026-09-01,2026-09-01
sibom,https://sibom.slyt.gba.gob.ar/bulletins/8268/contents/1843337,Nueve de Julio,Decreto Nº281/2023 en el boletín 77º de Nueve de Julio,,17/02/2023,,,volumen_alto,no,"neumatico,neumaticos,protector de neumaticos",https://sibom.slyt.gba.gob.ar/bulletins/8268/contents/1843337,"Que corresponde dictar acto administrativo a efectos del llamado a Licitación Privada Nº 7, en el marco del Expediente Municipal 4082-103/2023 ... […] La comunicación NO-2023-00004399-MUNINUE-SSC#SAH. La solicitud de Decreto efectuada por el Sub Secretario de Contrataciones ... […] LICITACION PRIVADA Nº 7 - COMPRA DE NEUMÁTICOS - LLAMADO. ...",2023-02-17,2026-09-01,2026-09-01
sibom,https://sibom.slyt.gba.gob.ar/bulletins/8292/contents/1842401,Bahia Blanca,Decreto Nº403 en el boletín 204º de Bahia Blanca,,16/02/2023,,,volumen_alto,no,"neumatico,neumaticos",https://sibom.slyt.gba.gob.ar/bulletins/8292/contents/1842401,"Visto las presentes actuaciones, originadas por el Departamento Talleres y Maestranza, dependiente de la Secretaría de Gestión Urbana, referidas a la adquisición de doce (12) neumáticos para cubrir la demanda ... […] ; Que, a fojas 13 el Director General de Talleres informa que considerando las especificaciones técnicas y la propuesta mas económica se sugiere adjudicar el ítem N° 1 a Alvarez Neumáticos S.A.; Por todo lo expuesto ... […] 1º )- Adjudicar a ALVAREZ NEUMÁTICOS S.A (Proveedor Nº 5.649), la provisión de doce (12) neumáticos para cubrir la demanda de distintas Reparticiones Municipal",2023-02-16,2026-09-01,2026-09-01
sibom,https://sibom.slyt.gba.gob.ar/bulletins/8211/contents/1839477,Trenque Lauquen,Decreto Nº2625/2022 en el boletín 124º de Trenque Lauquen,,13/02/2023,,,volumen_alto,no,"llanta,llantas",https://sibom.slyt.gba.gob.ar/bulletins/8211/contents/1839477,"Que en ellas, el Presidente del Club Social y Deportivo “Tres Llantas ” de nuestra Ciudad, solicita una ayuda económica a fin de solventar los gastos que le ocasionó la organización de la tradicional ... […] Las actuaciones obrantes en Expediente Administrativo Nº 2134/2022 ... […] 2625-22 Subsidio No Reintegrable Club Tres Llantas - Danda Juan Carlos ...",2023-02-13,2026-09-01,2026-09-01
sibom,https://sibom.slyt.gba.gob.ar/bulletins/8211/contents/1839470,Trenque Lauquen,Decreto Nº2624/2022 en el boletín 124º de Trenque Lauquen,,13/02/2023,,,volumen_alto,no,"llanta,llantas",https://sibom.slyt.gba.gob.ar/bulletins/8211/contents/1839470,"Que dicho evento, organizado por el Taller “La Vuelta” se desarrolló en las instalaciones del Club Social y Deportivo “Tres Llantas ;” Que, durante el transcurso de la Peña, actuaron ... […] Que el día sábado 15 de Octubre del corriente año, se llevó a cabo en nuestra Ciudad el Quinto Festival Folklórico “MIGUEL MORALLI ... […] 2624-22 Declara Interés Municipal Peña Folclórica Miguel Moralli ...",2023-02-13,2026-09-01,2026-09-01
sibom,https://sibom.slyt.gba.gob.ar/bulletins/8239/contents/1837256,Bahia Blanca,Resolución Nº440 en el boletín 199º de Bahia Blanca,,03/02/2023,,,volumen_alto,no,"bateria,baterias",https://sibom.slyt.gba.gob.ar/bulletins/8239/contents/1837256,"-Don Ramiro y Los Chañares por el robo de las baterías de los camiones en el puesto ubicado en Carmen Ledesma y Ruta 35 el día 30 de Junio del corriente, copia del formulario de denuncia obrante de fojas de fojas 2 a fojas 5, atento que a fojas 7 ... […] de una investigación presumarial a los efectos de deslindar responsabilidades ante el robo de baterías en camiones ubicados en la Unidad Operativa Villa Bordeu-Don Ramiro y Los Chañares, de acuerdo a lo detallado en el expediente Nº 123-9239-2021 ...",2023-02-03,2026-09-01,2026-09-01
sibom,https://sibom.slyt.gba.gob.ar/bulletins/8135/contents/1828372,Coronel Dorrego,Decreto Nº2640/2022 en el boletín 119º de Coronel Dorrego,,25/01/2023,,,volumen_alto,no,"bateria,baterias",https://sibom.slyt.gba.gob.ar/bulletins/8135/contents/1828372,"que este tipo de gastos que pueden ser canalizados a través de los fondos previstos con la creación de la Ley de Financiamiento Educativo Nº 26075 ... […] que el cuerpo de Consejeros Escolares de Coronel Dorrego han solicitado la colaboración Municipal para la adquisición de cuatro baterías solares destinadas a la Escuela Nº 6 del Paraje La Aurora, dado que la institución educativa no cuenta con cooperadora escolar; y ... […] a la adquisición de cuatro baterías solares para la Escuela Nº 6 del Paraje La Aurora, por los motivos expuestos en el exordio del presente ...",2023-01-25,2026-09-01,2026-09-01
sibom,https://sibom.slyt.gba.gob.ar/bulletins/8155/contents/1830234,General Villegas,Ordenanza Nº6405/22 en el boletín 129º de General Villegas,,20/01/2023,,,volumen_alto,no,recapado,https://sibom.slyt.gba.gob.ar/bulletins/8155/contents/1830234,"VISTO: El Expte 13263/2022, iniciado por la Directora de Rentas, elevando el proyecto de ordenanza tendiente a actualizar ... […] $ 2.623,75 71400-09 Gomerías, vulcanización, recapado ... […] 71400-09 Gomerías, vulcanización, recapado , etc ...",2023-01-20,2026-09-01,2026-09-01
sibom,https://sibom.slyt.gba.gob.ar/bulletins/8112/contents/1826179,Brandsen,Decreto Nº2581 en el boletín 144º de Brandsen,,19/01/2023,,,objetivo,no,"cubierta,cubiertas",https://sibom.slyt.gba.gob.ar/bulletins/8112/contents/1826179,"Que por el mismo el Sr. Guzmán Rubén solicita se le abone el valor de una cubierta de su vehículo Dominio CJK484 la cual se averió con un cordón que se encuentra en mal ... […] que el siniestro no tiene cobertura (ver frente póliza fs. 7/9), las fotos e inspección del lugar denunciado (fs. 11/12) que dan cuenta de la existencia de un hierro expuesto y que fue el que dañó la cubierta y la declaración de la testigo Sra. Donella Ivana ... […] Mogliani (fs. 2), entiendo que tratándose de una presentación extrajudicial reclamando un daño puntual, la comuna debe evaluar que objetivamente resulte acr",2023-01-19,2026-09-01,2026-09-01
sibom,https://sibom.slyt.gba.gob.ar/bulletins/8081/contents/1829432,General Viamonte,Decreto Nº561 en el boletín 174º de General Viamonte,,17/01/2023,,,volumen_alto,no,camara de aire,https://sibom.slyt.gba.gob.ar/bulletins/8081/contents/1829432,".R.L. que presenta una oferta de $928.000 por un Aire Acondicionado Marca Surrey – Inverter y CLIMATECNICA S.R.L. que presenta una oferta principal de $1.539.804 por un Aire Acondicionado Marca LG – Inverter y una alternativa de $992.000 por un Aire ... […] El Concurso de Precios N° 06/2022, para “ADQUISICION, INSTALACIÓN Y PUESTA EN MARCHA EQUIPO CENTRAL DE AIRE ACONDICIONADO FRÍO – CALOR PARA JARDIN ... […] de Precios 06/2022 para la “ ADQUISICION, INSTALACIÓN Y PUESTA EN MARCHA EQUIPO CENTRAL DE AIRE ACONDICIONADO FRÍO – CALOR PARA JARDIN DE INFANTES N° 908 – JUAN EL BUENO ’’ , por la suma ",2023-01-17,2026-09-01,2026-09-01
sibom,https://sibom.slyt.gba.gob.ar/bulletins/8120/contents/1827551,General Alvear,Decreto Nº1004 en el boletín 29º de General Alvear,,13/01/2023,,,volumen_alto,no,"cubierta,cubiertas",https://sibom.slyt.gba.gob.ar/bulletins/8120/contents/1827551,"La necesidad y urgencia del servicio a contratar, Lo dispuesto ... […] La Licitación Privada Nº 11/2022 (Expte. Nº 4039-16099/2022), referente a: “Recambio de Cubierta de la Escuela de Educación Primaria Nº 21”, y; ... […] ARTICULO 1º: Adjudicase, en el marco de la Licitación Privada Nº 11/2022 (Expte. Nº 4039- 16099/2022), referente a: “Recambio de Cubierta de la Escuela de Educación Primaria Nº 21 ...",2023-01-13,2026-09-01,2026-09-01
sibom,https://sibom.slyt.gba.gob.ar/bulletins/8020/contents/1824942,General Alvear,Decreto Nº949 en el boletín 28º de General Alvear,,09/01/2023,,,volumen_alto,no,"cubierta,cubiertas",https://sibom.slyt.gba.gob.ar/bulletins/8020/contents/1824942,"Que corresponde llamar a Licitación Privada ... […] El Expediente Nº 4039-16099/2022 referente a la obra “Recambio de la cubierta de la Escuela de Educación Primaria Nº 21”; por un costo aproximado de pesos tres millones quinientos quince mil ciento cincuenta y dos con 90/100 ($ 3.515.152,90) y ... […] ARTICULO 1º: Llámese a Licitación Privada Nº 11/2022 (Expte. Nº 4039-16099/2022) para el día 07 de diciembre de 2022 a las 11:00 hs. para la obra “Recambio de la cubierta de la Escuela ...",2023-01-09,2026-09-01,2026-09-01
sibom,https://sibom.slyt.gba.gob.ar/bulletins/8079/contents/1823519,General San Martín,Decreto Nº1554/22 en el boletín 1892º de General San Martín,,09/01/2023,,,objetivo,no,"bateria,baterias",https://sibom.slyt.gba.gob.ar/bulletins/8079/contents/1823519,"Otorgando subsidio a favor del Sr. Juan Jose MACEIRO, para afrontar los gastos que origine el traslado al ""3° ENCUENTRO DE BATERIAS , BATUCADAS Y SAMBISTAS"". ...",2023-01-09,2026-09-01,2026-09-01
sibom,https://sibom.slyt.gba.gob.ar/bulletins/7628/contents/1807540,Chacabuco,Decreto Nº987 en el boletín 69º de Chacabuco,,03/01/2023,,,volumen_alto,no,"cubierta,cubiertas",https://sibom.slyt.gba.gob.ar/bulletins/7628/contents/1807540,"Que, la realización de dicha ampliaciónimplicará75 días adicionales de obra de acuerdo a lo manifestado a fs. 233 del expediente administrativo nro. 4029-3510/19, Que, se han expedido ... […] El pedido ampliación de plazo de la obra“Construcción de un sector cubierto en el patio de la Escuela Primaria N°5 de la localidad de O’Higgins”;que realiza la Secretaría de Obras Públicas en el expediente nro. 4029-3510/19; Y ... […] DISPONIENDO LA AMPLIACIÓN DE PLAZO DE LA OBRA ""CONSTRUCCIÓN DE UN SECTOR CUBIERTO EN EL PATIO DE LA ESCUELA PRIMARIA N°5 DE LA LOCALIDAD DE O’HIGGINS.- ...",2023-01-03,2026-09-01,2026-09-01
sibom,https://sibom.slyt.gba.gob.ar/bulletins/7628/contents/1804290,Chacabuco,Decreto Nº944 en el boletín 69º de Chacabuco,,03/01/2023,,,volumen_alto,no,"cubierta,cubiertas",https://sibom.slyt.gba.gob.ar/bulletins/7628/contents/1804290,"Que, dicha ampliación no supera el 20% del monto total del contrato original (art. 146º primer párrafo de la L.O.M ... […] El pedido de ampliación del contrato para la obra “ Cubierta de Escuela Primaria N° 22 y Jardín 908” , que realiza la Subsecretaría de Obras Públicas en el expediente nro. 4029-1914/21; manifestando los motivos que a prima facie justifican dicha solicitud (fs. 75); Y ... […] DISPONIENDO LA AMPLIACIÓN DEL CONTRATO PARA LA OBRA DE “ CUBIERTA DE ESCUELA PRIMARIA N° 22 Y JARDÍN 908”.- ...",2023-01-03,2026-09-01,2026-09-01
sibom,https://sibom.slyt.gba.gob.ar/bulletins/7628/contents/1783051,Chacabuco,Decreto Nº853/22 en el boletín 69º de Chacabuco,,03/01/2023,,,volumen_alto,no,gomeria,https://sibom.slyt.gba.gob.ar/bulletins/7628/contents/1783051,"Que se han presentado dos oferentes, todo ello según Acta de fecha 10/06/22, que cumplen con todas las formalidades exigidas en el pliego, que la firma Gomería Chacabuco S.R.L. resulta la más conveniente a los intereses ... […] Las constancias del Expte. Nº 4029-1763/22 por el cual se tramita el llamado a concurso de Precios para la adquisición de cubiertas para vehículos de uso de la Secretaría de Seguridad e Inspección General ... […] ADJUDICANDO A LA FIRMA GOMERÍA CHACABUCO S.R.L., LA ADQUISICIÓN DE CUBIERTAS PARA VEHÍCULOS DE USO DE LA SECRETARÍA DE SEGURIDAD E INSPECCIÓN GENERAL.- ...",2023-01-03,2026-09-01,2026-09-01
sibom,https://sibom.slyt.gba.gob.ar/bulletins/8043/contents/1820792,Tandil,Decreto Nº4522/2022 en el boletín 160º de Tandil,,02/01/2023,,adjudicada,volumen_alto,no,"neumatico,neumaticos",https://sibom.slyt.gba.gob.ar/bulletins/8043/contents/1820792,"cotizado tres oferentes de los invitados. Que de acuerdo al informe de la Dirección de Higiene y Servicios Urbanos en Orden 13, sugiere la adjudicación a las firmas, LAROCCA NEUMATICOS S.A, por el total ... […] El Concurso de Precios Nº 172-03-22 “ADQUISICION DE NEUMATICOS PARA MINIPALA SERVICIOS.” ... […] Artículo 1°: Adjudicase el Concurso de Precios Nº 172-03-22 “ADQUISICION DE NEUMATICOS PARA MINIPALA SERVICIOS.”, a la firma LAROCCA NEUMATICOS S.A por la suma total de novecientos doce mil pesos con cero centavos ($912 ...",2023-01-02,2026-09-01,2026-09-01
sibom,https://sibom.slyt.gba.gob.ar/bulletins/7944/contents/1813998,Coronel Dorrego,Decreto Nº2426/2022 en el boletín 116º de Coronel Dorrego,,27/12/2022,,adjudicada,volumen_alto,no,"camara de aire,cubierta,cubiertas",https://sibom.slyt.gba.gob.ar/bulletins/7944/contents/1813998,"4 cubiertas 275/80/22.5 con taco $796.000 ... […] el Concurso de Precios N° 93/2022 , formalizado en el día de la fecha, a fin de proceder a la adquisición de 4 cubiertas 275/80/22.5 con taco para ser utilizadas en el camión Nº 823 perteneciente a la Dirección de Vialidad Urbana y Rural; ... […] ARTÍCULO 1°) Apruébese el CONCURSO DE PRECIOS N°93/2022 , realizado para proceder a la adquisición de 4 cubiertas 275/80/22.5 con taco para ser utilizadas en el camión Nº 823 ...",2022-12-27,2026-09-01,2026-09-01
sibom,https://sibom.slyt.gba.gob.ar/bulletins/7917/contents/1810749,General Villegas,Decreto Nº1499/22 en el boletín 128º de General Villegas,,22/12/2022,,,volumen_alto,no,"neumatico,neumaticos",https://sibom.slyt.gba.gob.ar/bulletins/7917/contents/1810749,"a la “Adquisición de neumáticos para el parque automotor de las Delegaciones Municipales”; y CONSIDERANDO: Que a fojas 1 a 14 se acompaña la Solicitud de Gastos Nº 1 ... […] ARTÍCULO PRIMERO: Apruébase el Pliego de Bases y Condiciones Generales obrante en el Expediente Nº 9376/22, destinado a la “Adquisición de neumáticos para el parque automotor de las Delegaciones ... […] : Llamado a licitación pública Nº 12/22 - Adquisición de neumáticos para unidades varias ...",2022-12-22,2026-09-01,2026-09-01
sibom,https://sibom.slyt.gba.gob.ar/bulletins/7982/contents/1815320,General Pueyrredon,Decreto Nº2704/22 en el boletín 362º de General Pueyrredon,,21/12/2022,,,volumen_alto,no,"llanta,llantas",https://sibom.slyt.gba.gob.ar/bulletins/7982/contents/1815320,": Trompa chocada, capot, parrilla, ambas ópticas, paragolpes y ambos guardabarros delanteros abollados, en cuanto al motor, cárter, radiador de aire acondicionado, radiador de agua y bomba hidráulica, llantas del lado del conductor y parabrisas lado ... […] el estado de las presentes actuaciones, que se tramitan por Expediente N° 7698-1-2021 Cpo. 1, caratulado “INICIO SUMARIO AVERIGUACIÓN ANTECEDENTE MÓVIL 149 ... […] ARTÍCULO 1º.- Dáse por finalizado el presente sumario administrativo. ARTÍCULO 2º.- Sobreséese ...",2022-12-21,2026-09-01,2026-09-01
sibom,https://sibom.slyt.gba.gob.ar/bulletins/7872/contents/1808004,Quilmes,Decreto Nº4438/2022 en el boletín 466º de Quilmes,,15/12/2022,,,objetivo,no,"gomeria,recapado",https://sibom.slyt.gba.gob.ar/bulletins/7872/contents/1808004,"que a continuación se detalla: Expediente: Nº 4091-4868-N-2002 y alcances Nº 1,2,3 y 4.­ Titular: Martines, Teófila. - Rubro: Gomería, venta de neumáticos, recapado ...",2022-12-15,2026-09-01,2026-09-01
sibom,https://sibom.slyt.gba.gob.ar/bulletins/7855/contents/1806420,Nueve de Julio,Resolución Nº23/2022 en el boletín 74º de Nueve de Julio,,07/12/2022,,,volumen_alto,no,"llanta,llantas",https://sibom.slyt.gba.gob.ar/bulletins/7855/contents/1806420,"Cosentino entre calle Cavallari y La Rioja cuando no pudo evitar que la rueda delantera izquierda cayera sobre un bache que había en el pavimento, produciéndose la rotura del neumático y golpe en la llanta de aleación”. Que respecto al hecho ... […] El Expediente Municipal Nº 4082-63/2022 que tienen por objeto el resarcimiento de los daños provocados en la vía pública al automóvil propiedad del Sr. Diez Jorge Oscar, lo dictaminado por el Sr. Asesor Legal y Técnico mediante IF2022-00025088 ... […] ARTICULO 1º: Hacer lugar al reclamo administrativo interpuesto por el Sr. Diez Jorge Oscar con núm",2022-12-07,2026-09-01,2026-09-01
sibom,https://sibom.slyt.gba.gob.ar/bulletins/7833/contents/1803242,Vicente López,Decreto Nº5899/22 en el boletín 742º de Vicente López,,06/12/2022,,,objetivo,no,camara de aire,https://sibom.slyt.gba.gob.ar/bulletins/7833/contents/1803242,"DECLARA DE INTERÉS DEPORTIVO MUNICIPAL el evento denominado CORRE/CAMINATA + “ AIRE ” que se llevará a cabo el día 19 de noviembre del corriente año, organizada por el HOSPITAL ESPECIALIZADO DE AGUDOS Y CRÓNICOS DR ANTONIO A. CETRÁNGOLO, ...",2022-12-06,2026-09-01,2026-09-01
sibom,https://sibom.slyt.gba.gob.ar/bulletins/7837/contents/1802298,General Villegas,Decreto Nº1288/22 en el boletín 127º de General Villegas,,05/12/2022,,,volumen_alto,no,"neumatico,neumaticos,protector de neumaticos",https://sibom.slyt.gba.gob.ar/bulletins/7837/contents/1802298,"a la “Adquisición de neumáticos , cámaras y protectores para maquinarias de la Dirección Vial”, autorizado por Decreto Nº 1130/22; y CONSIDERAND O ... […] que se invitaron seis (6) proveedores, de los cuales se presentaron tres (3) y atento al informe de la Dirección Vial estima conveniente adjudicar los ítems 1 y 2 por un monto de Pesos cuatro millones veinte mil ($ 4.020.000) al oferente Larocca Neumáticos S ... […] .A, el ítem 4 por un monto de Pesos quinientos seis mil cuatrocientos cuarenta ($ 506.440.-) al oferente Neumáticos Villegas S.A. y los ítems 3 y 5 por un monto de Pesos cuatroci",2022-12-05,2026-09-01,2026-09-01
sibom,https://sibom.slyt.gba.gob.ar/bulletins/7837/contents/1802774,General Villegas,Decreto Nº1314/22 en el boletín 127º de General Villegas,,05/12/2022,,,volumen_alto,no,"neumatico,neumaticos,protector de neumaticos",https://sibom.slyt.gba.gob.ar/bulletins/7837/contents/1802774,"VISTO: Las actuaciones obrantes en el Expediente Nº 6640/22, pertenecientes al llamado a Licitación Publica Nº 7/22 destinado a la “Adquisición de neumáticos ... […] a la “Adquisición de neumáticos para el parque automotor de la Dirección de Servicios Urbanos”, por no haberse presentado ningún oferente. ARTÍCULO SEGUNDO: Procédase a efectuar un segundo llamado a Licitación ... […] Publica Nº 7/22 destinado a la “Adquisición de neumáticos para el parque automotor de la Dirección de Servicios Urbanos”, con un presupuesto oficial de Pesos once millones setecientos dieciséis mil ochocientos treint",2022-12-05,2026-09-01,2026-09-01
sibom,https://sibom.slyt.gba.gob.ar/bulletins/7837/contents/1805063,General Villegas,Decreto Nº1346/22 en el boletín 127º de General Villegas,,05/12/2022,,,volumen_alto,no,gomeria,https://sibom.slyt.gba.gob.ar/bulletins/7837/contents/1805063,"de mecánica pesada – Gomería ”, con fecha de alta 1 de junio de 2009, registrado como Contribuyente Nº 5158; y CONSIDERANDO: Que mediante Acta Nº 10857, realizada el 17 ... […] perteneciente al señor HERNAN MIGUEL PERELLO, DNI Nº 21.619.290, Contribuyente Nº 5158, denominación comercial “TALLER EL SANTA”, habilitado con los rubros “TALLER DE MECÁNICA PESADA - GOMERÍA ”, Codificadores de Rentas Nº 71400-06 y 71400-09 ...",2022-12-05,2026-09-01,2026-09-01
sibom,https://sibom.slyt.gba.gob.ar/bulletins/7807/contents/1799634,Chivilcoy,Decreto Nº1681 en el boletín 64º de Chivilcoy,,02/12/2022,,,volumen_alto,no,camara de aire,https://sibom.slyt.gba.gob.ar/bulletins/7807/contents/1799634,"Designaciones varias ... […] -GUIDO GUTIERREZ, Legajo 6156, en el cargo de Personal Temporario, Clase 6, Régimen 40 Horas, Categoría Programática: Instrumentación de Sistema de Cámaras , Secretaria de Seguridad. -GUIDO SPANO ... […] , Legajo 6155, en el cargo de Personal Temporario, Clase 6, Régimen 40 Horas, Categoría Programática: Instrumentación de Sistema de Cámaras , Secretaria de Seguridad. -TAMARA GONZALEZ, Legajo 6161, en el cargo ...",2022-12-02,2026-09-01,2026-09-01
sibom,https://sibom.slyt.gba.gob.ar/bulletins/7800/contents/1798381,Bragado,Decreto Nº1325 en el boletín 101º de Bragado,,02/12/2022,,,volumen_alto,no,protector de neumaticos,https://sibom.slyt.gba.gob.ar/bulletins/7800/contents/1798381,"CONSIDERANDO: Que dicha institución brinda su colaboración, dedicación y compromiso a través del cuidado, la alimentación, el resguardo, revisiones y/o asistencia veterinaria, entre otros, a la fauna urbana ... […] VISTO: Que este municipio brinda apoyo desde hace varios años a la “Sociedad Protectora de Animales de Bragado” con el aporte de subsidios, a los fines de colaborar con la labor a la que se encuentra avocada; y, ... […] ARTICULO 1°.- OTORGAR a la SOCIEDAD PROTECTORA DE ANIMALES DE BRAGADO un subsidio por la suma de PESOS TREINTA Y SEIS MIL TRESCIENTOS CUARENTA Y CINCO ($ 36.345.-), ",2022-12-02,2026-09-01,2026-09-01
sibom,https://sibom.slyt.gba.gob.ar/bulletins/7757/contents/1807051,La Plata,Decreto Nº3367/22 en el boletín 1225º de La Plata,,01/12/2022,,,objetivo,no,"bateria,baterias",https://sibom.slyt.gba.gob.ar/bulletins/7757/contents/1807051,Expte. 4061-1202874-22. Aprueba. Adjudicase Licitación Privada Nº 92-22 por la que se solicita la adquisición de baterías . ... […] EL INTENDENTE MUNICIPAL DECRETA ...,2022-12-01,2026-09-01,2026-09-01
sibom,https://sibom.slyt.gba.gob.ar/bulletins/7757/contents/1806982,La Plata,Decreto Nº2863/22 en el boletín 1225º de La Plata,,01/12/2022,,,objetivo,no,"bateria,baterias",https://sibom.slyt.gba.gob.ar/bulletins/7757/contents/1806982,"Expte. 4061-1202874-22. Aprueba Licitación Privada Nº 92-22, por la que se solicita la dquisición de baterías . ... […] EL INTENDENTE MUNICIPAL DECRETA ...",2022-12-01,2026-09-01,2026-09-01
sibom,https://sibom.slyt.gba.gob.ar/bulletins/7862/contents/1805676,Tandil,Decreto Nº4108/2022 en el boletín 155º de Tandil,,30/11/2022,,,volumen_alto,no,"llanta,llantas",https://sibom.slyt.gba.gob.ar/bulletins/7862/contents/1805676,"Que se ha invitado a ocho (8) proveedores del ramo según consta en Registro de Invitados a Cotizar Nº 5743 de Orden 11. Que el 8 de noviembre de 2022 se llevó a cabo el Acto ... […] La Licitación Privada Nº 49-02-22 “Adquisición de Neumáticos y Llantas para Camiones""; y, ... […] Artículo 1°: Adjudícase la Licitación Privada Nº 49-02-22 “Adquisición de Neumáticos y Llantas para Camiones"" por la suma total de Pesos Cuatro millones novecientos cincuenta y seis mil setecientos noventa ($ 4.956.790 ...",2022-11-30,2026-09-01,2026-09-01
sibom,https://sibom.slyt.gba.gob.ar/bulletins/7866/contents/1803849,General Pueyrredon,Decreto Nº2623/22 en el boletín 353º de General Pueyrredon,,25/11/2022,,,volumen_alto,no,"llanta,llantas",https://sibom.slyt.gba.gob.ar/bulletins/7866/contents/1803849,", ni en el acta de acarreo, a saber: rayaduras de pintura puerta baúl, puerta y guardabarros derecho, llantas , y por último el desprendimiento del paragolpes trasero. De dichas actas podemos concluir que durante la custodia y/o guarda del rodado en cuestión ... […] (carrocería, llantas , pintura, faros, etc), como así también que los únicos daños sufridos durante la custodia y/o guarda del rodado fueron rayaduras de pintura y desprendimiento del paragolpes trasero. Consecuentemente, del presupuesto adjuntado ... […] , a saber: golpes y rayones varios en paragolpes delantero lado derecho y par",2022-11-25,2026-09-01,2026-09-01
sibom,https://sibom.slyt.gba.gob.ar/bulletins/7814/contents/1799793,Mercedes,Decreto Nº1718/2022 en el boletín 57º de Mercedes,,25/11/2022,,,volumen_alto,no,camara de aire,https://sibom.slyt.gba.gob.ar/bulletins/7814/contents/1799793,"Que durante el mes de octubre del corriente año se llevará a cabo el Tercer Certamen de Grabado Xilográfico al Aire Libre en la ciudad de Mercedes. Que dicha actividad se realiza ... […] Las actuaciones del Expediente N° 3853/2022, caratulado “COMISIÓN MUNICIPAL DEL PATRIMONIO– 3° CERTAMEN DE GRABADO XILOGRÁFICO AL AIRE LIBRE 2022” ; y, ... […] Artículo 1°: Declárase de Interés Municipal al “TERCER CERTAMEN DE GRABADO XILOGRAFICO AL AIRE LIBRE” ; cuya premiación se realizara el día 29 de octubre de 2022 ...",2022-11-25,2026-09-01,2026-09-01
sibom,https://sibom.slyt.gba.gob.ar/bulletins/7834/contents/1803124,General Pueyrredon,Decreto Nº2661/22 en el boletín 352º de General Pueyrredon,,24/11/2022,,,volumen_alto,no,"bateria,baterias",https://sibom.slyt.gba.gob.ar/bulletins/7834/contents/1803124,"DANIEL BROWN (Legajo Nº 16.323/1), las tareas insalubres vinculadas al tratamiento de pilas y baterías en la Administración Central, en merito a lo expresado en el exordio ... […] (Legajo Nº 16.323/1), las tareas insalubres vinculadas al tratamiento de pilas y baterías en el Ex Ente Municipal de Vialidad Servicios Urbanos y Gestión Ambienta actual Ente Municipal de Servicios Urbanos, en merito ...",2022-11-24,2026-09-01,2026-09-01
sibom,https://sibom.slyt.gba.gob.ar/bulletins/7856/contents/1803676,Bahia Blanca,Decreto Nº3258 en el boletín 177º de Bahia Blanca,,24/11/2022,,,volumen_alto,no,"bateria,baterias",https://sibom.slyt.gba.gob.ar/bulletins/7856/contents/1803676,"Visto el pedido de adquisición, originado por el Departamento Talleres y Maestranza, dependiente de la Secretaría de Gestión Urbana, para la adquisición de baterías , conforme a la solicitud de pedido N° 6403/2022, y; CONSIDERANDO ... […] : - DECRETA - ARTICULO 1º )- Adjudícase a SERMAT S.A (Proveedor Nº 5.413), la provisión de baterías , por única oferta conveniente a los intereses ...",2022-11-24,2026-09-01,2026-09-01
sibom,https://sibom.slyt.gba.gob.ar/bulletins/7845/contents/1802257,Bahia Blanca,Decreto Nº3222 en el boletín 175º de Bahia Blanca,,22/11/2022,,,volumen_alto,no,"bateria,baterias",https://sibom.slyt.gba.gob.ar/bulletins/7845/contents/1802257,"Visto el pedido de adquisición originado por la Dirección General Defensa Civil, dependiente de la Secretaría de Gobierno, para la adquisición de torres de ilumincación led portatil con bateria ... […] A ARTICULO 1º)- Adjudicar a SEGUSUR S.H. DE GOMEZ GUSTAVO Y GARCIA MARTIN (Proveedor Nº 6.374) la provisión de torres de iluminación led portátil con batería , por única oferta económica conveniente a los intereses ...",2022-11-22,2026-09-01,2026-09-01
sibom,https://sibom.slyt.gba.gob.ar/bulletins/7813/contents/1799897,Coronel Dorrego,Decreto Nº2187/2022 en el boletín 114º de Coronel Dorrego,,18/11/2022,,adjudicada,volumen_alto,no,"camara de aire,cubierta,cubiertas,protector de neumaticos",https://sibom.slyt.gba.gob.ar/bulletins/7813/contents/1799897,"Álvarez Neumáticos S.A. 4 cubiertas 1400x 24 c protector y cámara ... […] .- $836.000.- 4 cubiertas 17.5.25 Diseño L2 ... […] el Concurso de Precios N° 82/2022 , formalizado en el día de la fecha, a fin de proceder a la adquisición de cubiertas para motoniveladoras afectadas a la Comisión de Fomento de Oriente; ...",2022-11-18,2026-09-01,2026-09-01
sibom,https://sibom.slyt.gba.gob.ar/bulletins/7788/contents/1799100,General Villegas,Decreto Nº1130/22 en el boletín 126º de General Villegas,,17/11/2022,,,volumen_alto,no,"neumatico,neumaticos,protector de neumaticos",https://sibom.slyt.gba.gob.ar/bulletins/7788/contents/1799100,"a la “Adquisición de neumáticos , cámaras y protectores para maquinarias de la Dirección Vial”; y CONSIDERANDO: Que de fojas 1 a 5 se acompaña la Solicitud de Gastos Nº ... […] ARTÍCULO PRIMERO: Apruébase el Pliego de Bases y Condiciones Generales obrante en el Expediente Nº 6641/22, destinado a la “Adquisición de neumáticos , cámaras y protectores para maquinarias ...",2022-11-17,2026-09-01,2026-09-01
sibom,https://sibom.slyt.gba.gob.ar/bulletins/7653/contents/1797937,Coronel Dorrego,Decreto Nº1974/2022 en el boletín 113º de Coronel Dorrego,,14/11/2022,,adjudicada,volumen_alto,no,"cubierta,cubiertas",https://sibom.slyt.gba.gob.ar/bulletins/7653/contents/1797937,"2 cubiertas p/camiones y automotores 275/80/22.5 con taco $535.788 ... […] .- $466.000.- $407.200.- 4 cubiertas para camiones y automotores ... […] el Concurso de Precios N° 71/2022 , formalizado en el día de la fecha, a fin de proceder a la adquisición de 4 cubiertas 295/80/22.5 lisas y 2 cubiertas 275/80/22.5 con taco para ser utilizadas por los camiones Nº 653-421 y 428 pertenecientes a la Dirección de Vialidad Urbana y Rural; ...",2022-11-14,2026-09-01,2026-09-01
sibom,https://sibom.slyt.gba.gob.ar/bulletins/7653/contents/1799543,Coronel Dorrego,Decreto Nº2167/2022 en el boletín 113º de Coronel Dorrego,,14/11/2022,,,volumen_alto,no,"cubierta,cubiertas",https://sibom.slyt.gba.gob.ar/bulletins/7653/contents/1799543,"que la Dirección de Vialidad Urbana y Rural, ha manifestado la necesidad de adquirir 4 cubiertas 1400 x 24 con cámara y protector y 4 cubiertas 17.5.25 diseño L2 para motoniveladoras afectadas a la Comisión de Fomento de Oriente; ... […] ARTICULO 1º) Llamase a CONCURSO DE PRECIOS Nº 82/2022 con el objeto de adquirir 4 cubiertas 1400 x 24 con cámara y protector y 4 cubiertas 17.5.25 ... […] Por ello, el INTENDENTE MUNICIPAL , en uso de sus facultades - D E C R E T ...",2022-11-14,2026-09-01,2026-09-01
sibom,https://sibom.slyt.gba.gob.ar/bulletins/7653/contents/1798216,Coronel Dorrego,Decreto Nº2019/2022 en el boletín 113º de Coronel Dorrego,,14/11/2022,,adjudicada,volumen_alto,no,camara de aire,https://sibom.slyt.gba.gob.ar/bulletins/7653/contents/1798216,.A. 4 equipos aire acondicionado tipo Split – 5200 w frio calor inverter $ 716.756 ... […] .- 3 equipos aire acondicionado tipo Split – 6400 w – frío calor inverter ... […] .- $ 882.000.- 3 equipos de aire acondicionado tipo multisplit 1x2 2600 w Inverter ...,2022-11-14,2026-09-01,2026-09-01
sibom,https://sibom.slyt.gba.gob.ar/bulletins/7777/contents/1797225,Tandil,Decreto Nº3884/2022 en el boletín 152º de Tandil,,09/11/2022,,,volumen_alto,no,"neumatico,neumaticos,protector de neumaticos",https://sibom.slyt.gba.gob.ar/bulletins/7777/contents/1797225,"Que la Dirección de Higiene y Servicios Urbanos remitió la Solicitud Pedido Nº 5302, por la cantidad de 10 neumáticos . Que se ha invitado a ocho (8) proveedores del rubro, de acuerdo ... […] a la LAROCCA NEUMATICOS S.A. en la suma de Pesos ochocientos cuarenta y siete mil doce, por ser la segunda mejor oferta. Que ha tomado intervención Contaduría General, Presupuesto y la Subsecretaría de Economía y Administración. ... […] El Concurso de Precios Nº 131-03-22 “ADQUISICIÓN DE NEUMÁTICOS PARA CAMION"". ...",2022-11-09,2026-09-01,2026-09-01
sibom,https://sibom.slyt.gba.gob.ar/bulletins/7770/contents/1797887,Bahia Blanca,Decreto Nº3137 en el boletín 168º de Bahia Blanca,,09/11/2022,,,volumen_alto,no,"neumatico,neumaticos,protector de neumaticos",https://sibom.slyt.gba.gob.ar/bulletins/7770/contents/1797887,"Visto las presentes actuaciones, originadas por el Departamento Talleres y Maestranza, dependiente de la Secretaría de Gestión Urbana, referida a la adquisición de neumáticos para equipos viales con destino al mencionado Departamento para cubrir ... […] a ALVAREZ NEUMÁTICOS S.A (Proveedor Nº 5.649), la provisión de neumáticos para equipos viales con destino al Departamento Talleres y Maestranza para cubrir la demanda de reparticiones ...",2022-11-09,2026-09-01,2026-09-01
sibom,https://sibom.slyt.gba.gob.ar/bulletins/7714/contents/1792030,General Villegas,Resolución Nº332/22 en el boletín 125º de General Villegas,,09/11/2022,,,volumen_alto,no,gomeria,https://sibom.slyt.gba.gob.ar/bulletins/7714/contents/1792030,"VISTO: El Expediente Nº 9491/19, iniciado por el señor Néstor Daniel Díaz, solicitando la habilitación municipal de un comercio dedicado a la explotación de los rubros “ Gomería ”, desde el día ... […] RESUELVE ARTÍCULO PRIMERO: Regístrese la habilitación provisoria de un comercio dedicado a la explotación del rubro “ Gomería ”, denominación comercial “El Tuerca”, del señor Néstor Daniel Díaz - D.N.I Nº ...",2022-11-09,2026-09-01,2026-09-01
sibom,https://sibom.slyt.gba.gob.ar/bulletins/7675/contents/1794993,Bahia Blanca,Resolución Nº3484 en el boletín 167º de Bahia Blanca,,02/11/2022,,,volumen_alto,no,gomeria,https://sibom.slyt.gba.gob.ar/bulletins/7675/contents/1794993,"Visto las presentes actuaciones, referidas a la solicitud de Habilitación presentada por LEFIMIL ILABE Hugo Gabriel , para desarrollar el rubro de SERVICIO DE GOMERIA -VENTA POR MENOR DE CUBIERTAS ... […] E S U E L V E - ARTICULO 1º)- Habílitase a LEFIMIL ILABE Hugo Gabriel , contribuyente Nº 91247, para el rubro de SERVICIO DE GOMERIA -VENTA POR MENOR ...",2022-11-02,2026-09-01,2026-09-01
sibom,https://sibom.slyt.gba.gob.ar/bulletins/7740/contents/1791329,General Alvear,Decreto Nº746 en el boletín 25º de General Alvear,,01/11/2022,,,volumen_alto,no,"cubierta,cubiertas",https://sibom.slyt.gba.gob.ar/bulletins/7740/contents/1791329,"Que dado que no se pudo dar cumplimiento a los tiempos establecidos oportunamente, ya que la empresa contratista se vio demorada por trabajos adicionales surgidos durante el transcurso de la obra, todos ellos solicitados ... […] La Obra “Refacción de la cubierta de Cine- Teatro Español” Expte. Nº 4039-15911/2022”.- y; ... […] ARTICULO 1º: Autorícese la prórroga del plazo “Refacción de la cubierta de Cine- Teatro Español” Expte. Nº 4039-15911/2022, por el periodo de sesenta (60) días a partir de 30/08/2022 ...",2022-11-01,2026-09-01,2026-09-01
sibom,https://sibom.slyt.gba.gob.ar/bulletins/7646/contents/1784890,Mercedes,Decreto Nº1623/2022 en el boletín 56º de Mercedes,,27/10/2022,,adjudicada,volumen_alto,no,"cubierta,cubiertas",https://sibom.slyt.gba.gob.ar/bulletins/7646/contents/1784890,"Que visto y analizado por el área técnica y Contaduría Municipal las ofertas presentadas, resulta conveniente resolver la adjudicación de la compra a las firmas “TESTA ALFREDO ABEL” y “NEUMÁTICOS VERONA S.R.L ... […] Lo actuado en Expediente Administrativo Nº 3261/2022, caratulado “Licitación Pública Nº 45/2022 s/ Adquisición de cubiertas para stock de gomería y móviles de planta de transferencia y residuos” ... […] centavos) la compra de cubiertas , a saber ...",2022-10-27,2026-09-01,2026-09-01
sibom,https://sibom.slyt.gba.gob.ar/bulletins/7678/contents/1785642,Bragado,Decreto Nº1170 en el boletín 96º de Bragado,,27/10/2022,,,volumen_alto,no,protector de neumaticos,https://sibom.slyt.gba.gob.ar/bulletins/7678/contents/1785642,"CONSIDERANDO: Que dicha institución brinda su colaboración, dedicación y compromiso a través del cuidado, la alimentación, el resguardo, revisiones y/o asistencia veterinaria, entre otros, a la fauna urbana ... […] VISTO: Que este municipio brinda apoyo desde hace varios años a la “Sociedad Protectora de Animales de Bragado” con el aporte de subsidios, a los fines de colaborar con la labor a la que se encuentra avocada; y, ... […] ARTICULO 1°.- OTORGAR a la SOCIEDAD PROTECTORA DE ANIMALES DE BRAGADO un subsidio por la suma de PESOS TREINTA Y TRES MIL CIENTO CUARENTA Y TRES ($ 33.143.-), corres",2022-10-27,2026-09-01,2026-09-01
sibom,https://sibom.slyt.gba.gob.ar/bulletins/7678/contents/1791541,Bragado,Ordenanza Nº5505 en el boletín 96º de Bragado,,27/10/2022,,,volumen_alto,no,"bateria,baterias",https://sibom.slyt.gba.gob.ar/bulletins/7678/contents/1791541,"VISTO: La solicitud presentada por la firma BATERIAS ELPRA S.A., referente a la compra de cinco parcelas ubicadas en el Parque Industrial de Bragado “Ing. Jaime Bernardo Coll”, en los términos ... […] de la Ordenanza Nº 4198/12; y, CONSIDERANDO: Que, por medio del Expediente Nº 1888/22, la empresa Baterías Elpra S.A., CUIT Nº 30-71128711-2, solicita la compra de cinco parcelas ubicadas en el Parque Industrial de Bragado ... […] para desarrollar su actividad dedicada a los rubros de ensamblado de motos y vehículos eléctricos, venta por mayor y menor de baterías , máquinas y herramientas en gral",2022-10-27,2026-09-01,2026-09-01
sibom,https://sibom.slyt.gba.gob.ar/bulletins/7678/contents/1786096,Bragado,Decreto Nº1189 en el boletín 96º de Bragado,,27/10/2022,,,volumen_alto,no,"bateria,baterias",https://sibom.slyt.gba.gob.ar/bulletins/7678/contents/1786096,"CONSIDERANDO: Las facultades conferidas por el art 108 inc 2° de la Ley Orgánica de las Municipalidades; Por ello ... […] VISTO: La aprobación por parte del Honorable Concejo Deliberante de la Ordenanza N° 5505/22 referente a Autorizar al Departamento Ejecutivo la venta a la empresa BATERIAS ELPRA S.A., de cinco lotes de terreno de propiedad municipal ubicados en el Parque Industrial de Bragado “Ing. Jaime Bernardo Coll”; y, ... […] ARTICULO 1°.- PROMULGAR la Ordenanza N° 5505/22 referente a Autorizar al Departamento Ejecutivo la venta a la empresa BATERIAS ELPRA S.A., de cinco lotes de terren",2022-10-27,2026-09-01,2026-09-01
sibom,https://sibom.slyt.gba.gob.ar/bulletins/7720/contents/1791260,Tandil,Decreto Nº3727/2022 en el boletín 150º de Tandil,,26/10/2022,,,volumen_alto,no,"llanta,llantas",https://sibom.slyt.gba.gob.ar/bulletins/7720/contents/1791260,"Que al respecto se ha expedido el Director de Compras y Suministros ... […] Que por el presente se tramita el llamado a Licitación Privada Nº 49-02-22 “Adquisición de neumáticos y llantas para camiones"". ... […] Artículo 1°: Llámese a Licitación Privada Nº 49-02-22 “Adquisición de neumáticos y llantas para camiones"", con un presupuesto oficial de Pesos cinco millones cuatrocientos noventa y ocho mil cien ($ 5.498.100,00 ...",2022-10-26,2026-09-01,2026-09-01
sibom,https://sibom.slyt.gba.gob.ar/bulletins/7696/contents/1787808,General Villegas,Resolución Nº239/22 en el boletín 124º de General Villegas,,19/10/2022,,,volumen_alto,no,gomeria,https://sibom.slyt.gba.gob.ar/bulletins/7696/contents/1787808,"del rubro “Taller de Gomería ”, Contribuyente Nº 6094; y CONSIDERANDO: Que por Expediente Nº 23098/80 Alcance 1, agregado al principal como foja 18, el titular manifiesta que incorporó ... […] de Rentas Nº 62600-01, a la actividad comercial principal dedicada a la explotación del rubro “Taller de Gomería ”, del Contribuyente Nº 6094, Roberto Felipe Balaudo - DNI N° 5.056.525, Usuario N° 466 - Asociado N° 444 - TSH - Servicio General ...",2022-10-19,2026-09-01,2026-09-01
sibom,https://sibom.slyt.gba.gob.ar/bulletins/7585/contents/1778101,General San Martín,Decreto Nº00700/22 en el boletín 1876º de General San Martín,,05/10/2022,,,objetivo,no,"cubierta,cubiertas",https://sibom.slyt.gba.gob.ar/bulletins/7585/contents/1778101,Declarando desierto el 1º llamado a licitación Pública Nº 21/2022 ref. Cubiertas para patios y canchas deportivas Parque José Hernández .- ...,2022-10-05,2026-09-01,2026-09-01
sibom,https://sibom.slyt.gba.gob.ar/bulletins/7503/contents/1775142,Coronel Dorrego,Decreto Nº1943/2022 en el boletín 112º de Coronel Dorrego,,03/10/2022,,,volumen_alto,no,"cubierta,cubiertas",https://sibom.slyt.gba.gob.ar/bulletins/7503/contents/1775142,"que la Dirección de Vialidad Urbana y Rural, ha manifestado la necesidad de adquirir 6 cubiertas para tres camiones pertenecientes a la Dirección de Vialidad; ... […] ARTICULO 1º) Llamase a CONCURSO DE PRECIOS Nº 71/2022 con el objeto de adquirir 4 cubiertas 295/80/22.5 lisas y 2 cubiertas 275/80/22.5 ... […] Por ello, el INTENDENTE MUNICIPAL , en uso de sus facultades - D E C R E T ...",2022-10-03,2026-09-01,2026-09-01
sibom,https://sibom.slyt.gba.gob.ar/bulletins/7503/contents/1766966,Coronel Dorrego,Decreto Nº1583/2022 en el boletín 112º de Coronel Dorrego,,03/10/2022,,adjudicada,volumen_alto,no,camara de aire,https://sibom.slyt.gba.gob.ar/bulletins/7503/contents/1766966,"que para este concurso se realizaron tres invitaciones, no recibiéndose oferta de los proveedores ALVAREZ NEUMATICOS S.A. y GINER GERMÁN. Sí, se recibió la propuesta que a continuación se detalla ... […] el Concurso de Precios N° 64/2022 , formalizado en el día de la fecha, a fin de proceder a la adquisición de 4 cubiertas 275/80/22.5 con taco para ser utilizadas por un camión perteneciente a la Dirección de Servicios ... […] . ARTÍCULO 3º) Fijase la siguiente imputación: 111.01.05.000 Secretaría de Obras y Servicios Públicos – 19 01 00 Corralón y Taller - 2.4.4.0 Cubiertas y cámaras de aire -",2022-10-03,2026-09-01,2026-09-01
sibom,https://sibom.slyt.gba.gob.ar/bulletins/7567/contents/1775351,General Villegas,Decreto Nº807/22 en el boletín 123º de General Villegas,,30/09/2022,,,volumen_alto,no,"neumatico,neumaticos,protector de neumaticos",https://sibom.slyt.gba.gob.ar/bulletins/7567/contents/1775351,"a la “Adquisición de neumáticos , cámaras y protectores destinados a las distintas máquinas y camiones de la Dirección Vial”, autorizado por Decreto Nº 639/22 ... […] y 84, informando que se invitaron seis (6) proveedores, de los cuales se presentaron tres (3) y atento al informe de la Dirección Vial estima conveniente adjudicar los ítems 2, 8, 9 y 11 al oferente Neumáticos Villegas S.A. y los ítems 1, 3, 4, 5, 6 ... […] , 7 y 10 a Leticia Liliana Morra, por resultar beneficiosas a los intereses municipales. Por otro lado, corresponde desestimar las ofertas: alternativa por el ítem 1) del ofer",2022-09-30,2026-09-01,2026-09-01
sibom,https://sibom.slyt.gba.gob.ar/bulletins/7567/contents/1781349,General Villegas,Decreto Nº933/22 en el boletín 123º de General Villegas,,30/09/2022,,,volumen_alto,no,"neumatico,neumaticos,protector de neumaticos",https://sibom.slyt.gba.gob.ar/bulletins/7567/contents/1781349,"VISTO: Las actuaciones obrantes en el Expediente Nº 4657/22, pertenecientes al Concurso de Precios Nº 21/22 destinado a la “Adquisición de neumáticos ... […] . Que a fojas 48, la Jefa de Compras informa que realizado el estudio y análisis de las propuestas, estima conveniente adjudicar los ítems Nº 1, 3 y 4 al oferente Neumáticos Villegas S.A. y el ítem Nº 2 a Leticia Liliana Morra, por resultar ... […] VILLEGAS DECRETA ARTÍCULO PRIMERO: Adjudícase el Concurso de Precios Nº 21/22 destinado a la “Adquisición de neumáticos ...",2022-09-30,2026-09-01,2026-09-01
sibom,https://sibom.slyt.gba.gob.ar/bulletins/7567/contents/1774616,General Villegas,Decreto Nº770/22 en el boletín 123º de General Villegas,,30/09/2022,,,volumen_alto,no,"neumatico,neumaticos",https://sibom.slyt.gba.gob.ar/bulletins/7567/contents/1774616,"de neumáticos destinados al parque automotor de la Dirección de Servicios Urbanos” y CONSIDERANDO: Que a fojas 1 a 3 se adjunta la Solicitud de Gastos ... […] DECRETA ARTÍCULO PRIMERO: Apruébase el Pliego de Bases y Condiciones Generales obrante en el Expediente Nº 4675/22, destinada a la “Adquisición de neumáticos destinados al parque automotor ... […] Descripción: Llamado Lic. Pública 6/22 – Adquisición de neumáticos ...",2022-09-30,2026-09-01,2026-09-01
sibom,https://sibom.slyt.gba.gob.ar/bulletins/7567/contents/1774347,General Villegas,Ordenanza Nº6353/22 en el boletín 123º de General Villegas,,30/09/2022,,adjudicada,volumen_alto,no,"neumatico,neumaticos",https://sibom.slyt.gba.gob.ar/bulletins/7567/contents/1774347,"de neumáticos destinados al parque automotor de la Dirección de Servicios Urbanos”, aprobada por Decreto Nº 1129/22; y CONSIDERANDO: Que a fojas 74, se agrega ... […] Urbanos toma conocimiento y analiza la oferta a fojas 77. Que a fojas 78 la Oficina de Compras sugiere adjudicar los ítems 1, 3 y 4 de la presente Licitación al oferente Larocca Neumáticos S.A por ser conveniente ... […] ARTÍCULO 1º: Adjudíquese la Licitación Pública Nº 7/22 destinada a la “Adquisición de neumáticos destinados al parque automotor de la Dirección de Servicios Urbanos”, por los ítems 1 ...",2022-09-30,2026-09-01,2026-09-01
sibom,https://sibom.slyt.gba.gob.ar/bulletins/7567/contents/1774606,General Villegas,Decreto Nº769/22 en el boletín 123º de General Villegas,,30/09/2022,,,volumen_alto,no,"neumatico,neumaticos",https://sibom.slyt.gba.gob.ar/bulletins/7567/contents/1774606,"de neumáticos destinados a la mantención de móviles policiales” y CONSIDERANDO: Que a fojas 1 y 2 se acompaña la Solicitud de Gastos Nº 4395 y de Pedido Nº ... […] ARTÍCULO PRIMERO: Apruébase el Pliego de Bases y Condiciones Generales obrante en el Expediente Nº 4557/22, destinado a la “Adquisición de neumáticos para móviles policiales” con un presupuesto oficial estimado de Pesos dos ...",2022-09-30,2026-09-01,2026-09-01
sibom,https://sibom.slyt.gba.gob.ar/bulletins/7629/contents/1782428,General Pueyrredon,Decreto Nº2213/22 en el boletín 332º de General Pueyrredon,,29/09/2022,,,volumen_alto,no,"cubierta,cubiertas",https://sibom.slyt.gba.gob.ar/bulletins/7629/contents/1782428,"Que mediante Resoluciones Nº 622/22 y 1739/22 se amplió el plazo de la Obra “CAMBIO DE CUBIERTAS Y TRABAJOS VARIOS CENTRO CULTURAL OSVALDO SORIANO” en VENTIÚN (21) días y SESENTA (60) días respectivamente. ... […] el expediente N° 7135-1-2021 cpo 1 alc. 4 cpo. 1, mediante el cual tramitaron las ampliaciones de plazo de la Obra “CAMBIO DE CUBIERTAS Y TRABAJOS VARIOS CENTRO CULTURAL OSVALDO SORIANO”, y ... […] ARTÍCULO 1° .- Convalídense las Resoluciones Nº 622/22 y 1739/22, para la ampliación del plazo de la Obra “CAMBIO DE CUBIERTAS Y TRABAJOS VARIOS CENTRO CULTURAL OSVALDO SORIANO ...",2022-09-29,2026-09-01,2026-09-01
sibom,https://sibom.slyt.gba.gob.ar/bulletins/7523/contents/1768326,Bragado,Decreto Nº988 en el boletín 93º de Bragado,,29/09/2022,,,volumen_alto,no,protector de neumaticos,https://sibom.slyt.gba.gob.ar/bulletins/7523/contents/1768326,"CONSIDERANDO: Que dicha institución brinda su colaboración, dedicación y compromiso a través del cuidado, la alimentación, el resguardo, revisiones y/o asistencia veterinaria, entre otros, a la fauna urbana ... […] VISTO: Que este municipio brinda apoyo desde hace varios años a la “Sociedad Protectora de Animales de Bragado” con el aporte de subsidios, a los fines de colaborar con la labor a la que se encuentra avocada; y, ... […] ARTICULO 1°.- OTORGAR a la SOCIEDAD PROTECTORA DE ANIMALES DE BRAGADO un subsidio por la suma de PESOS TREINTA Y UN MIL ($ 31.000.-), correspondiente al mes de AGOST",2022-09-29,2026-09-01,2026-09-01
sibom,https://sibom.slyt.gba.gob.ar/bulletins/7551/contents/1781902,Chacabuco,Decreto Nº744/22 en el boletín 68º de Chacabuco,,28/09/2022,,,volumen_alto,no,"cubierta,cubiertas",https://sibom.slyt.gba.gob.ar/bulletins/7551/contents/1781902,Que la presente contratación se encuentra prevista por el artículo 151º de la Ley Orgánica Municipal ... […] Las presentes actuaciones en el Expediente administrativo Nº 4029-1763/22 por las cuáles se llama a concurso de precios para la adquisición de cubiertas para vehículos de uso de la Secretaría de Seguridad e Inspección General; ... […] LLAMANDO A CONCURSO DE PRECIOS PARA LA ADQUISICIÓN DE CUBIERTAS PARA VEHÍCULOS DE USO DE LA SECRETARÍA DE SEGURIDAD E INSPECCIÓN GENERAL.- ...,2022-09-28,2026-09-01,2026-09-01
sibom,https://sibom.slyt.gba.gob.ar/bulletins/7571/contents/1775508,General Alvear,Decreto Nº647 en el boletín 23º de General Alvear,,26/09/2022,,,volumen_alto,no,"cubierta,cubiertas",https://sibom.slyt.gba.gob.ar/bulletins/7571/contents/1775508,"Que dado que no se pudo dar cumplimiento a los tiempos establecidos oportunamente, ya que se vio demorada por cuestiones operativas ... […] La Obra “Refacción de la cubierta de Cine- Teatro Español” Expte. Nº 4039-15911/2022”.- y; ... […] ARTICULO 1º: Autorícese la prórroga del plazo “Refacción de la cubierta de Cine- Teatro Español” Expte. Nº 4039-15911/2022, por el periodo de veinticinco (25) días a partir de 05/08/2022 debiendo ...",2022-09-26,2026-09-01,2026-09-01
sibom,https://sibom.slyt.gba.gob.ar/bulletins/7494/contents/1771598,Mercedes,Decreto Nº1355/2022 en el boletín 55º de Mercedes,,23/09/2022,,,volumen_alto,no,"cubierta,cubiertas",https://sibom.slyt.gba.gob.ar/bulletins/7494/contents/1771598,"La necesidad de proveer a la Secretaría de Seguridad de cubiertas para móviles policiales que le permitan cubrir los requerimientos operativos de los próximos meses. La necesidad ... […] de adquirir neumático para cargo y transporte en Minibus dependiente de la Secretaría de Gobierno de la Municipalidad Que atento a ello, se ha previsto la adquisición de cubiertas ... […] Lo actuado en Expediente Administrativo Nº 3497/2022, caratulado “Licitación Privada Nº 40/2022 s/ Adquisición de cubiertas ”, ...",2022-09-23,2026-09-01,2026-09-01
sibom,https://sibom.slyt.gba.gob.ar/bulletins/7537/contents/1771580,General Villegas,Decreto Nº639/22 en el boletín 122º de General Villegas,,15/09/2022,,,volumen_alto,no,"neumatico,neumaticos,protector de neumaticos",https://sibom.slyt.gba.gob.ar/bulletins/7537/contents/1771580,"a la “Adquisición de Neumáticos , cámaras y protectores destinados a las distintas máquinas y camiones de la Dirección Vial”; y CONSIDERANDO: Que de fojas 1 a 7 ... […] DECRETA ARTÍCULO PRIMERO: Apruébase el Pliego de Bases y Condiciones Generales obrante en el Expediente Nº 3979/22, destinado a la “Adquisición de Neumáticos , cámaras ... […] Descripción: Llamado a licitación privada Nº 13/22 - Adquisición de neumáticos para unidades varias -Dirección Vial ...",2022-09-15,2026-09-01,2026-09-01
sibom,https://sibom.slyt.gba.gob.ar/bulletins/7449/contents/1771344,Bahia Blanca,Ordenanza Nº20812 en el boletín 161º de Bahia Blanca,,14/09/2022,,,volumen_alto,no,"neumatico,neumaticos,protector de neumaticos",https://sibom.slyt.gba.gob.ar/bulletins/7449/contents/1771344,"Visto: El proyecto de ordenanza obrante a fojas 100, referido al llamado a Licitación Privada identificado con el número 3760/2022 para la adquisición de neumáticos para móviles ... […] policiales, en el que sólo se recibió la propuesta económica de la firma ALVAREZ NEUMÁTICOS S.A. Atento a lo dispuesto en el artículo nº 155 de la Ley Orgánica de las Municipalidades junto con los artículos 187 y 190 ... […] de Contabilidad y Disposiciones de Administración para las Municipalidades de la provincia de Buenos Aires, la aceptación de la única oferta efectuada por la firma ALVAREZ NEUMÁTICOS S.A. p",2022-09-14,2026-09-01,2026-09-01
sibom,https://sibom.slyt.gba.gob.ar/bulletins/7449/contents/1771331,Bahia Blanca,Decreto Nº2402 en el boletín 161º de Bahia Blanca,,14/09/2022,,,volumen_alto,no,"neumatico,neumaticos,protector de neumaticos",https://sibom.slyt.gba.gob.ar/bulletins/7449/contents/1771331,"Visto las presentes actuaciones, originadas por la Subsecretaria de Protección Ciudadana dependiente de la Secretaria de Gobierno, referidas a la adquisición de neumáticos para móviles policiales conforme a solicitud de pedido N ... […] , autorizando al Departamento Ejecutivo la aceptación de la única oferta efectuada por la firma ALVAREZ NEUMATICOS S.A., para la provisión de neumáticos para móviles policiales, sancionada por ese Honorable Cuerpo con fecha 25 de agosto ... […] a ALVAREZ NEUMATICOS S.A. (Proveedor 5.649 ) , la provisión de neumáticos para móviles policiales, por la suma de PESO",2022-09-14,2026-09-01,2026-09-01
sibom,https://sibom.slyt.gba.gob.ar/bulletins/6931/contents/1752054,Coronel Suárez,Decreto Nº357/2022 en el boletín 114º de Coronel Suárez,,12/09/2022,,,volumen_alto,no,"llanta,llantas,neumatico,neumaticos",https://sibom.slyt.gba.gob.ar/bulletins/6931/contents/1752054,"Que es necesaria su adquisición, a través de un Concurso de Precios, según lo establece la Ley Orgánica Municipal ... […] la necesidad de adquirir NEUMATICOS y LLANTAS para maquinarias de Vialidad Urbana, dependiente de Secretaría de Obras Públicas, y – ... […] de - - - - - 08- NEUMATICOS para carga y transporte y 08 LLANTAS para automotor y equipo vial de Vialidad Urbana, dependiente de Secretaría de Obras Públicas, costo total estimado ...",2022-09-12,2026-09-01,2026-09-01
sibom,https://sibom.slyt.gba.gob.ar/bulletins/6931/contents/1753397,Coronel Suárez,Decreto Nº405/2022 en el boletín 114º de Coronel Suárez,,12/09/2022,,,volumen_alto,no,"llanta,llantas",https://sibom.slyt.gba.gob.ar/bulletins/6931/contents/1753397,"Que en el mismo cotizaron cinco firmas, efectuándose la correspondiente compulsa, según consta en la documentación adjunta al presente ... […] el Concurso de Precios nº 09/2022 realizado en el Expediente de referencia, para la adquisición de NEUMATICOS y LLANTAS para maquinarias de Vialidad Urbana, dependiente de Secretaría de Obras Públicas, y- ... […] de - - - - “08- NEUMATICOS para carga y transporte y 08 LLANTAS para automotor y equipo vial de Vialidad Urbana, dependientes de Secretaría de Obras Públicas, de acuerdo a lo expuesto en los considerandos del presente, a saber ...",2022-09-12,2026-09-01,2026-09-01
sibom,https://sibom.slyt.gba.gob.ar/bulletins/7517/contents/1768243,General San Martín,Decreto Nº00628/22 en el boletín 1874º de General San Martín,,08/09/2022,,,objetivo,no,"cubierta,cubiertas",https://sibom.slyt.gba.gob.ar/bulletins/7517/contents/1768243,Aprobando Licitacion Privada Nº 90/22 Programa Mi Club Nuestro Barrio - refacción cubierta Club Deportivo Libertador.- ...,2022-09-08,2026-09-01,2026-09-01
sibom,https://sibom.slyt.gba.gob.ar/bulletins/7517/contents/1767562,General San Martín,Decreto Nº00588/22 en el boletín 1874º de General San Martín,,08/09/2022,,,objetivo,no,"cubierta,cubiertas",https://sibom.slyt.gba.gob.ar/bulletins/7517/contents/1767562,"Aprobando Licitación Privada Nº 82/22, Programa Mi Club, Nuestro Barrio Refaccion Cubierta Club Florentino Ameghino.- ...",2022-09-08,2026-09-01,2026-09-01
sibom,https://sibom.slyt.gba.gob.ar/bulletins/7517/contents/1767546,General San Martín,Decreto Nº00586/22 en el boletín 1874º de General San Martín,,08/09/2022,,,objetivo,no,"cubierta,cubiertas",https://sibom.slyt.gba.gob.ar/bulletins/7517/contents/1767546,"Aprobando Licitación Privada Nº 88/22, Programa Mi Club, Nuestro Barrio - Cubierta Nueva Sociedad de Fomento 25 de Mayo. ...",2022-09-08,2026-09-01,2026-09-01
sibom,https://sibom.slyt.gba.gob.ar/bulletins/7489/contents/1764787,La Plata,Decreto Nº1770/22 en el boletín 1222º de La Plata,,08/09/2022,,,objetivo,no,camara de aire,https://sibom.slyt.gba.gob.ar/bulletins/7489/contents/1764787,Expte. 4061-1196029-22. Aprueba Pliego Licit. Privada Nº 60-22 para la Obra - Colocación de equipos de aire en jardines varios. ... […] EL INTENDENTE MUNICIPAL DECRETA ...,2022-09-08,2026-09-01,2026-09-01
sibom,https://sibom.slyt.gba.gob.ar/bulletins/7517/contents/1767574,General San Martín,Decreto Nº00590/22 en el boletín 1874º de General San Martín,,08/09/2022,,,objetivo,no,camara de aire,https://sibom.slyt.gba.gob.ar/bulletins/7517/contents/1767574,"Licitación Privada Nº 66/22, Arreglo de Tapas de Cámaras de Inspección, sumideros y rampas.- ...",2022-09-08,2026-09-01,2026-09-01
sibom,https://sibom.slyt.gba.gob.ar/bulletins/7512/contents/1767057,General Pueyrredon,Decreto Nº1978/22 en el boletín 321º de General Pueyrredon,,06/09/2022,,,volumen_alto,no,"llanta,llantas",https://sibom.slyt.gba.gob.ar/bulletins/7512/contents/1767057,izquierdo.- Cerradura de cabina.- Llanta delantera izquierda 17.5x6.- Neumáticos 215/75R17.5 Dunlop.- Elástico delantero izquierdo con bujes y grampas.- Revisar perno de punta eje delantera izquierda.- Revisar junta de eje delantera izquierda.- Revisar ... […] lo tramitado mediante Expediente Nº 9427 - 7 - 2021 ... […] ARTÍCULO 1º.- Dase por finalizado el presente sumario administrativo.- ARTÍCULO 2º.- Declárase ...,2022-09-06,2026-09-01,2026-09-01
sibom,https://sibom.slyt.gba.gob.ar/bulletins/7488/contents/1765311,General Pueyrredon,Decreto Nº1918/22 en el boletín 319º de General Pueyrredon,,31/08/2022,,,volumen_alto,no,gomeria,https://sibom.slyt.gba.gob.ar/bulletins/7488/contents/1765311,"“ Gomería , Venta de Cubiertas Nuevas y Usadas”, el inmueble ubicado en la Avenida Fortunato de la Plaza Nº 3715 de la ciudad de Mar del Plata. ... […] las presentes actuaciones donde tramita la Ordenanza sancionada por el Honorable Concejo Deliberante bajo el número de registro O-19783 ... […] ARTÍCULO 1º.- Promúlgase la Ordenanza O-19783 sancionada por el Honorable Concejo Deliberante bajo el Nº 25365 ...",2022-08-31,2026-09-01,2026-09-01
sibom,https://sibom.slyt.gba.gob.ar/bulletins/7488/contents/1765146,General Pueyrredon,Resolución Nº1562/22 en el boletín 319º de General Pueyrredon,,31/08/2022,,,volumen_alto,no,"bateria,baterias",https://sibom.slyt.gba.gob.ar/bulletins/7488/contents/1765146,"Que se ha cumplido con las formalidades de concurso de precios en primer llamado según da cuenta la documentación obrante de fojas 19 a 51 inclusive ... […] las presentes actuaciones donde se tramita el Concurso de Precios Nº 22/22 para la “Adquisición de baterías con destino Secretaría de Gobierno”; y ... […] ARTÍCULO 1º.- Aprobar el Concurso de Precios Nº 22/22 Primer y Segundo Llamado para la “Adquisición de baterías con destino Secretaría de Gobierno”, cuyas aperturas de sobres fueran efectuadas los días ...",2022-08-31,2026-09-01,2026-09-01
sibom,https://sibom.slyt.gba.gob.ar/bulletins/7395/contents/1759105,Chivilcoy,Decreto Nº1150 en el boletín 59º de Chivilcoy,,26/08/2022,,adjudicada,volumen_alto,no,"neumatico,neumaticos",https://sibom.slyt.gba.gob.ar/bulletins/7395/contents/1759105,"adjudicar el Concurso de Precios Nº 28/22 a las firmas PUIGDEMAZA PABLO S. y TESTA NEUMATICOS S.A Por ello; ... […] el expediente Nº 4031-236313/22 por el cual se solicita la adquisición de neumáticos para uso de móviles policiales dependientes de la Secretaria de Seguridad, solicitado por la Dirección de Automotores, y ... […] Adjudicación Concurso de Precios Nº 28/22 ...",2022-08-26,2026-09-01,2026-09-01
sibom,https://sibom.slyt.gba.gob.ar/bulletins/7440/contents/1761274,Trenque Lauquen,Decreto Nº1205/2022 en el boletín 111º de Trenque Lauquen,,26/08/2022,,,volumen_alto,no,camara de aire,https://sibom.slyt.gba.gob.ar/bulletins/7440/contents/1761274,"Que dado el valor del mismo y conforme lo normado en la Ley Orgánica de las Municipalidades, resulta ajustado a derecho llamar a LICITACION PRIVADA ... […] Las actuaciones obrantes en el Expediente Nº 877/2022 , mediante las que se gestiona la Adquisición de “ SISTEMA DE AIRE ACONDICIONADO FRIO-CALOR"" con instalación , con destino a centro cívico del ente descentralizado- Treinta de Agosto ; y, ... […] 1205-2022 Llamado LICIATCION PRIVADA Nº 34-22 -Adquisición de equipo de aire frío- calor para 30 de Agosto ...",2022-08-26,2026-09-01,2026-09-01
sibom,https://sibom.slyt.gba.gob.ar/bulletins/7394/contents/1756232,Bragado,Decreto Nº848 en el boletín 90º de Bragado,,24/08/2022,,,volumen_alto,no,protector de neumaticos,https://sibom.slyt.gba.gob.ar/bulletins/7394/contents/1756232,"CONSIDERANDO: Que dicha institución brinda su colaboración, dedicación y compromiso a través del cuidado, la alimentación, el resguardo, revisiones y/o asistencia veterinaria, entre otros, a la fauna urbana ... […] VISTO: Que este municipio brinda apoyo desde hace varios años a la “Sociedad Protectora de Animales de Bragado” con el aporte de subsidios, a los fines de colaborar con la labor a la que se encuentra avocada; y, ... […] ARTICULO 1°.- OTORGAR a la SOCIEDAD PROTECTORA DE ANIMALES DE BRAGADO un subsidio por la suma de PESOS VEINTIOCHO MIL DOSCIENTOS TREINTA Y NUEVE ($ 28.239.-), corres",2022-08-24,2026-09-01,2026-09-01
sibom,https://sibom.slyt.gba.gob.ar/bulletins/7438/contents/1759881,Coronel Pringles,Decreto Nº0749/22 en el boletín 149º de Coronel Pringles,,23/08/2022,,,volumen_alto,no,"neumatico,neumaticos",https://sibom.slyt.gba.gob.ar/bulletins/7438/contents/1759881,"Que a fs. 6 la Asesoría Legal expresa que en virtud de lo requerido por el Sr. Lima Pablo referente al alquiler de la Minicargadora con Martillo Neumático , autorizado por Decreto N° 0634/21 el mismo nunca se llevó ... […] el Expediente N° 1.353/21, caratulado LIMA PABLO, SOLICITA ALQUILER DE MINICARGADORA CON MARTILLO NEUMATICO ; y ... […] ARTICULO 1°: Déjese sin efecto en todos sus términos el Decreto N° 0634/21 en virtud de lo expuesto en el exordio del presente. ARTICULO 2°: Cúmplase, Comuníquese ...",2022-08-23,2026-09-01,2026-09-01
sibom,https://sibom.slyt.gba.gob.ar/bulletins/7435/contents/1760323,General Pueyrredon,Resolución Nº1470/22 en el boletín 315º de General Pueyrredon,,22/08/2022,,,volumen_alto,no,"llanta,llantas",https://sibom.slyt.gba.gob.ar/bulletins/7435/contents/1760323,". Que de fs. 02 a 10 obra documentación referente al comercio en cuestión a los fines de proceder a la reconstrucción del mismo, dejando constancia que en el expediente extraviado se trataba la habilitación en los rubros Venta de Llantas ... […] ARTÍCULO 1º.- Dar por finalizado el presente sumario administrativo. ARTÍCULO 2º.- Sobreseer ... […] Por ello, en uso de las facultades delegadas mediante Decreto Nº 0916/2020 ...",2022-08-22,2026-09-01,2026-09-01
sibom,https://sibom.slyt.gba.gob.ar/bulletins/7425/contents/1759807,Bahia Blanca,Resolución Nº2728 en el boletín 160º de Bahia Blanca,,22/08/2022,,,volumen_alto,no,camara de aire,https://sibom.slyt.gba.gob.ar/bulletins/7425/contents/1759807,", de Diseños de tableros, equipos de aire acondicionado y calefacción con depósito- Oficina Administrativa de Venta, Servicio de instalación, Mantenimiento y Reparación de equipos y sistemas de refrigeración y cámaras frigoríficas, en calle RIO ... […] E - ARTICULO 1º)- Habílitase a 400FRIO SA , contribuyente Nº 078104, para el rubro de Oficina Administrativa y Técnica de Empresa Constructora, de Diseños de tableros, equipos de aire acondicionado y calefacción ... […] con depósito- Oficina Administrativa de Venta, Servicio de instalación, Mantenimiento y Reparación de equipos y sistemas de ref",2022-08-22,2026-09-01,2026-09-01
sibom,https://sibom.slyt.gba.gob.ar/bulletins/7356/contents/1753184,General Pueyrredon,Resolución Nº0995/22 en el boletín 314º de General Pueyrredon,,18/08/2022,,,volumen_alto,no,"neumatico,neumaticos",https://sibom.slyt.gba.gob.ar/bulletins/7356/contents/1753184,". Que con fecha 27 de Abril de 2022 se procedió a la apertura de sobres, recibiéndose una (1) única propuesta correspondiente a la firma LAROCCA NEUMÁTICOS S ... […] . Que con fecha 09 de Mayo de 2022 se procedió a la apertura de sobres recibiéndose dos (2) propuestas correspondientes a las firmas LAROCCA NEUMÁTICOS S.A. y NEUMASUR S ... […] : 1.- Declarar válida la propuesta presentada por la firma LAROCCA NEUMÁTICOS S.A. 2.- Adjudicar por única oferta y ajustarse ...",2022-08-18,2026-09-01,2026-09-01
sibom,https://sibom.slyt.gba.gob.ar/bulletins/7404/contents/1758108,General San Martín,Decreto Nº00468/22 en el boletín 1869º de General San Martín,,18/08/2022,,,objetivo,no,"cubierta,cubiertas",https://sibom.slyt.gba.gob.ar/bulletins/7404/contents/1758108,Aprobando pliego de bases y condiciones ref. contratación cubiertas para patios y canchas deportivas Parque José Hernández.- ...,2022-08-18,2026-09-01,2026-09-01
sibom,https://sibom.slyt.gba.gob.ar/bulletins/7393/contents/1757615,Bahia Blanca,Decreto Nº2053 en el boletín 159º de Bahia Blanca,,17/08/2022,,,volumen_alto,no,"neumatico,neumaticos,protector de neumaticos",https://sibom.slyt.gba.gob.ar/bulletins/7393/contents/1757615,"Visto las presentes actuaciones, originadas por el Departamento Talleres y Maestranza, dependiente de la Secretaría de Gestión Urbana, referida a la adquisición de neumáticos - conforme Solicitud de Pedido Nº 3707/2022 ... […] a ALVAREZ NEUMÁTICOS S.A (Proveedor Nº 5.649), la provisión de neumáticos para carga y transporte, por mejor oferta económica que cumple con las especificaciones técnicas solicitadas, por la suma total ...",2022-08-17,2026-09-01,2026-09-01
sibom,https://sibom.slyt.gba.gob.ar/bulletins/7278/contents/1743968,Nueve de Julio,Licitación Nº31/2022 en el boletín 69º de Nueve de Julio,,17/08/2022,,,volumen_alto,no,"cubierta,cubiertas",https://sibom.slyt.gba.gob.ar/bulletins/7278/contents/1743968,"Autorízase el llamado a licitación privada Nº 31 para la Contratacion para ejecución de la obra ""Recambio de Cubierta "" galpón de Vialidad Rural solicitado por el área de la Secretaría de Obras y Servicios Públicos, a llevarse a cabo el día 13 de julio de 2022 a las 10:00 hs. en la Subsecretaría de Contrataciones de esta Municipalidad. ...",2022-08-17,2026-09-01,2026-09-01
sibom,https://sibom.slyt.gba.gob.ar/bulletins/7318/contents/1755721,Coronel Dorrego,Decreto Nº1196/2022 en el boletín 110º de Coronel Dorrego,,12/08/2022,,,volumen_alto,no,gomeria,https://sibom.slyt.gba.gob.ar/bulletins/7318/contents/1755721,": gomería ; que el monto asignado asciende a la suma de $120.000 ... […] el Expte. 0906/2022 elevado por la Dirección de Producción y Turismo y el Contrato suscripto por la Municipalidad de Coronel Dorrego con el Sr. Carlos Dante Rey (DNI 18.007.398) con domicilio real y legal ... […] la suma de $120.000.- (Pesos Ciento Veinte Mil ) , para el financiamiento de su emprendimiento denominado GOMERÍA 5 DE DICIEMBRE de acuerdo con lo establecido en la Ordenanza N° 2.705/08 y su Decreto ...",2022-08-12,2026-09-01,2026-09-01
sibom,https://sibom.slyt.gba.gob.ar/bulletins/7284/contents/1754340,General Villegas,Ordenanza Nº6333/22 en el boletín 120º de General Villegas,,10/08/2022,,,volumen_alto,no,"neumatico,neumaticos,protector de neumaticos",https://sibom.slyt.gba.gob.ar/bulletins/7284/contents/1754340,"/22 destinada a la “Adquisición de neumáticos destinados al parque automotor de la Dirección de Servicios Urbanos”, aprobada por Decreto Nº 770/22 ... […] manifiesta que se presentaron cuatro (4) oferentes invitados a cotizar e informa que los oferentes Morra Leticia y Neumáticos Villegas S.A han quedado desestimados en virtud de haber presentado como garantía de mantenimiento de oferta un pagaré, modalidad ... […] que no está prevista para la Licitación Pública referida, como también el oferente Larocca Neumáticos S.A, por no haber presentado garantía de mantenimiento de oferta, por su parte ",2022-08-10,2026-09-01,2026-09-01
sibom,https://sibom.slyt.gba.gob.ar/bulletins/7292/contents/1755239,Chivilcoy,Decreto Nº1022 en el boletín 58º de Chivilcoy,,10/08/2022,,,volumen_alto,no,"cubierta,cubiertas",https://sibom.slyt.gba.gob.ar/bulletins/7292/contents/1755239,"dicha solicitud por la cual el Secretario de Obras y Servicios Públicos estima conveniente realizar los trabajos solicitados según memoria descriptiva para poder terminar la obra con éxito ... […] la nota presentada por el Secretario de Obras y Servicios Públicos en relación a la Licitación Pública N° 24/2021, y de acuerdo a la Memoria Descriptiva, presentada por la mencionada Secretaria, correspondiente a la solicitud de ampliación: “Construcción de cocina-comedor, Refacción de sanitarios, cubierta y cierre de galerías-Escuela N° 40-, ciudad de Chivilcoy”, y ... […] Ampliacion monto de la obr",2022-08-10,2026-09-01,2026-09-01
sibom,https://sibom.slyt.gba.gob.ar/bulletins/7292/contents/1753676,Chivilcoy,Decreto Nº980 en el boletín 58º de Chivilcoy,,10/08/2022,,,volumen_alto,no,camara de aire,https://sibom.slyt.gba.gob.ar/bulletins/7292/contents/1753676,"la nota presentada por el Director del Hogar Nuestra Señora del Carmen, por la cual requiere se realice la baja de bienes que fueron heredados de la Ex Clínica del Carmen y se encuentran en un estado de rotura permanente y sin posibilidad de ser ... […] Baja bienes patrimonio ... […] Artículo 1º: Efectúese la baja del patrimonio municipal de los siguientes bienes por encontrase en un estado de rotura sin posibilidad de reparación, a saber: - Aire Acondicionado (N° Identificatorio: 34377) - Aire ...",2022-08-10,2026-09-01,2026-09-01
sibom,https://sibom.slyt.gba.gob.ar/bulletins/7350/contents/1751885,Puan,Decreto Nº2259/2021 en el boletín 33º de Puan,,03/08/2022,,,volumen_alto,no,"cubierta,cubiertas",https://sibom.slyt.gba.gob.ar/bulletins/7350/contents/1751885,"Dejando sin efecto CONCURSO DE PRECIOS N° 03/2021, para la ADQUISICIÓN DE CUBIERTAS PARA LOS VEHÍCULOS TOYOTA HILUX RO 345, RENAULT KANGOO RO 379, PARA LA LOCALIDAD DE DARREGUEIRA Y CUBIERTAS PARA TOYOTA RO 281, PARA LA LOCALIDAD DE PUAN ... […] . Procediendo a la adquisición de cubiertas para vehículos mencionados anteriormente, en forma directa a La Emancipación Sociedad Cooperativa Mixta de Consumo, Provisión, Transformación y Venta LTDA.- ...",2022-08-03,2026-09-01,2026-09-01
sibom,https://sibom.slyt.gba.gob.ar/bulletins/6714/contents/1714104,Puan,Decreto Nº1248/2021 en el boletín 32º de Puan,,29/07/2022,,,volumen_alto,no,gomeria,https://sibom.slyt.gba.gob.ar/bulletins/6714/contents/1714104,Habilitando comercio en el rubro de GOMERIA a Nestor Simon Lucero Casenave de San Germán. ...,2022-07-29,2026-09-01,2026-09-01
sibom,https://sibom.slyt.gba.gob.ar/bulletins/7340/contents/1751131,General Pueyrredon,Decreto Nº1697/22 en el boletín 312º de General Pueyrredon,,29/07/2022,,,volumen_alto,no,gomeria,https://sibom.slyt.gba.gob.ar/bulletins/7340/contents/1751131,"se autoriza con carácter precario, al señor Emanuel Jonathan Salomón, C.U.I.T. Nº 20-37010898-7, a afectar con el uso de suelo "" Gomería , Reparación de Cámaras y Cubiertas, Venta Minorista de Cámaras y Cubiertas, Venta Minorista de Aceites ... […] las presentes actuaciones donde tramita la Ordenanza sancionada por el Honorable Concejo Deliberante bajo el número de registro O-19756 ... […] ARTÍCULO 1º.- Promúlgase la Ordenanza O-19756 sancionada por el Honorable Concejo Deliberante bajo el Nº 25596 ...",2022-07-29,2026-09-01,2026-09-01
sibom,https://sibom.slyt.gba.gob.ar/bulletins/6714/contents/1728356,Puan,Decreto Nº1682/2021 en el boletín 32º de Puan,,29/07/2022,,,volumen_alto,no,"bateria,baterias",https://sibom.slyt.gba.gob.ar/bulletins/6714/contents/1728356,Dando de baja al comercio del rubro REPARACIÓN DE BATERIAS ANEXO VENTA DE REPUESTOS EN GENERAL de Emilio A. Baier de Puan.- ...,2022-07-29,2026-09-01,2026-09-01
sibom,https://sibom.slyt.gba.gob.ar/bulletins/7266/contents/1742874,Bragado,Decreto Nº721 en el boletín 87º de Bragado,,28/07/2022,,,volumen_alto,no,protector de neumaticos,https://sibom.slyt.gba.gob.ar/bulletins/7266/contents/1742874,"CONSIDERANDO: Que dicha institución brinda su colaboración, dedicación y compromiso a través del cuidado, la alimentación, el resguardo, revisiones y/o asistencia veterinaria, entre otros, a la fauna urbana ... […] VISTO: Que este municipio brinda apoyo desde hace varios años a la “Sociedad Protectora de Animales de Bragado” con el aporte de subsidios, a los fines de colaborar con la labor a la que se encuentra avocada; y, ... […] ARTICULO 1°.- OTORGAR a la SOCIEDAD PROTECTORA DE ANIMALES DE BRAGADO un subsidio por la suma de PESOS VEINTIOCHO MIL DOSCIENTOS TREINTA Y NUEVE ($ 28.239.-), corres",2022-07-28,2026-09-01,2026-09-01
sibom,https://sibom.slyt.gba.gob.ar/bulletins/7331/contents/1749505,General Pueyrredon,Resolución Nº1054/22 en el boletín 310º de General Pueyrredon,,26/07/2022,,,volumen_alto,no,"llanta,llantas",https://sibom.slyt.gba.gob.ar/bulletins/7331/contents/1749505,"de Faltas a cargo del Juzgado Nº 5 según el oficio correspondiente a la causa 1779490,1779491, se constató que el mismo presentaba “... rayaduras de pintura en paragolpes delantero, puerta baúl, puerta y guardabarro derecho y llantas . También ... […] y rayones varios en paragolpes delantero lado derecho y paragolpes trasero, rayaduras de pintura puerta baúl, puerta y guardabarros delantero derecho, llantas y por desprendimiento del paragolpes trasero ... […] VISTO el presente expediente - Nº 4980-1-2022, Cuerpo 1 ...",2022-07-26,2026-09-01,2026-09-01
sibom,https://sibom.slyt.gba.gob.ar/bulletins/7228/contents/1744956,Coronel Dorrego,Decreto Nº1009/2022 en el boletín 108º de Coronel Dorrego,,20/07/2022,,,volumen_alto,no,"cubierta,cubiertas",https://sibom.slyt.gba.gob.ar/bulletins/7228/contents/1744956,"que la Dirección de Vialidad Urbana y Rural ha manifestado la necesidad de adquirir 4 cubiertas 275/80/22.5 con taco y 2 cubiertas 295/80/22.5 lisas para ser utilizadas por el camión Nº 823 pertenecientes a dicha Dirección; ... […] ARTICULO 1º) Llámase a CONCURSO DE PRECIOS Nº 39/2022 con el objeto de adquirir 4 cubiertas 275/80/22.5 y 2 cubiertas 295/80/22.5 lisas con cámara ... […] Por ello, el INTENDENTE MUNICIPAL , en uso de sus facultades - D E C R E T ...",2022-07-20,2026-09-01,2026-09-01
sibom,https://sibom.slyt.gba.gob.ar/bulletins/7228/contents/1744971,Coronel Dorrego,Decreto Nº1015/2022 en el boletín 108º de Coronel Dorrego,,20/07/2022,,adjudicada,volumen_alto,no,"camara de aire,cubierta,cubiertas",https://sibom.slyt.gba.gob.ar/bulletins/7228/contents/1744971,"que para este concurso se realizaron cuatro invitaciones, no recibiéndose oferta del proveedor GINER GERMÁN y ROSELLÓ ROBERTO RUBÉN. Sí, se recibieron las propuestas que a continuación se detallan ... […] el Concurso de Precios N° 39/2022 , formalizado en el día de la fecha, a fin de proceder a la adquisición de 4 cubiertas 275/80/22.5 con taco y 2 cubiertas 295/80/22.5 lisas para ser utilizadas por el camión Nº 823 perteneciente a la Dirección de Vialidad Urbana y Rural; ... […] ARTÍCULO 1°) Apruébese el Concurso de Precios N° 39/2022 , realizado para proceder a la adquisición de cubiertas pa",2022-07-20,2026-09-01,2026-09-01
sibom,https://sibom.slyt.gba.gob.ar/bulletins/7228/contents/1745229,Coronel Dorrego,Decreto Nº1023/2022 en el boletín 108º de Coronel Dorrego,,20/07/2022,,,volumen_alto,no,"bateria,baterias",https://sibom.slyt.gba.gob.ar/bulletins/7228/contents/1745229,"que la Dirección del Hospital Municipal, ha manifestado la necesidad de adquirir una incubadora para el nosocomio ... […] controlado. Alimentación ac 220v-230v/50 Hz y dc 12v/10a o dc 24v/6a. Batería interna con 90 minutos de autonomía. Display con indicación de temperatura seteada, temperatura el aire, temperatura del cuerpo y capacidad de la batería . Rango de control ... […] ventilador – falla alimentación – falla de sistema – configuración estándar: cuerpo principal (incluyendo la capota, controlador, cuna, batería interna y lámpara de observación), dos cilindros de O 2 - Sistema de sumini",2022-07-20,2026-09-01,2026-09-01
sibom,https://sibom.slyt.gba.gob.ar/bulletins/7228/contents/1745488,Coronel Dorrego,Decreto Nº1070/2022 en el boletín 108º de Coronel Dorrego,,20/07/2022,,adjudicada,volumen_alto,no,"bateria,baterias",https://sibom.slyt.gba.gob.ar/bulletins/7228/contents/1745488,"que se cursaron tres invitaciones para participar del presente concurso, no recibiéndose oferta del Proveedor: CRIENG SALUD E INGENIERÍA CLÍNICA S.A.; que en el mencionado acto ... […] el Concurso de Precios N° 40/2022 formalizado en el día de la fecha, a fin de proceder a realizar la adquisición de una incubadora para el Hospital Municipal de Coronel Dorrego ... […] . Alimentación ac 220v-230v/50 Hz y dc 12v/10a o dc 24v/6a. Batería interna con 90 minutos de autonomía. Display con indicación de temperatura seteada, temperatura el aire, temperatura del cuerpo y capacidad de la batería . Rango ",2022-07-20,2026-09-01,2026-09-01
sibom,https://sibom.slyt.gba.gob.ar/bulletins/7111/contents/1739104,Tapalqué,Decreto Nº0546 en el boletín 60º de Tapalqué,,19/07/2022,,adjudicada,volumen_alto,no,"cubierta,cubiertas",https://sibom.slyt.gba.gob.ar/bulletins/7111/contents/1739104,"VISTO : El llamado a Concurso de Precios N° 32 para la adquisición de zapatillas para el personal de salud, que se tramita mediante Expte N° 4111-123/22 para el día 23 de junio de 2022 a las 10,00 horas ... […] 4 CUBIERTA P ... […] CUBIERTA P/AUTOMOTOR - 12 DESTINO TOYOTA TIPO USO MIXTO 265/65/R17 ...",2022-07-19,2026-09-01,2026-09-01
sibom,https://sibom.slyt.gba.gob.ar/bulletins/7111/contents/1734124,Tapalqué,Decreto Nº0507 en el boletín 60º de Tapalqué,,19/07/2022,,,volumen_alto,no,"cubierta,cubiertas",https://sibom.slyt.gba.gob.ar/bulletins/7111/contents/1734124,"VISTO: La necesidad por parte de esta Municipalidad de proceder al llamado a Concurso de Precios N° 32 para la adquisición de cubiertas para móviles policiales según Expte Municipal N° 4111-124/2022 ... […] ARTICULO 1º: Autorízase a la Oficina de Compras de esta Municipalidad a proceder al llamado a Concurso de Precios N° 32 para la adquisición de cubiertas ... […] Por ello el Intendente Municipal, en uso de sus facultades decreta ...",2022-07-19,2026-09-01,2026-09-01
sibom,https://sibom.slyt.gba.gob.ar/bulletins/7257/contents/1743963,Tandil,Decreto Nº2314/2022 en el boletín 135º de Tandil,,13/07/2022,,,volumen_alto,no,camara de aire,https://sibom.slyt.gba.gob.ar/bulletins/7257/contents/1743963,"El Concurso de Precios Nº 89-03-22 ""Adquisición de neumáticos para la Policía Bonaerense”. Que se procedió a realizar la invitación a diversos oferentes para que realicen ... […] El EX-2022-00048603-MUNITAN-DCS#SEA mediante el cual tramita el Concurso de Precios Nº 89-03-22 ""Adquisición de neumáticos para la Policía Bonaerense ... […] . Artículo 2º: La erogación a producirse se imputará a las siguientes partidas: a) 2.4.4.0 “Cubiertas y cámaras de aire ”, por la suma de pesos setecientos veintisiete mil doscientos ($727.200,00); 2.9.6.0 “Repuestos y accesorios ...",2022-07-13,2026-09-01,2026-09-01
sibom,https://sibom.slyt.gba.gob.ar/bulletins/7257/contents/1743967,Tandil,Decreto Nº2314/2022 en el boletín 135º de Tandil,,13/07/2022,,,volumen_alto,no,camara de aire,https://sibom.slyt.gba.gob.ar/bulletins/7257/contents/1743967,"El Concurso de Precios Nº 89-03-22 ""Adquisición de neumáticos para la Policía Bonaerense”. Que se procedió a realizar la invitación a diversos oferentes para que realicen ... […] El EX-2022-00048603-MUNITAN-DCS#SEA mediante el cual tramita el Concurso de Precios Nº 89-03-22 ""Adquisición de neumáticos para la Policía Bonaerense ... […] . Artículo 2º: La erogación a producirse se imputará a las siguientes partidas: a) 2.4.4.0 “Cubiertas y cámaras de aire ”, por la suma de pesos setecientos veintisiete mil doscientos ($727.200,00); 2.9.6.0 “Repuestos y accesorios ...",2022-07-13,2026-09-01,2026-09-01
sibom,https://sibom.slyt.gba.gob.ar/bulletins/7218/contents/1736421,Mercedes,Decreto Nº1004/2022 en el boletín 52º de Mercedes,,13/07/2022,,adjudicada,volumen_alto,no,"bateria,baterias",https://sibom.slyt.gba.gob.ar/bulletins/7218/contents/1736421,"Adjudicaciones N° 5862-5860-5861- Concurso de precios N° 55, baterias moviles. ...",2022-07-13,2026-09-01,2026-09-01
sibom,https://sibom.slyt.gba.gob.ar/bulletins/7204/contents/1737144,Bahia Blanca,Decreto Nº1410 en el boletín 153º de Bahia Blanca,,04/07/2022,,,volumen_alto,no,"neumatico,neumaticos,protector de neumaticos",https://sibom.slyt.gba.gob.ar/bulletins/7204/contents/1737144,"Visto las presentes actuaciones, originadas por el Departamento Talleres y Maestranza, dependiente de la Secretaría de Gestión Urbana, referida a la adquisición de neumáticos - conforme Solicitud de Pedido Nº 2748/2022 ... […] ) que fueran invitadas a cotizar, según consta en los certificados de notificación; Que, a fojas 13 el Director General de Talleres sugiere se adjudiquen los ítems Nº 1 y 2 a Alvarez Neumáticos S.A., ambos en la propuesta ... […] , en uso de sus facultades: DECRETA ARTÍCULO 1º )- Adjudicar a ALVAREZ NEUMÁTICOS S ...",2022-07-04,2026-09-01,2026-09-01
sibom,https://sibom.slyt.gba.gob.ar/bulletins/7129/contents/1728081,Bragado,Decreto Nº579 en el boletín 85º de Bragado,,01/07/2022,,,volumen_alto,no,protector de neumaticos,https://sibom.slyt.gba.gob.ar/bulletins/7129/contents/1728081,"CONSIDERANDO: Que dicha institución brinda su colaboración, dedicación y compromiso a través del cuidado, la alimentación, el resguardo, revisiones y/o asistencia veterinaria, entre otros, a la fauna urbana ... […] VISTO: Que este municipio brinda apoyo desde hace varios años a la “Sociedad Protectora de Animales de Bragado” con el aporte de subsidios, a los fines de colaborar con la labor a la que se encuentra avocada; y, ... […] ARTICULO 1°.- OTORGAR a la SOCIEDAD PROTECTORA DE ANIMALES DE BRAGADO un subsidio por la suma de PESOS VEINTIOCHO MIL DOSCIENTOS TREINTA Y NUEVE ($ 28.239.-), corres",2022-07-01,2026-09-01,2026-09-01
sibom,https://sibom.slyt.gba.gob.ar/bulletins/7200/contents/1735143,Coronel Dorrego,Decreto Nº0690/2022 en el boletín 107º de Coronel Dorrego,,29/06/2022,,adjudicada,volumen_alto,no,"camara de aire,neumatico,neumaticos,protector de neumaticos",https://sibom.slyt.gba.gob.ar/bulletins/7200/contents/1735143,": ALVAREZ NEUMÁTICOS S.A. cotizando a $746.000.- (Pesos Setecientos Cuarenta y Seis Mil) CAMPOS RUBÉN ALFREDO cotizando en la suma ... […] el presente Concurso al Proveedor ALVAREZ NEUMÁTICOS S.A. en la suma de $746.000.- (Pesos Setecientos Cuarenta y Seis Mil) por resultar su oferta conveniente a los intereses municipales. ... […] el Concurso de Precios N° 24/2022 formalizado en el día de la fecha, con el fin de realizar la adquisición de 4 neumáticos 1670/20 para pala cargadora Nº 749 pertenecientes a la Dirección de Servicios, y ...",2022-06-29,2026-09-01,2026-09-01
sibom,https://sibom.slyt.gba.gob.ar/bulletins/7200/contents/1735484,Coronel Dorrego,Decreto Nº0730/2022 en el boletín 107º de Coronel Dorrego,,29/06/2022,,adjudicada,volumen_alto,no,"camara de aire,cubierta,cubiertas,protector de neumaticos",https://sibom.slyt.gba.gob.ar/bulletins/7200/contents/1735484,"ALVAREZ NEUMATICOS S.A. 4 cubiertas para camión y automotores ... […] el Concurso de Precios N° 29/2022 , formalizado en el día de la fecha, a fin de proceder a la adquisición de 4 cubiertas 1000/20 con cámara y protector para ser utilizadas por el camión Nº 800 perteneciente a la Dirección de Obras Sanitarias y Alumbrado Público; ... […] ARTÍCULO 1°) Apruébese el Concurso de Precios N° 29/2022 , realizado para proceder a la adquisición de cubiertas para ser utilizadas por un camión perteneciente a la Dirección ...",2022-06-29,2026-09-01,2026-09-01
sibom,https://sibom.slyt.gba.gob.ar/bulletins/7200/contents/1735219,Coronel Dorrego,Decreto Nº0697/2022 en el boletín 107º de Coronel Dorrego,,29/06/2022,,,volumen_alto,no,"cubierta,cubiertas",https://sibom.slyt.gba.gob.ar/bulletins/7200/contents/1735219,"que la Dirección de Obras Sanitarias y Alumbrado Público ha manifestado la necesidad de adquirir 4 cubiertas 1000/20 con cámara y protector para ser utilizadas por el camión Nº 800 pertenecientes a dicha Dirección; ... […] ARTICULO 1º) Llámase a Concurso de Precios Nº 29/2022 con el objeto de adquirir 4 cubiertas 1000/20 con cámara y protector para ser utilizadas ... […] Por ello, el INTENDENTE MUNICIPAL , en uso de sus facultades - D E C R E T ...",2022-06-29,2026-09-01,2026-09-01
sibom,https://sibom.slyt.gba.gob.ar/bulletins/7086/contents/1724782,Mercedes,Decreto Nº784/2022 en el boletín 51º de Mercedes,,24/06/2022,,adjudicada,volumen_alto,no,gomeria,https://sibom.slyt.gba.gob.ar/bulletins/7086/contents/1724782,"Adjudicacion N°4974, Licitacion privada N° 27, cubierta de stock de gomeria .- ...",2022-06-24,2026-09-01,2026-09-01
sibom,https://sibom.slyt.gba.gob.ar/bulletins/7059/contents/1732491,Coronel Dorrego,Decreto Nº0649/2022 en el boletín 106º de Coronel Dorrego,,23/06/2022,,,volumen_alto,no,"neumatico,neumaticos,protector de neumaticos",https://sibom.slyt.gba.gob.ar/bulletins/7059/contents/1732491,"que la Dirección de Servicios ha manifestado la necesidad de proceder a la adquisición de 4 neumáticos 1670/20 para ser utilizadas por pala cargadora 749 pertenecientes a la Dirección de Servicios; ... […] ARTICULO 1°) Llamase a CONCURSO DE PRECIOS N° 24/2022 con el objeto de proceder a la adquisición de 4 neumáticos 1670/20 para ser utilizadas por pala cargadora 749 ... […] Por ello, el INTENDENTE MUNICIPAL , en uso de sus facultades- D E C R E T ...",2022-06-23,2026-09-01,2026-09-01
sibom,https://sibom.slyt.gba.gob.ar/bulletins/7059/contents/1732490,Coronel Dorrego,Decreto Nº0648/2022 en el boletín 106º de Coronel Dorrego,,23/06/2022,,adjudicada,volumen_alto,no,"cubierta,cubiertas",https://sibom.slyt.gba.gob.ar/bulletins/7059/contents/1732490,.A. 4 cubiertas para camión y automotores descripción 295/80 r 22.5 con taco ... […] .- $520.000.- No cumple 2 cubiertas para camiones ... […] 4 cubiertas para maquinarias descripción 1400 x 24 ...,2022-06-23,2026-09-01,2026-09-01
sibom,https://sibom.slyt.gba.gob.ar/bulletins/7059/contents/1723549,Coronel Dorrego,Decreto Nº0563/2022 en el boletín 106º de Coronel Dorrego,,23/06/2022,,,volumen_alto,no,"cubierta,cubiertas",https://sibom.slyt.gba.gob.ar/bulletins/7059/contents/1723549,"que la Dirección de Vialidad Urbana y Rural ha manifestado la necesidad de proceder a la adquisición de cubiertas para ser utilizadas por camión y motoniveladora pertenecientes a la Dirección de Vialidad Urbana y Rural, afectadas al mantenimiento de caminos provinciales del Distrito de Coronel Dorrego; ... […] ARTICULO 1°) Llamase a CONCURSO DE PRECIOS N° 16/2022 con el objeto de proceder a la adquisición de 4 cubiertas para camión Nº 428 295/80/ 22.5 con taco, 2 cubiertas ... […] para camión Nº 428 295/80/22.5 lisas y 4 cubiertas para motoniveladora Nº 426 pertenecientes a la Dirección de Via",2022-06-23,2026-09-01,2026-09-01
sibom,https://sibom.slyt.gba.gob.ar/bulletins/7137/contents/1732655,General Pueyrredon,Resolución Nº202/22 en el boletín 302º de General Pueyrredon,,21/06/2022,,,volumen_alto,no,"llanta,llantas",https://sibom.slyt.gba.gob.ar/bulletins/7137/contents/1732655,"a Chapadmalal, con fines turísticos, cuando al pasar por un pozo en el Puente 29 se produce la rotura de la llanta de la rueda delantera derecha de su auto y reclama el resarcimiento por todos los gastos ocasionados para arreglar el auto, pedido de auxilio ... […] mecánico y arreglo de la llanta .- Que de fs. 03 a fs. 16 acompaña copias: Cedula de Identificación Automotor, DNI, Factura Autocity Nª 15031 por la suma ... […] por la rotura de una llanta que habría sido ocasionada por un bache en avenida de los trabajadores, sentido al sur bajando, casi por el puente de Av. Fortunato de la Plaza, ",2022-06-21,2026-09-01,2026-09-01
sibom,https://sibom.slyt.gba.gob.ar/bulletins/7146/contents/1731180,Tandil,Ordenanza Nº17620/2022 en el boletín 131º de Tandil,,15/06/2022,,,volumen_alto,no,"cubierta,cubiertas",https://sibom.slyt.gba.gob.ar/bulletins/7146/contents/1731180,"EL HONORABLE CONCEJO DELIBERANTE DE TANDIL SANCIONA CON FUERZA ... […] con un superficie total cubierta por parcela de hasta 500 (quinientos) metros cuadrados: sin exigencias. 3) Usos no residenciales con una superficie total cubierta por parcela mayor a 500 (quinientos), según el siguiente ... […] detalle: a) 1 (uno) módulo para vehiculos de carga livianos, al que se agregará 1 (uno) módulo cada 500 (quinientos) metros cuadrados cubiertos en exceso ...",2022-06-15,2026-09-01,2026-09-01
sibom,https://sibom.slyt.gba.gob.ar/bulletins/7024/contents/1719770,Chivilcoy,Decreto Nº513 en el boletín 56º de Chivilcoy,,15/06/2022,,adjudicada,volumen_alto,no,"llanta,llantas",https://sibom.slyt.gba.gob.ar/bulletins/7024/contents/1719770,"el informe del Director de Compras de la Municipalidad de Chivilcoy, mediante el cual comunica que no se han encontrado objeciones en el proceso y vista planilla comparativa de ofertas surge por precio conveniente adjudicar el Concurso de Precios ... […] , el expediente Nº 4031-233641/22 mediante el cual se solicita la adquisición de cubiertas y llantas para camión Ford cargo 1.716 de la Dirección de Pavimento, perteneciente a la Secretaria de Obras y Servicios Públicos, y ... […] Adjudicación Concurso de Precios N° 14 ...",2022-06-15,2026-09-01,2026-09-01
sibom,https://sibom.slyt.gba.gob.ar/bulletins/7142/contents/1731245,Bahia Blanca,Resolución Nº57 en el boletín 151º de Bahia Blanca,,14/06/2022,,,volumen_alto,no,"llanta,llantas",https://sibom.slyt.gba.gob.ar/bulletins/7142/contents/1731245,"los temas que compuso, se destacan: ""Romance para una vereda"", con música de Edmundo Rivero (h); ""Cuando no estás conmigo"", música de Oscar Cardozo Ocampo; "" Llanto por Gobbi"", música de Arturo Penón; ""Romanza para un amén"" y ""Primer infierno"", música ...",2022-06-14,2026-09-01,2026-09-01
sibom,https://sibom.slyt.gba.gob.ar/bulletins/7155/contents/1730726,General Alvear,Decreto Nº362 en el boletín 18º de General Alvear,,13/06/2022,,,volumen_alto,no,"cubierta,cubiertas",https://sibom.slyt.gba.gob.ar/bulletins/7155/contents/1730726,"Que los montos que presupuestan aconsejan la realización de un concurso de precios ... […] El Expediente 4039-15911/2022 referente a: “Refacción de la Cubierta del Cine- Teatro Español - 1º Etapa”, por un costo aproximado de pesos un millón novecientos dieciocho mil setecientos sesenta ($ 1.918.760,00); y ... […] ARTICULO 1º: Llámese a Concurso de Precios Nº 22/2022 (Expte. Nº 4039-15911/2022) para el día 17 de mayo de 2022, a las 11:00 hs. para la “Refacción de la Cubierta del Cine- Teatro Español ...",2022-06-13,2026-09-01,2026-09-01
sibom,https://sibom.slyt.gba.gob.ar/bulletins/7155/contents/1730956,General Alvear,Decreto Nº395 en el boletín 18º de General Alvear,,13/06/2022,,,volumen_alto,no,"cubierta,cubiertas",https://sibom.slyt.gba.gob.ar/bulletins/7155/contents/1730956,"Las propuestas presentadas ... […] El Expediente Nº 4039-15911/2022 por el cual se llama a Concurso de Precios Nº 23/2022 para la “Refacción de Cubierta en Cine- Teatro Español”, y ... […] ARTICULO 1º: Adjudicase el Concurso de Precios Nº 23/2022 (Expediente Nº 4039-15911/2022) a la Firma Anido Construcciones S. A., la obra “Refacción de Cubierta en Cine- Teatro Español ...",2022-06-13,2026-09-01,2026-09-01
sibom,https://sibom.slyt.gba.gob.ar/bulletins/7104/contents/1727413,General San Martín,Decreto Nº00357/22 en el boletín 1860º de General San Martín,,09/06/2022,,,objetivo,no,"cubierta,cubiertas",https://sibom.slyt.gba.gob.ar/bulletins/7104/contents/1727413,"Declarando desierto 1er llamado a Concurso de Precios Nº 21 "" CUBIERTAS "" y fijando nueva fecha.- ...",2022-06-09,2026-09-01,2026-09-01
sibom,https://sibom.slyt.gba.gob.ar/bulletins/7104/contents/1727417,General San Martín,Decreto Nº00358/22 en el boletín 1860º de General San Martín,,09/06/2022,,,objetivo,no,"cubierta,cubiertas",https://sibom.slyt.gba.gob.ar/bulletins/7104/contents/1727417,"Declarado desierto 1er llamado a Concurso de Precios Nº10 "" CUBIERTAS "" y fijando nueva fecha.- ...",2022-06-09,2026-09-01,2026-09-01
sibom,https://sibom.slyt.gba.gob.ar/bulletins/7104/contents/1727410,General San Martín,Decreto Nº00356/22 en el boletín 1860º de General San Martín,,09/06/2022,,,objetivo,no,"cubierta,cubiertas",https://sibom.slyt.gba.gob.ar/bulletins/7104/contents/1727410,"Declarado desierto 1er llamado a Concurso de Precios Nº 14 "" Cubiertas "" y fijando nueva fecha.- ...",2022-06-09,2026-09-01,2026-09-01
sibom,https://sibom.slyt.gba.gob.ar/bulletins/7126/contents/1729693,Bahia Blanca,Resolución Nº82 en el boletín 150º de Bahia Blanca,,09/06/2022,,,volumen_alto,no,"bateria,baterias",https://sibom.slyt.gba.gob.ar/bulletins/7126/contents/1729693,) baterías a dos (2) camiones pertenecientes a la delegación; por dicha razón y considerando: Que la Dirección de Técnica y Jurídica a fojas 8 ha dictaminado: “ Atento a la realización de la denuncia penal ... […] de esclarecer las circunstancias y/o responsables relacionados en el faltante de 3 baterías de camiones pertenecientes a la Delegación Noroeste. ARTICULO 2º: Designar como instructores sumariantes ...,2022-06-09,2026-09-01,2026-09-01
sibom,https://sibom.slyt.gba.gob.ar/bulletins/7007/contents/1720801,Quilmes,Decreto Nº1600/2022 en el boletín 450º de Quilmes,,07/06/2022,,,objetivo,no,"bateria,baterias",https://sibom.slyt.gba.gob.ar/bulletins/7007/contents/1720801,"Que la solicitud de pedido Nº 1499/2022 requiere la adquisición de baterías para vehículos ... […] y en cumplimiento del marco normativo vigente en la materia résUlta indispensable llamar a licitación para solicitar la adquisición de baterías para vehículos pertenecientes a la Secretaría de Servicios Públicos ... […] el Expediente Nº 4091-4418-D-2022, iniciado por el Sr. Secretario de Servicios Públicos de la Municipalidad de Quilmes, cuyo objeto es solicitar la adquisición de baterías para vehículos; y ...",2022-06-07,2026-09-01,2026-09-01
sibom,https://sibom.slyt.gba.gob.ar/bulletins/7087/contents/1726438,Bahia Blanca,Resolución Nº2133 en el boletín 148º de Bahia Blanca,,06/06/2022,,,volumen_alto,no,gomeria,https://sibom.slyt.gba.gob.ar/bulletins/7087/contents/1726438,"Visto las presentes actuaciones, referidas a la solicitud de Habilitación presentada por MILLER OMAR HUMBERTO , para desarrollar el rubro de GOMERIA , en calle CACIQUE VENANCIO 770 ... […] )- Habílitase a MILLER OMAR HUMBERTO , contribuyente Nº 090666, para el rubro de GOMERIA , en calle CACIQUE VENANCIO 770 del partido de BAHIA BLANCA.- ARTICULO 2º)- Expídase Certificado ...",2022-06-06,2026-09-01,2026-09-01
sibom,https://sibom.slyt.gba.gob.ar/bulletins/7087/contents/1726460,Bahia Blanca,Resolución Nº2146 en el boletín 148º de Bahia Blanca,,06/06/2022,,,volumen_alto,no,gomeria,https://sibom.slyt.gba.gob.ar/bulletins/7087/contents/1726460,"Visto las presentes actuaciones, referidas a la solicitud de Habilitación presentada por FARINA GABRIELA MARIEL , para desarrollar el rubro de GOMERIA - VENTA AL POR MENOR DE LUBRICANTES ... […] E - ARTICULO 1º)- Habílitase a FARINA GABRIELA MARIEL , contribuyente Nº 71835, para el rubro de GOMERIA - VENTA AL POR MENOR DE LUBRICANTES Y REPUESTOS ...",2022-06-06,2026-09-01,2026-09-01
sibom,https://sibom.slyt.gba.gob.ar/bulletins/6992/contents/1714660,Bragado,Decreto Nº401 en el boletín 83º de Bragado,,06/06/2022,,,volumen_alto,no,protector de neumaticos,https://sibom.slyt.gba.gob.ar/bulletins/6992/contents/1714660,"CONSIDERANDO: Que dicha institución brinda su colaboración, dedicación y compromiso a través del cuidado, la alimentación, el resguardo, revisiones y/o asistencia veterinaria, entre otros, a la fauna urbana ... […] VISTO: Que este municipio brinda apoyo desde hace varios años a la “Sociedad Protectora de Animales de Bragado” con el aporte de subsidios, a los fines de colaborar con la labor a la que se encuentra avocada; y, ... […] ARTICULO 1°.- OTORGAR a la SOCIEDAD PROTECTORA DE ANIMALES DE BRAGADO un subsidio por la suma de PESOS VEINTICUATRO MIL SEISCIENTOS CON NOVENTA CENTAVOS ($ 24.600,90",2022-06-06,2026-09-01,2026-09-01
sibom,https://sibom.slyt.gba.gob.ar/bulletins/7019/contents/1725381,Balcarce,Ordenanza Nº95/22 en el boletín 58º de Balcarce,,03/06/2022,,,volumen_alto,no,"cubierta,cubiertas,gomeria,llanta,llantas",https://sibom.slyt.gba.gob.ar/bulletins/7019/contents/1725381,"VISTO: La Licitación Privada Nº 5/22 – Segundo llamado - Adquisición de “ Cubiertas y llantas para diferentes unidades del parque Vial Municipal, camiones ... […] : Que el día 3 de mayo del corriente año se realizó la apertura de las propuestas del Segundo llamado de la Licitación Privada Nº 5/22, “Adquisición de cubiertas y llantas para las unidades del Parque Vial ... […] 4 1000x20 Cubierta con protector+cámara lisas ...",2022-06-03,2026-09-01,2026-09-01
sibom,https://sibom.slyt.gba.gob.ar/bulletins/7070/contents/1723381,General San Martín,Decreto Nº00241/22 en el boletín 1859º de General San Martín,,02/06/2022,,,objetivo,no,camara de aire,https://sibom.slyt.gba.gob.ar/bulletins/7070/contents/1723381,Otorgando subsidio a favor de la Cámara Económica Sanmartinense para financiaR Proyecto CES 2022. ...,2022-06-02,2026-09-01,2026-09-01
sibom,https://sibom.slyt.gba.gob.ar/bulletins/7070/contents/1722982,General San Martín,Decreto Nº00208/22 en el boletín 1859º de General San Martín,,02/06/2022,,,objetivo,no,"bateria,baterias",https://sibom.slyt.gba.gob.ar/bulletins/7070/contents/1722982,Autorizando contratación directa adquisición de BATERIAS PARA UPS.- ...,2022-06-02,2026-09-01,2026-09-01
sibom,https://sibom.slyt.gba.gob.ar/bulletins/7031/contents/1724024,Roque Pérez,Decreto Nº182/2022 en el boletín 64º de Roque Pérez,,31/05/2022,,adjudicada,volumen_alto,no,"neumatico,neumaticos,protector de neumaticos",https://sibom.slyt.gba.gob.ar/bulletins/7031/contents/1724024,Adjudicación Concurso de Precios n° 6/22 Compra de neumáticos . ...,2022-05-31,2026-09-01,2026-09-01
sibom,https://sibom.slyt.gba.gob.ar/bulletins/7079/contents/1723798,Bahia Blanca,Ordenanza Nº20662 en el boletín 147º de Bahia Blanca,,31/05/2022,,,volumen_alto,no,"neumatico,neumaticos,protector de neumaticos",https://sibom.slyt.gba.gob.ar/bulletins/7079/contents/1723798,"VISTO El proyecto de ordenanza obrante a fojas 90, referida al llamado a Licitación Privada identificada con el número 502/2022 para la adquisición de neumáticos para equipos viales ... […] , en el que solo se recibió la propuesta económica de la firma ALVAREZ NEUMATICOS S.A., y; CONSIDERANDO Que, atento ... […] y Disposiciones de Administración para las Municipalidades de la Provincia de Buenos Aires, la aceptación de la única oferta efectuada por la firma ALVAREZ NEUMATICOS S.A. , para la provisión de neumáticos para equipos viales ...",2022-05-31,2026-09-01,2026-09-01
sibom,https://sibom.slyt.gba.gob.ar/bulletins/7031/contents/1721395,Roque Pérez,Decreto Nº164/2022 en el boletín 64º de Roque Pérez,,31/05/2022,,,volumen_alto,no,"neumatico,neumaticos,protector de neumaticos",https://sibom.slyt.gba.gob.ar/bulletins/7031/contents/1721395,"Llamado Concurso de Precios n° 6/22, adquisición de Neumaticos para carretón de 3 ejes. ...",2022-05-31,2026-09-01,2026-09-01
sibom,https://sibom.slyt.gba.gob.ar/bulletins/7079/contents/1723794,Bahia Blanca,Decreto Nº1204 en el boletín 147º de Bahia Blanca,,31/05/2022,,,volumen_alto,no,"neumatico,neumaticos,protector de neumaticos",https://sibom.slyt.gba.gob.ar/bulletins/7079/contents/1723794,"Visto las presentes actuaciones, referidas a la adquisición de neumáticos para equipos viales, y; CONSIDERANDO ... […] autorizando al Departamento Ejecutivo la aceptación de la única oferta efectuada por la firma ALVAREZ NEUMATICOS S.A., para la provisión neumáticos para equipos viales, sancionada por ese Honorable Cuerpo con fecha 12 de mayo de 2022 y recibida ... […] A ARTICULO 1º: Promúlguese, acúsese recibo y regístrese bajo el Nº 20.662.- ARTICULO 2º: Adjudícase a ALVAREZ NEUMATICOS S.A. (Proveedor ...",2022-05-31,2026-09-01,2026-09-01
sibom,https://sibom.slyt.gba.gob.ar/bulletins/6977/contents/1716781,Vicente López,Ordenanza Nº37498 en el boletín 727º de Vicente López,,26/05/2022,,,objetivo,no,camara de aire,https://sibom.slyt.gba.gob.ar/bulletins/6977/contents/1716781,"ACEPTACIÓN de la donación de 1 (un) Aire Acondicionado Marca Midea de 5500 frigorias Frio/calor, elemento nuevo, por parte del Servicio de Voluntarias del Hospital Municipal ""Prof Bernardo A. Houssay"" dependiente de la Secretaria de Salud, con destino al Servicio de Laboratorio (1344), del citado nosocomio.- ...",2022-05-26,2026-09-01,2026-09-01
sibom,https://sibom.slyt.gba.gob.ar/bulletins/6977/contents/1716602,Vicente López,Ordenanza Nº37492 en el boletín 727º de Vicente López,,26/05/2022,,,objetivo,no,camara de aire,https://sibom.slyt.gba.gob.ar/bulletins/6977/contents/1716602,"ACEPTACION de la donación de 1 (un) Aire Acondicionado Marca Midea de 5500 frigorIas frio/calor, elemento nuevo, por parte del Servicio de Voluntarias del Hospital Municipal ""Prof. Bernardo A. Houssay"" dependiente de la Secretarla de Salud, con destino al Servicio de Pediatría —primer piso (1358), del citado nosocomio.- ...",2022-05-26,2026-09-01,2026-09-01
sibom,https://sibom.slyt.gba.gob.ar/bulletins/6977/contents/1716611,Vicente López,Ordenanza Nº37493 en el boletín 727º de Vicente López,,26/05/2022,,,objetivo,no,camara de aire,https://sibom.slyt.gba.gob.ar/bulletins/6977/contents/1716611,"ACEPTACIÓN de la donación de 1 (un) Aire Acondicionado Marca Midea de 5500 frigorIas frio/calor, elemento nuevo, por parte del Servicio de Voluntarias del Hospital Municipal ""Prof Bernardo A. Houssay"" dependiente de la Secretaría de Salud, con destino a! Servicio de Internación —primer piso Sala 4 (1353), del citado nosocomio.- ...",2022-05-26,2026-09-01,2026-09-01
sibom,https://sibom.slyt.gba.gob.ar/bulletins/6977/contents/1716792,Vicente López,Ordenanza Nº37502 en el boletín 727º de Vicente López,,26/05/2022,,,objetivo,no,camara de aire,https://sibom.slyt.gba.gob.ar/bulletins/6977/contents/1716792,"ACEPTACION de la donación de 1 (un) Aire Acondicionado Marca Midea de 4500 frigorIas (frio/calor) y 3 (tres) Aires acondicionados de 3000 frigorías (frio/calor), elementos nuevos, por parte del Servicio de Voluntarias ...",2022-05-26,2026-09-01,2026-09-01
sibom,https://sibom.slyt.gba.gob.ar/bulletins/6977/contents/1716569,Vicente López,Ordenanza Nº37489 en el boletín 727º de Vicente López,,26/05/2022,,,objetivo,no,camara de aire,https://sibom.slyt.gba.gob.ar/bulletins/6977/contents/1716569,"ACEPTACIÓN de la donación de 1 (un) Equipo Respirador Microprocesado Marca Neumovent neonatal pediátrico y adulto Modelo Graph, con accesorios completos (pie rodante, manguera de oxigeno y aire , cable de ilnea ... […] , filtro condensador de aire ), elemento usado, por parte de la firma SanyoColor S.A., con destino a! Servicio de Terapia Intensiva (1368) del Hospital Municipal ""Prof Dr. Bernardo A. Houssay"" dependiente de la Secretaria de Salud.- ...",2022-05-26,2026-09-01,2026-09-01
sibom,https://sibom.slyt.gba.gob.ar/bulletins/7004/contents/1716625,Bahia Blanca,Decreto Nº682 en el boletín 143º de Bahia Blanca,,19/05/2022,,,volumen_alto,no,"neumatico,neumaticos,protector de neumaticos",https://sibom.slyt.gba.gob.ar/bulletins/7004/contents/1716625,"Visto las presentes actuaciones, originadas por el Departamento Talleres y Maestranza, dependiente de la Secretaría de Gestión Urbana, referida a la adquisición de neumáticos - conforme Solicitud de Pedido Nº 1700/2022 ... […] MUNICIPAL, en uso de sus facultades: DECRETA ARTICULO 1º )- Adjudícar a ALVAREZ NEUMATICOS S.A (Proveedor Nº 5.649 ... […] ), la provisión de neumáticos , por única oferta económica conveniente a los intereses municipales, por la suma total de PESOS DOS MILLONES TRESCIENTOS NOVENTA Y DOS MIL ($2.392.000.-), en un todo de acuerdo ...",2022-05-19,2026-09-01,2026-09-01
sibom,https://sibom.slyt.gba.gob.ar/bulletins/7004/contents/1716589,Bahia Blanca,Decreto Nº666 en el boletín 143º de Bahia Blanca,,19/05/2022,,,volumen_alto,no,"neumatico,neumaticos",https://sibom.slyt.gba.gob.ar/bulletins/7004/contents/1716589,"Visto las presentes actuaciones, originadas por el Departamento Talleres y Maestranza, dependiente de la Secretaría de Gestión Urbana, referida a la adquisición de neumáticos - conforme Solicitud de Pedido Nº1154/2022 ... […] de Proveedoras, de las tres (3) que fueran invitadas a cotizar, según consta en los certificados de notificación; Que, el Jefe de Compras a fs. 19 sugiere se adjudique el item N° 1 y 3, al proveedor ALVAREZ NEUMATICOS S ... […] , en uso de sus facultades: DECRETA ARTICULO 1º )- Adjudícar a ALVAREZ NEUMATICOS S.A (Proveedor Nº 5.649), la provisión de los items N° 1 y 3 ...",2022-05-19,2026-09-01,2026-09-01
sibom,https://sibom.slyt.gba.gob.ar/bulletins/6971/contents/1717877,Mercedes,Decreto Nº692/2022 en el boletín 50º de Mercedes,,17/05/2022,,,volumen_alto,no,"cubierta,cubiertas,gomeria",https://sibom.slyt.gba.gob.ar/bulletins/6971/contents/1717877,"a ello, se ha previsto la adquisición de cubiertas . Que atento a la estimación de los valores en el mercado, resulta necesario licitar su compra conforme los procedimientos que prevé la Ley Orgánica ... […] Lo actuado en Expediente Administrativo Nº 1358/2022, caratulado “Licitación Privada Nº 27/2022 s/ Adquisición de cubiertas para stock de gomería”, ... […] . ARTICULO 2°) Declárese desierto el primer llamado a Licitación Privada N° 27/2022 para la adquisición de cubiertas para stock de gomería ...",2022-05-17,2026-09-01,2026-09-01
sibom,https://sibom.slyt.gba.gob.ar/bulletins/6971/contents/1716586,Mercedes,Decreto Nº609/2022 en el boletín 50º de Mercedes,,17/05/2022,,,volumen_alto,no,gomeria,https://sibom.slyt.gba.gob.ar/bulletins/6971/contents/1716586,"Que la necesidad de proveer a la Subsecretaría de Servicios Públicos elementos para el depósito que le permitan cubrir los requerimientos operativos de los próximos meses. Que atento ... […] Lo actuado en Expediente Administrativo Nº 1358/2022, caratulado “Licitación Privada Nº 27/2022 s/ Adquisición de cubiertas para stock de gomería ”, ... […] . ARTICULO 2º) Llámese a Licitación Privada Nº 27/2022 para la adquisición de cubiertas para stock de gomería . ARTICULO 3 ...",2022-05-17,2026-09-01,2026-09-01
sibom,https://sibom.slyt.gba.gob.ar/bulletins/6869/contents/1705003,Nueve de Julio,Decreto Nº584/2022 en el boletín 66º de Nueve de Julio,,16/05/2022,,adjudicada,volumen_alto,no,"neumatico,neumaticos,protector de neumaticos",https://sibom.slyt.gba.gob.ar/bulletins/6869/contents/1705003,"Que corresponde dictar acto administrativo expreso, de conformidad a las constancias enunciadas ... […] NO-2022-00008861-MUNINUE-SSC#SAH. El expediente Nº 4082-112/2022. El informe de la Oficina de Compras que aconseja la adquisición a la firma que presentara la oferta mas conveniente a los intereses del Municipio ... […] LICITACIÓN PUBLICA Nº 2 - COMPRA DE NEUMÁTICOS - ADJUDICACIÓN. ...",2022-05-16,2026-09-01,2026-09-01
sibom,https://sibom.slyt.gba.gob.ar/bulletins/6869/contents/1709479,Nueve de Julio,Decreto Nº645/2022 en el boletín 66º de Nueve de Julio,,16/05/2022,,adjudicada,volumen_alto,no,"neumatico,neumaticos,protector de neumaticos",https://sibom.slyt.gba.gob.ar/bulletins/6869/contents/1709479,"Que corresponde dictar acto administrativo expreso, de conformidad a las constancias enunciadas ... […] La comunicación NO–2022-00009988-MUNINUE-SSC#SAH. El expediente Nº 4082-256/2022. La solicitud de la Secretaría de Secretaría de Gobierno y la Secretaría de Vivienda y Urbanismo. Las invitaciones a cotizar ... […] LICITACIÓN PRIVADA Nº 16 - COMPRA DE NEUMÁTICOS - ADJUDICACIÓN. ...",2022-05-16,2026-09-01,2026-09-01
sibom,https://sibom.slyt.gba.gob.ar/bulletins/6869/contents/1705094,Nueve de Julio,Licitación Nº16/2022 en el boletín 66º de Nueve de Julio,,16/05/2022,,,volumen_alto,no,"neumatico,neumaticos,protector de neumaticos",https://sibom.slyt.gba.gob.ar/bulletins/6869/contents/1705094,"Autorízase el llamado a licitación privada Nº 16 para la compra de neumáticos para el área de la Secretaría de Gobierno y Secretaria de Vivienda y Urbanismo, a llevarse a cabo el día 13 de abril de 2022 a las 10:00 hs. en la Subsecretaría de Contrataciones de esta Municipalidad. ...",2022-05-16,2026-09-01,2026-09-01
sibom,https://sibom.slyt.gba.gob.ar/bulletins/6479/contents/1686295,Saladillo,Decreto Nº1799/2021 en el boletín 76º de Saladillo,,13/05/2022,,,volumen_alto,no,"cubierta,cubiertas",https://sibom.slyt.gba.gob.ar/bulletins/6479/contents/1686295,"que el Subsecretario de Servicios Públicos, adjunta la documentación solicitada e informa que el presupuesto oficial para adquirir las cubiertas mencionadas es de $ 1.644.000,00 ... […] del cual se llama a Concurso de Precios N° 35/2021 para la adquisición de 14 cubiertas para camión, cargadora y motoniveladora de Servicios Urbanos y Red Vial; QUE, se invitaron ... […] al pliego del presente procedimiento de contratación disponía que: en cuanto al ítem 3 requería cubiertas 16.70.20 de 12 telas y en el ítem 4 requería cubiertas 1300x24 de 16 telas ...",2022-05-13,2026-09-01,2026-09-01
sibom,https://sibom.slyt.gba.gob.ar/bulletins/6827/contents/1710837,Chivilcoy,Decreto Nº433 en el boletín 55º de Chivilcoy,,13/05/2022,,,volumen_alto,no,"llanta,llantas",https://sibom.slyt.gba.gob.ar/bulletins/6827/contents/1710837,"que, por lo expuesto, el Concurso de Precios convocado se regirá por los términos y requisitos establecidos en los Pliegos de bases y Condiciones Generales, Particulares y de Especificaciones Técnicas, que, como documentación licitatoria ... […] el expediente Nº 4031-233641/22 mediante el cual se solicita la adquisición de cubiertas y llantas para camión Ford cargo 1.716 de la Dirección de Pavimento, perteneciente a la Secretaria de Obras y Servicios Públicos ... […] Llamado Concurso de Precios N° 14/22 ...",2022-05-13,2026-09-01,2026-09-01
sibom,https://sibom.slyt.gba.gob.ar/bulletins/6479/contents/1669736,Saladillo,Decreto Nº942/2021 en el boletín 76º de Saladillo,,13/05/2022,,,volumen_alto,no,protector de neumaticos,https://sibom.slyt.gba.gob.ar/bulletins/6479/contents/1669736,Protectora de Desvalidos de Saladillo ...,2022-05-13,2026-09-01,2026-09-01
sibom,https://sibom.slyt.gba.gob.ar/bulletins/6834/contents/1711793,Tapalqué,Decreto Nº0150 en el boletín 57º de Tapalqué,,12/05/2022,,adjudicada,volumen_alto,no,"cubierta,cubiertas",https://sibom.slyt.gba.gob.ar/bulletins/6834/contents/1711793,"VISTO : El llamado a Concurso de Precios N° 9/2022 para la adquisición de 8 cubiertas para máquinas viales para el día 11 de marzo de 2022 a las 10,00 horas, en la Oficina de Compras de la Municipalidad ... […] ARTÍCULO 1°: Adjudicase el Concurso de Precios N° 9/2022 para la adquisición de 8 cubiertas para máquinas viales que se tramita bajo expediente N° 4111-039/22 ... […] 8 CUBIERTA P/AUTOMOTOR ...",2022-05-12,2026-09-01,2026-09-01
sibom,https://sibom.slyt.gba.gob.ar/bulletins/6834/contents/1711788,Tapalqué,Decreto Nº0149 en el boletín 57º de Tapalqué,,12/05/2022,,,volumen_alto,no,"cubierta,cubiertas",https://sibom.slyt.gba.gob.ar/bulletins/6834/contents/1711788,"VISTO: La necesidad por parte de esta Municipalidad de proceder al llamado concurso de precios N° 9/2022 para la adquisición de 8 cubiertas para máquinas viales, y; CONSIDERANDO: 1) La necesidad ... […] a proceder al llamado a Concurso de Precios N° 9/2022 para la adquisición de 8 cubiertas para máquinas viales que se tramita mediante expediente N° 4111-039/22, según la siguiente categoría programática ... […] Por ello el Intendente Municipal, en uso de sus facultades decreta ...",2022-05-12,2026-09-01,2026-09-01
sibom,https://sibom.slyt.gba.gob.ar/bulletins/6980/contents/1715712,General Pueyrredon,Resolución Nº0716/22 en el boletín 294º de General Pueyrredon,,12/05/2022,,,volumen_alto,no,"llanta,llantas",https://sibom.slyt.gba.gob.ar/bulletins/6980/contents/1715712,Que se ha cumplido con las formalidades de Concurso de Precios en Primer Llamado según da cuenta la documentación de fojas 17 a 65 inclusive ... […] las presentes actuaciones donde se tramita el Concurso de Precios Nº 02/22 para la “Adquisición de llantas y cubiertas con destino Secretaría de Seguridad”; y ... […] ARTÍCULO 1°.- Aprobar el Concurso de Precios N° 02/22 Primer y Segundo Llamado para la “Adquisición de llantas y cubiertas con destino ...,2022-05-12,2026-09-01,2026-09-01
sibom,https://sibom.slyt.gba.gob.ar/bulletins/6980/contents/1713871,General Pueyrredon,Resolución Nº0678/22 en el boletín 294º de General Pueyrredon,,12/05/2022,,,volumen_alto,no,camara de aire,https://sibom.slyt.gba.gob.ar/bulletins/6980/contents/1713871,"Que se ha cumplido con las formalidades de concurso de precios según da cuenta la documentación obrante a fojas 151 a 340 inclusive ... […] las presentes actuaciones donde se tramita el Concurso de Precios Nº 116/21 para la “Contratación de la provisión, reacondicionamiento, instalación y mantenimiento programado de equipos de aire acondicionado con destino varias Dependencia Municipales”; y ... […] de equipos de aire acondicionado con destino varias Dependencias Municipales”, cuya apertura de sobres fuera efectuada el día 15 de Marzo de 2022 de a las 10:03 horas y la mejora de ofertas que fue",2022-05-12,2026-09-01,2026-09-01
sibom,https://sibom.slyt.gba.gob.ar/bulletins/6834/contents/1711873,Tapalqué,Decreto Nº0154 en el boletín 57º de Tapalqué,,12/05/2022,,,volumen_alto,no,"bateria,baterias",https://sibom.slyt.gba.gob.ar/bulletins/6834/contents/1711873,"para la adquisición y colocación de dos baterías solares para la Escuela primaria N° 19 paraje “El Tuyutí”, y; CONSIDERANDO : 1) Que la colocación de las mismas es de alta prioridad ya que se necesita ... […] cuatrocientos con 00/100) que serán destinados para la adquisición y colocación de dos baterías solares para la Escuela primaria N° 19 paraje “El Tuyutí”. N° DE CUENTA: 20037/0 CBU ... […] Por ello el Intendente Municipal, en uso de sus facultades decreta ...",2022-05-12,2026-09-01,2026-09-01
sibom,https://sibom.slyt.gba.gob.ar/bulletins/6991/contents/1714641,General Alvear,Decreto Nº268 en el boletín 16º de General Alvear,,10/05/2022,,,volumen_alto,no,"cubierta,cubiertas",https://sibom.slyt.gba.gob.ar/bulletins/6991/contents/1714641,"Que los oferentes invitados no presentaron ofertas ... […] El Expte. Nº 4039-15851/2022 por el cual se llama a Concurso de Precio Nº 13 , referente a: “Refaccion de Cubierta de Cine y Teatro Español”, por un costo aproximado de pesos un millón setecientos cincuenta y tres mil quinientos treinta y uno con ochenta y cinco centavos ($ 1.753.531,85) ... […] ARTICULO 1º: Declárese Desierto el Concurso de Precio Nº 13/2022 (Expte. Nº 4039-155851/2022) referente a “Refacción de Cubierta de Cine y Teatro Español”.- ARTICULO 2º: Comuníquese, publíquese, regístrese.- ...",2022-05-10,2026-09-01,2026-09-01
sibom,https://sibom.slyt.gba.gob.ar/bulletins/6952/contents/1711384,Tandil,Decreto Nº1408/2022 en el boletín 125º de Tandil,,04/05/2022,,adjudicada,volumen_alto,no,"neumatico,neumaticos,protector de neumaticos",https://sibom.slyt.gba.gob.ar/bulletins/6952/contents/1711384,", según consta a Órden 9, cotizando dos (2) de los proveedores de los invitados, Larocca Neumáticos S.A. y Jelpamar S.A., desestimándose en ese acto la propuesta presentada por la firma Larocca Neumáticos S.A. por no cumplir con los art. 7º, inc. b ... […] ) y 8º del Pliego de Bases y Condiciones. Que la Dirección Gral. de Higiene y Servicios Urbanos, en Orden 13, sugiere la adjudicación a la firma Jelpamar S.A. porque los neumáticos ofrecidos se ajustan ... […] El Concurso de Precios Nº 55-03-22 “Adquisición de Neumáticos para Servicios""; y, ...",2022-05-04,2026-09-01,2026-09-01
sibom,https://sibom.slyt.gba.gob.ar/bulletins/6918/contents/1708645,General Pueyrredon,Resolución Nº063-092 en el boletín 290º de General Pueyrredon,,22/04/2022,,,volumen_alto,no,"llanta,llantas",https://sibom.slyt.gba.gob.ar/bulletins/6918/contents/1708645,"que el día 16 de noviembre del 2021 circulaba por av. Edison cuando en la intersección con la calle El Cano cae a un supuesto pozo, produciéndose la rotura de neumático y llanta de su vehículo ...",2022-04-22,2026-09-01,2026-09-01
sibom,https://sibom.slyt.gba.gob.ar/bulletins/6870/contents/1704731,General Pueyrredon,Resolución Nº93/22 en el boletín 282º de General Pueyrredon,,12/04/2022,,,volumen_alto,no,"llanta,llantas",https://sibom.slyt.gba.gob.ar/bulletins/6870/contents/1704731,"reclamo administrativo por el cual reclama que el día 16 de noviembre del 2021 circulaba por av. Edison cuando en la intersección con la calle El Cano cae a un supuesto pozo, produciéndose la rotura de neumático y llanta de su vehículo ...",2022-04-12,2026-09-01,2026-09-01
sibom,https://sibom.slyt.gba.gob.ar/bulletins/6727/contents/1703899,Nueve de Julio,Ordenanza Nº6627/2021 en el boletín 65º de Nueve de Julio,,11/04/2022,,,volumen_alto,no,"neumatico,neumaticos,protector de neumaticos",https://sibom.slyt.gba.gob.ar/bulletins/6727/contents/1703899,"P UBLICA Nº 2: ADQUISICION DE NEUMATICOS EN COTIZACION Nº 1288 ITEMS Nº 2 Y 4 . VISTO ... […] : El expediente Nº 4082-112/2022 CONSIDERANDO: Que se han dado inicio a las actuaciones a los fines de adquirir neumáticos (cubiertas, cámaras y protectores) para ser utilizados en la Secretaría de Obras ... […] ) propuestas resultando oferentes Albici Neumáticos S.R.L., Destefano Nora Edith y Suc. Lecumberri Hugo Alberto. Que se presentó sólo una propuesta en la Cotización Nº 1288 de los Item Nº 2 y 4 por parte de la firma Albici Neumáticos S.R.L ...",2022-04-11,2026-09-01,2026-09-01
sibom,https://sibom.slyt.gba.gob.ar/bulletins/6765/contents/1694586,General Villegas,Ordenanza Nº6281/22 en el boletín 115º de General Villegas,,06/04/2022,,,volumen_alto,no,recapado,https://sibom.slyt.gba.gob.ar/bulletins/6765/contents/1694586,"VISTO: El Expte 12392/2021. Iniciado po la Directora de Rentas , elevando el proyecto de odenanza tendiente a actualizar ... […] 71400-09 Gomerías, vulcanización, recapado , etc ... […] 71400-09 Gomerías, vulcanización, recapado , etc ...",2022-04-06,2026-09-01,2026-09-01
sibom,https://sibom.slyt.gba.gob.ar/bulletins/6773/contents/1696075,Tapalqué,Decreto Nº0083 en el boletín 56º de Tapalqué,,04/04/2022,,adjudicada,volumen_alto,no,"cubierta,cubiertas",https://sibom.slyt.gba.gob.ar/bulletins/6773/contents/1696075,"VISTO : El llamado a Concurso de Precios para la adquisición de cubiertas para vehículos y maquinarias viales para el día 09 de febrero de 2022 a las 10,00 horas, en la Oficina de Compras de la Municipalidad ... […] ARTÍCULO 1°: Adjudicase el Concurso de Precios para la adquisición de cubiertas para vehículos y maquinarias viales ... […] 2 CUBIERTA P/AUTOMOTOR - CUBIERTA 17-5-25 DE TACO - 12 TELAS ...",2022-04-04,2026-09-01,2026-09-01
sibom,https://sibom.slyt.gba.gob.ar/bulletins/6773/contents/1695444,Tapalqué,Decreto Nº0058 en el boletín 56º de Tapalqué,,04/04/2022,,,volumen_alto,no,"cubierta,cubiertas",https://sibom.slyt.gba.gob.ar/bulletins/6773/contents/1695444,"VISTO: La necesidad por parte de esta Municipalidad de proceder al llamado concurso de precios para la adquisición de cubiertas para vehículos y maquinas viales, y; CONSIDERANDO: La necesidad de autorizar a la Oficina de Compras del Municipio a proceder al llamado a Concurso de Precios, ... […] ARTICULO 1º: Autorízase a la Oficina de Compras de esta Municipalidad a proceder al llamado a Concurso de Precios para la adquisición de cubiertas ... […] Por ello el Intendente Municipal, en uso de sus facultades decreta ...",2022-04-04,2026-09-01,2026-09-01
sibom,https://sibom.slyt.gba.gob.ar/bulletins/6774/contents/1697259,General San Martín,Decreto Nº00016/22 en el boletín 1850º de General San Martín,,31/03/2022,,,objetivo,no,"cubierta,cubiertas",https://sibom.slyt.gba.gob.ar/bulletins/6774/contents/1697259,"Declarando desierto el 1º llamado a Licitación Privada Nº 139, CUBIERTAS .- ...",2022-03-31,2026-09-01,2026-09-01
sibom,https://sibom.slyt.gba.gob.ar/bulletins/6774/contents/1697760,General San Martín,Decreto Nº00040/22 en el boletín 1850º de General San Martín,,31/03/2022,,,objetivo,no,"cubierta,cubiertas",https://sibom.slyt.gba.gob.ar/bulletins/6774/contents/1697760,Aprobando Licitación Privada Nº 93/21 Programa Haciendo Escuelas: Cambio de cubiertas de chapa en la Escuela Secundaria Nº 46.- ...,2022-03-31,2026-09-01,2026-09-01
sibom,https://sibom.slyt.gba.gob.ar/bulletins/6513/contents/1675079,Chacabuco,Decreto Nº1304/21 en el boletín 63º de Chacabuco,,28/03/2022,,,volumen_alto,no,camara de aire,https://sibom.slyt.gba.gob.ar/bulletins/6513/contents/1675079,"La nota presentada por la Secretaría de Desarrollo Social, por la que solicita se declare de Interés Municipal la actividad Planificada por el Área de Adultos Mayores en relación a conmemorar el cierre anual de actividades de los talleres: “ AIRE ... […] DE TANGO Y AM ACTIVOS (ADULTOA MAYORES). Por lo antes expuesto, y entendiendo el marco actual de pandemia, se ha elaborado una Jornada Recreativa al Aire Libre, alusivo a tal fecha, que incluirá espectáculo musical – cultural y refrigerio ... […] DECLARANDO DE INTERÉS MUNICIPAL “ AIRE DE TANGO Y AM ACTIVOS (ADULTOS MAYORES ACTIVOS). ...",2022-03-28,2026-09-01,2026-09-01
sibom,https://sibom.slyt.gba.gob.ar/bulletins/6704/contents/1690699,Bragado,Decreto Nº183 en el boletín 80º de Bragado,,28/03/2022,,,volumen_alto,no,protector de neumaticos,https://sibom.slyt.gba.gob.ar/bulletins/6704/contents/1690699,"por el oferente “NEUMYSER S.A”, el oferente “ALBICI NEUMATICOS S.R.L” y el oferente “DESTEFANO NORA EDITH”, por no tener objeción alguna para formular y ser las propuestas más convenientes a los intereses municipales; Por ello: ... […] VISTO: El llamado a Licitación Privada Nº 5/2022 referente a la adquisición de cubiertas con cámaras y protectores para vehículos del área de Desarrollo Urbano Ambiental de la Municipalidad de Bragado; y, ... […] ARTICULO 1º.- ADJUDICAR la Licitación Privada Nº 5/2022 referente a la adquisición de cubiertas con cámaras y protectores para vehículos del área de De",2022-03-28,2026-09-01,2026-09-01
sibom,https://sibom.slyt.gba.gob.ar/bulletins/6704/contents/1689095,Bragado,Decreto Nº130 en el boletín 80º de Bragado,,28/03/2022,,,volumen_alto,no,protector de neumaticos,https://sibom.slyt.gba.gob.ar/bulletins/6704/contents/1689095,"CONSIDERANDO: Que dicha institución brinda su colaboración, dedicación y compromiso a través del cuidado, la alimentación, el resguardo, revisiones y/o asistencia veterinaria, entre otros, a la fauna urbana ... […] VISTO: Que este municipio brinda apoyo desde hace varios años a la “Sociedad Protectora de Animales de Bragado” con el aporte de subsidios, a los fines de colaborar con la labor a la que se encuentra avocada; y, ... […] ARTICULO 1°.- OTORGAR a la SOCIEDAD PROTECTORA DE ANIMALES DE BRAGADO un subsidio por la suma de PESOS VEINTICUATRO MIL SEISCIENTOS CON NOVENTA CENTAVOS ($ 24.600,90",2022-03-28,2026-09-01,2026-09-01
sibom,https://sibom.slyt.gba.gob.ar/bulletins/6732/contents/1693927,General San Martín,Decreto Nº00131/22 en el boletín 1848º de General San Martín,,21/03/2022,,,objetivo,no,"cubierta,cubiertas",https://sibom.slyt.gba.gob.ar/bulletins/6732/contents/1693927,"Aprobando Licitacion Privada Nº 139/21 (2º llamado), provisión de CUBIERTAS .- ...",2022-03-21,2026-09-01,2026-09-01
sibom,https://sibom.slyt.gba.gob.ar/bulletins/6732/contents/1694135,General San Martín,Decreto Nº00144/22 en el boletín 1848º de General San Martín,,21/03/2022,,,objetivo,no,"cubierta,cubiertas",https://sibom.slyt.gba.gob.ar/bulletins/6732/contents/1694135,Aprobando Licitación Pública Nº 56/21 PROGRAMA HACIENDO ESCUELA : CAMBIO DE CUBIERTA ESCUELA PRIMARIA Nº 47.- ...,2022-03-21,2026-09-01,2026-09-01
sibom,https://sibom.slyt.gba.gob.ar/bulletins/6667/contents/1686807,Trenque Lauquen,Decreto Nº2312/2021 en el boletín 95º de Trenque Lauquen,,07/03/2022,,,volumen_alto,no,"llanta,llantas",https://sibom.slyt.gba.gob.ar/bulletins/6667/contents/1686807,".- Que se llevará a cabo en las instalaciones del Club Social y Deportivo Tres Llantas de nuestra ciudad.- Que La Sra. Inspectora Jefe Distrital María Alejandra Marino ... […] El expediente Nº 2487/21 ... […] 2312-21 SUBSIDIO NO REINTEGRABLE - HERRERO,SANDRA MARIELA - PROGRAMA ACTE ...",2022-03-07,2026-09-01,2026-09-01
sibom,https://sibom.slyt.gba.gob.ar/bulletins/6596/contents/1678712,Bragado,Decreto Nº12 en el boletín 78º de Bragado,,17/02/2022,,,volumen_alto,no,protector de neumaticos,https://sibom.slyt.gba.gob.ar/bulletins/6596/contents/1678712,"CONSIDERANDO: Que dicha institución brinda su colaboración, dedicación y compromiso a través del cuidado, la alimentación, el resguardo, revisiones y/o asistencia veterinaria, entre otros, a la fauna urbana ... […] VISTO: Que este municipio brinda apoyo desde hace varios años a la “Sociedad Protectora de Animales de Bragado” con el aporte de subsidios, a los fines de colaborar con la labor a la que se encuentra avocada; y, ... […] ARTICULO 1°.- OTORGAR a la SOCIEDAD PROTECTORA DE ANIMALES DE BRAGADO un subsidio por la suma de PESOS VEINTIUN MIL QUINIENTOS CUARENTA Y OCHO ($ 21.548.-), correspo",2022-02-17,2026-09-01,2026-09-01
sibom,https://sibom.slyt.gba.gob.ar/bulletins/6596/contents/1679345,Bragado,Decreto Nº25 en el boletín 78º de Bragado,,17/02/2022,,,volumen_alto,no,"bateria,baterias",https://sibom.slyt.gba.gob.ar/bulletins/6596/contents/1679345,"CONSIDERANDO: Que dicha empresa se encuentra comprendida por la normativa vigente, Que corresponde al Departamento Ejecutivo otorgar las exenciones correspondientes; por ello ... […] por la Ordenanza N° 1200/90 de Promoción Industrial, a la empresa BATERIAS ELPRA S.A.; La modificación impuesta en la mencionada norma a través de la Ordenanza 3758/09; y, ... […] ARTICULO 1º.- OTORGAR a la empresa BATERIAS ELPRA S.A. los beneficios previstos por la Ordenanza Nº 3758/09 de Promoción Industrial, según los art. 3º y 4º de la misma. ARTICULO 2º.- Los beneficios ...",2022-02-17,2026-09-01,2026-09-01
sibom,https://sibom.slyt.gba.gob.ar/bulletins/6624/contents/1680829,Campana,Decreto Nº64/22 en el boletín 212º de Campana,,16/02/2022,,,objetivo,no,camara de aire,https://sibom.slyt.gba.gob.ar/bulletins/6624/contents/1680829,"Disponiendo la Contratación Directa, para el servicio de mantenimiento y reparación de aire central para la UHSJ, con la firma LBT S.A. ...",2022-02-16,2026-09-01,2026-09-01
sibom,https://sibom.slyt.gba.gob.ar/bulletins/6610/contents/1679667,General Pueyrredon,Resolución Nº0193/22 en el boletín 270º de General Pueyrredon,,11/02/2022,,,volumen_alto,no,"bateria,baterias",https://sibom.slyt.gba.gob.ar/bulletins/6610/contents/1679667,"a la batería necesaria para el funcionamiento del Desfibrilador (DEA) perteneciente al Centro de Salud Alto Camet, el que se encuentra fuera del ejido urbano, por lo que es indispensable para garantizar la seguridad de riesgo de vida a los pacientes ... […] las presentes actuaciones donde se tramita el Concurso de Precios Nº 73/21 Segundo Llamado para la “Adquisición de repuestos y accesorios para equipos médicos con destino Secretaría de Salud ... […] UNIDAD/ES REPUESTOS Y ACCESORIOS PARA EQUIPOS MÉDICOS – BATERÍA DESFIBRILADORES E&M – BATERIA RECARGABLE ...",2022-02-11,2026-09-01,2026-09-01
sibom,https://sibom.slyt.gba.gob.ar/bulletins/6610/contents/1680118,General Pueyrredon,Resolución Nº0179/22 en el boletín 270º de General Pueyrredon,,11/02/2022,,,volumen_alto,no,"bateria,baterias",https://sibom.slyt.gba.gob.ar/bulletins/6610/contents/1680118,"Que el presente actuado se origina a raíz del faltante de dos (2) baterías de arranque del ómnibus dominio WGU 116, interno 297 registro patrimonial 55611 ... […] para la Dirección de Niñez y Juventud. Luego guardó el mismo alrededor del mediodía en el playón “El Gaucho”, que el día 14 de noviembre, al llegar a dicho lugar e intentar poner en marcha el móvil, constató el faltante de dos (2) baterías de arranque ... […] de la orden de compra referente a las dos (2) baterías sustraídas. Que a fs. 10 obra Resolución Nº 3589 de fecha 5 de diciembre de 2019 por medio de la cual se dispone ...",2022-02-11,2026-09-01,2026-09-01
sibom,https://sibom.slyt.gba.gob.ar/bulletins/6585/contents/1677777,General Pueyrredon,Resolución Nº0163/22 en el boletín 269º de General Pueyrredon,,09/02/2022,,,volumen_alto,no,"llanta,llantas",https://sibom.slyt.gba.gob.ar/bulletins/6585/contents/1677777,"Que se ha cumplido con las formalidades de Licitación Privada en Segundo Llamado, según da cuenta la documentación obrante a fojas 132 a 218 inclusive ... […] las presentes actuaciones donde se tramita la Licitación Privada Nº 60/21 Segundo Llamado para la “Adquisición de Cubiertas con destino Secretarías de Seguridad, Gobierno y Desarrollo Social ... […] UNIDADES LLANTA P/ AUTOMOTOR Y EQUIPO VIAL- MATERIAL ...",2022-02-09,2026-09-01,2026-09-01
sibom,https://sibom.slyt.gba.gob.ar/bulletins/6555/contents/1675633,Bahia Blanca,Resolución Nº460 en el boletín 134º de Bahia Blanca,,04/02/2022,,,volumen_alto,no,"llanta,llantas",https://sibom.slyt.gba.gob.ar/bulletins/6555/contents/1675633,"en la cubierta y llanta delantera izquierda de su vehículo marca Peugeot, modelo 308 Feline HDI, tipo sedan 5 puertas, dominio LZU 138, al impactar con un bache de grandes dimensiones, en calle Tierra del Fuego intersección Maestro Piccioli, el día 06 ...",2022-02-04,2026-09-01,2026-09-01
sibom,https://sibom.slyt.gba.gob.ar/bulletins/6555/contents/1675518,Bahia Blanca,Resolución Nº438 en el boletín 134º de Bahia Blanca,,04/02/2022,,,volumen_alto,no,"llanta,llantas",https://sibom.slyt.gba.gob.ar/bulletins/6555/contents/1675518,". María del Carmen para que le cambie la rueda ya que llovía y nadie la podía auxiliar, y que la Sra. SANTIAGO le manifestó que al agarrar un pozo en la intersección de calles Balboa y Agustín de Arrieta su rueda quedó en llanta , el testigo aclara ...",2022-02-04,2026-09-01,2026-09-01
sibom,https://sibom.slyt.gba.gob.ar/bulletins/6488/contents/1667285,Bragado,Decreto Nº1744 en el boletín 77º de Bragado,,03/02/2022,,,volumen_alto,no,protector de neumaticos,https://sibom.slyt.gba.gob.ar/bulletins/6488/contents/1667285,"CONSIDERANDO: Que dicha institución brinda su colaboración, dedicación y compromiso a través del cuidado, la alimentación, el resguardo, revisiones y/o asistencia veterinaria, entre otros, a la fauna urbana ... […] VISTO: Que este municipio brinda apoyo desde hace varios años a la “Sociedad Protectora de Animales de Bragado” con el aporte de subsidios, a los fines de colaborar con la labor a la que se encuentra avocada; y, ... […] ARTICULO 1°.- OTORGAR a la SOCIEDAD PROTECTORA DE ANIMALES DE BRAGADO un subsidio por la suma de PESOS VEINTIUN MIL QUINIENTOS CUARENTA Y OCHO ($ 21.548.-), correspo",2022-02-03,2026-09-01,2026-09-01
sibom,https://sibom.slyt.gba.gob.ar/bulletins/6534/contents/1672137,General San Martín,Decreto Nº1055/21 en el boletín 1842º de General San Martín,,21/01/2022,,,objetivo,no,"cubierta,cubiertas",https://sibom.slyt.gba.gob.ar/bulletins/6534/contents/1672137,Aprobando pliego Bases y Condiciones para la contratación de cambio de cubiertas de la Escuela de Educación Primaria Nº47 -Lic. Pca. 56/21.- ...,2022-01-21,2026-09-01,2026-09-01
sibom,https://sibom.slyt.gba.gob.ar/bulletins/6502/contents/1670592,Coronel Dorrego,Decreto Nº2351/2021 en el boletín 98º de Coronel Dorrego,,21/01/2022,,adjudicada,volumen_alto,no,camara de aire,https://sibom.slyt.gba.gob.ar/bulletins/6502/contents/1670592,"que de las 5 invitaciones cursadas, en el acto de apertura de sobres se registro lo siguiente: ALVAREZ NEUMATICOS S.A, cotizando $ 580.000,00 (Pesos Quinientos Ochenta Mil); GINER GERMAN ... […] el Concurso de Precios N° 83/21 formalizado el día 24/09/21 con el fin de adquirir 4 cubiertas 17/5/25 de 12 telas para motoniveladora Nº 559 afectada al mantenimiento de los Caminos Provinciales ... […] .4.0 Cubiertas y Cámaras de Aire - Fuente de Financiamiento: 132 de Origen Provincial. ARTICULO 5°) Comuníquese a la Dirección de Hacienda, Contaduría, Jefatura de Compras, demás que corresponda, dése ",2022-01-21,2026-09-01,2026-09-01
sibom,https://sibom.slyt.gba.gob.ar/bulletins/6403/contents/1664317,Moreno,Decreto Nº2673/21 en el boletín 256º de Moreno,,18/01/2022,,adjudicada,objetivo,no,"bateria,baterias",https://sibom.slyt.gba.gob.ar/bulletins/6403/contents/1664317,"Artículo 1: Adjudíquese el Concurso de Precios N 110/2021, para la adquisición de "" Baterías Rack"", solicitada por la secretaria de Desarrollo Comunitario, para equipar el centro de abastecimiento y mejorar el orden ...",2022-01-18,2026-09-01,2026-09-01
sibom,https://sibom.slyt.gba.gob.ar/bulletins/6365/contents/1659964,Bahia Blanca,Decreto Nº2997 en el boletín 132º de Bahia Blanca,,17/01/2022,,,volumen_alto,no,"neumatico,neumaticos,protector de neumaticos",https://sibom.slyt.gba.gob.ar/bulletins/6365/contents/1659964,", el Secretario de Seguridad y Protección Ciudadana sugiere se adjudique considerando el precio y caracteristicas de los productos cotizados, al proveedor ALVAREZ NEUMATICOS S.A los items N° 1 a 3, 5 a 7 y 8; al proveedor ALAUX SERVICIOS S.R.L. los items N ... […] ° 4, 7, 8 y 9, informa que respecto a los items N° 7 y 8 los mismos son complemento de servicios de los neumáticos sugeridos, con motivo de mantener validas las garantías de fabrica de los neumáticos , siendo la alineación y balanceo servicios ... […] esenciales en la durabilidad del neumático ; Que, el Jefe de Compras a fs. 124 mani",2022-01-17,2026-09-01,2026-09-01
sibom,https://sibom.slyt.gba.gob.ar/bulletins/6252/contents/1648631,Lujan,Decreto Nº1202 en el boletín 29º de Lujan,,03/01/2022,,,objetivo,no,"bateria,baterias",https://sibom.slyt.gba.gob.ar/bulletins/6252/contents/1648631,DENUNCIA FALTA DE BATERIA DE TRACTOR DE ENFARDADORA EN EL TALLER MUNICIPAL N° 1 ...,2022-01-03,2026-09-01,2026-09-01
sibom,https://sibom.slyt.gba.gob.ar/bulletins/6380/contents/1660129,La Plata,Ordenanza Nº12199 en el boletín 1213º de La Plata,,22/12/2021,,,objetivo,no,"cubierta,cubiertas",https://sibom.slyt.gba.gob.ar/bulletins/6380/contents/1660129,Expte. 71995 ... […] . a.1) Micro y pequeña escala: establecimientos cuya superficie cubierta total no supera los 1000 m2. Requisitos y limitaciones: - Locales comerciales: Superficie ... […] mínima 16 m2. - Depósito: mínimo 10% de la superficie cubierta total cuando supere los 150m2. - Carga y descarga: un módulo de 28 m2 cuando supere los 300 m2 de superficie cubierta ...,2021-12-22,2026-09-01,2026-09-01
sibom,https://sibom.slyt.gba.gob.ar/bulletins/6367/contents/1658905,General Pueyrredon,Resolución Nº2288/21 en el boletín 259º de General Pueyrredon,,22/12/2021,,,volumen_alto,no,"bateria,baterias",https://sibom.slyt.gba.gob.ar/bulletins/6367/contents/1658905,"plástica voltaje 5V a considerarse en el ítem nº 3 y adjunta informe de fecha 22/06/2021 donde se solicita cambio de central, teclado, cableado, sirena exterior y comunicador Gsm/Gprs/Sms Backup Celular y batería solamente (sensores ... […] las presentes actuaciones donde se tramita el Concurso de Precios Nº 88/21 para la “Provisión e instalación de centrales de alarmas con destino Secretaria de Educación y Secretaria de Desarrollo Social ... […] ) BATERÍAS 12V 7A -DOS (2) SIRENAS EXTERIOR DE GRAN ALCANCE CON LED DE ESTADO MICROPROCESADA NIVEL SONORO 120 DB -DOS (2) SIRENAS INTERIOR NIVEL SONO",2021-12-22,2026-09-01,2026-09-01
sibom,https://sibom.slyt.gba.gob.ar/bulletins/6309/contents/1654381,Bragado,Decreto Nº1596 en el boletín 73º de Bragado,,21/12/2021,,,volumen_alto,no,protector de neumaticos,https://sibom.slyt.gba.gob.ar/bulletins/6309/contents/1654381,"CONSIDERANDO: Que dicha institución brinda su colaboración, dedicación y compromiso a través del cuidado, la alimentación, el resguardo, revisiones y/o asistencia veterinaria, entre otros, a la fauna urbana ... […] VISTO: Que este municipio brinda apoyo desde hace varios años a la “Sociedad Protectora de Animales de Bragado” con el aporte de subsidios, a los fines de colaborar con la labor a la que se encuentra avocada; y, ... […] ARTICULO 1°.- OTORGAR a la SOCIEDAD PROTECTORA DE ANIMALES DE BRAGADO un subsidio por la suma de PESOS VEINTE MIL SEISCIENTOS CUATRO CON OCHENTA CENTAVOS ($ 20.604,8",2021-12-21,2026-09-01,2026-09-01
sibom,https://sibom.slyt.gba.gob.ar/bulletins/6262/contents/1651334,Bahia Blanca,Decreto Nº2584 en el boletín 130º de Bahia Blanca,,10/12/2021,,,volumen_alto,no,"neumatico,neumaticos,protector de neumaticos",https://sibom.slyt.gba.gob.ar/bulletins/6262/contents/1651334,"Visto las presentes actuaciones, originadas por la Subsecretaría de Seguridad y Protección Ciudadana, dependiente de la Secretaría de Gobierno, referida a la adquisición de neumáticos para móviles policiales ... […] )- Adjudícase a ALVAREZ NEUMATICOS S.A (Proveedor Nº 5.649), la provisión de neumáticos para móviles policiales, por la suma total de PESOS TRES MILLONES TRESCIENTOS QUINCE MIL CIENTO VEINTICUATRO ($3.315.124,00 ...",2021-12-10,2026-09-01,2026-09-01
sibom,https://sibom.slyt.gba.gob.ar/bulletins/6233/contents/1647727,Trenque Lauquen,Decreto Nº1715/2021 en el boletín 90º de Trenque Lauquen,,01/12/2021,,,volumen_alto,no,"llanta,llantas",https://sibom.slyt.gba.gob.ar/bulletins/6233/contents/1647727,"Que en ellas el Sr. SOTO, JOSÉ LUIS, solicita se realicen los trámites necesarios para proceder a la escrituración, por intermedio de la Escribanía General de Gobierno, de la vivienda ... […] Las actuaciones obrantes en el Expediente Nº 4115-073/2021 ... […] 1715-21 Declara Interés Social Escritura Soto José Luis Bo. Tres LLantas ...",2021-12-01,2026-09-01,2026-09-01
sibom,https://sibom.slyt.gba.gob.ar/bulletins/6127/contents/1636977,Coronel Dorrego,Decreto Nº1601/2021 en el boletín 94º de Coronel Dorrego,,26/11/2021,,adjudicada,volumen_alto,no,"cubierta,cubiertas",https://sibom.slyt.gba.gob.ar/bulletins/6127/contents/1636977,aaaaaaaaaa ... […] .A. ROSELLO ROBERTO RUBÉN 4 cubiertas 275/80/22 ... […] .- $322.696.- 4 cubiertas 275/80/22.5 con taco ...,2021-11-26,2026-09-01,2026-09-01
sibom,https://sibom.slyt.gba.gob.ar/bulletins/6167/contents/1641073,Bragado,Decreto Nº1448 en el boletín 70º de Bragado,,23/11/2021,,,volumen_alto,no,protector de neumaticos,https://sibom.slyt.gba.gob.ar/bulletins/6167/contents/1641073,"CONSIDERANDO: Que dicha institución brinda su colaboración, dedicación y compromiso a través del cuidado, la alimentación, el resguardo, revisiones y/o asistencia veterinaria, entre otros, a la fauna urbana ... […] VISTO: Que este municipio brinda apoyo desde hace varios años a la “Sociedad Protectora de Animales de Bragado” con el aporte de subsidios, a los fines de colaborar con la labor a la que se encuentra avocada; y, ... […] ARTICULO 1°.- OTORGAR a la SOCIEDAD PROTECTORA DE ANIMALES DE BRAGADO un subsidio por la suma de PESOS DIECIOCHO MIL DOSCIENTOS TREINTA Y SIETE CON CUARENTA Y NUEVE ",2021-11-23,2026-09-01,2026-09-01
sibom,https://sibom.slyt.gba.gob.ar/bulletins/6024/contents/1628730,Coronel Suárez,Decreto Nº1583/2021 en el boletín 109º de Coronel Suárez,,17/11/2021,,,volumen_alto,no,"neumatico,neumaticos,protector de neumaticos",https://sibom.slyt.gba.gob.ar/bulletins/6024/contents/1628730,"Que en el mismo cotizaron DOS firmas, efectuándose la correspondiente compulsa, según consta en la documentación adjunta al presente ... […] el Concurso de Precios nº 27/2021 realizado en el Expediente de referencia, para la adquisición de “10 NEUMÁTICOS ”, para la Secretaría de Servicios Públicos, y- ... […] de - - - - “10 NEUMÁTICOS PARA MAQUINARIAS”, dependiente de la Secretaría de Servicios Públicos, de acuerdo a lo expuesto en los considerandos del presente, a saber ...",2021-11-17,2026-09-01,2026-09-01
sibom,https://sibom.slyt.gba.gob.ar/bulletins/6024/contents/1633864,Coronel Suárez,Decreto Nº1763/2021 en el boletín 109º de Coronel Suárez,,17/11/2021,,,volumen_alto,no,"cubierta,cubiertas",https://sibom.slyt.gba.gob.ar/bulletins/6024/contents/1633864,"la nota presentada a ésta Comuna por el Sr. GARCIA CARLOS ALFREDO, por la que solicita autorización para habilitar un negocio bajo el rubro COCHERA CUBIERTA y atento a los informes producidos por las oficinas respectivas, ... […] -- - - - 23-12455739-9 - para habilitar un negocio bajo el rubro de: COCHERA CUBIERTA , ubicada en calle ... […] el Intendente Municipal del Partido en uso de sus atribuciones- D E C R E T ...",2021-11-17,2026-09-01,2026-09-01
sibom,https://sibom.slyt.gba.gob.ar/bulletins/6024/contents/1634386,Coronel Suárez,Decreto Nº1777/2021 en el boletín 109º de Coronel Suárez,,17/11/2021,,,volumen_alto,no,"bateria,baterias",https://sibom.slyt.gba.gob.ar/bulletins/6024/contents/1634386,"es digno de destacar al grupo musical “ACUARIO” se formó en el año 1981, siendo sus integrantes Aníbal Gómez en acordeón, Julio Gorbea en bajo, Bocha Torres en batería , Pablo Angelone en guitarra y Javier Ruffa en guitarra y voz ... […] . Que los mismos debutaron en el Club Ferroviario Mitre de nuestra ciudad en el año 1982. Que dos años después se suman Claudio Streitenberger en batería , Daniel Bustamante en bajo, Mario ... […] . Que con el transcurrir de los años han pasado músicos de gran prestigio como Orlando Bahía en batería , Federico D´Averio en bajo, Hugo Hoffmann en teclado, Emilia",2021-11-17,2026-09-01,2026-09-01
sibom,https://sibom.slyt.gba.gob.ar/bulletins/6161/contents/1643311,Bahia Blanca,Resolución Nº289 en el boletín 128º de Bahia Blanca,,16/11/2021,,,volumen_alto,no,"llanta,llantas",https://sibom.slyt.gba.gob.ar/bulletins/6161/contents/1643311,"a fojas 2/19, copias propias de expediente 0-2168-2016 de resarcimiento por los daños en cubierta y llanta trasera derecha a un automotor dominio NRE 146 propiedad del Sr. Leonardo Pombo, generados por una piedra despedida por la moto guadaña ... […] del nombrado causándole la rotura de la cubierta y la llanta trasera derecha. Que la copia del dictamen jurídico a fs, 10/11 se corresponde al expediente de reconocimientos daños surge que la Municipalidad ...",2021-11-16,2026-09-01,2026-09-01
sibom,https://sibom.slyt.gba.gob.ar/bulletins/6188/contents/1643393,General Pueyrredon,Resolución Nº1967/21 en el boletín 251º de General Pueyrredon,,15/11/2021,,,volumen_alto,no,"bateria,baterias",https://sibom.slyt.gba.gob.ar/bulletins/6188/contents/1643393,"Que se ha cumplido con las formalidades de Concurso de Precios en Segundo Llamado, según da cuenta la documentación obrante a fojas 88 a 144 inclusive ... […] las presentes actuaciones donde se tramita el Concurso de Precios Nº 79/21 para la “Adquisición de baterías con destino Secretaría de Seguridad”; y ... […] ARTÍCULO 1°.- Aprobar el Concurso de Precios Nº 79/21 Segundo Llamado para la “Adquisición de baterías con destino Secretaría de Seguridad”, cuya apertura de sobre fuera efectuada el día 13 de Octubre ...",2021-11-15,2026-09-01,2026-09-01
sibom,https://sibom.slyt.gba.gob.ar/bulletins/6097/contents/1634501,Quilmes,Decreto Nº3125/2021 en el boletín 413º de Quilmes,,03/11/2021,,,objetivo,no,"cubierta,cubiertas",https://sibom.slyt.gba.gob.ar/bulletins/6097/contents/1634501,Que en el ámbito de la Secretaría de Desarrollo Urbano y Obra Pública del Municipio de Quilmes se encuentra en etapa de elaboración el diseño de dos cubiertas que se construirán sobre ... […] ; Que el diseño de las cubiertas del tamaño requerido para abarcar superficies reviste una gran complejidad debido a la necesidad de que las grandes luces no posean apoyos intermedios y debido a las propias ... […] el Expediente N.0 4091-8029-D-2021 Alcance ...,2021-11-03,2026-09-01,2026-09-01
sibom,https://sibom.slyt.gba.gob.ar/bulletins/6091/contents/1633258,Roque Pérez,Decreto Nº378/2021 en el boletín 57º de Roque Pérez,,01/11/2021,,adjudicada,volumen_alto,no,"neumatico,neumaticos,protector de neumaticos",https://sibom.slyt.gba.gob.ar/bulletins/6091/contents/1633258,Adjudicación Concurso de Precios n° 10/21 adquisición de neumáticos para motoniveladora. ...,2021-11-01,2026-09-01,2026-09-01
sibom,https://sibom.slyt.gba.gob.ar/bulletins/5949/contents/1624116,Coronel Dorrego,Decreto Nº1572/21 en el boletín 92º de Coronel Dorrego,,26/10/2021,,,volumen_alto,no,"cubierta,cubiertas",https://sibom.slyt.gba.gob.ar/bulletins/5949/contents/1624116,"que la Delegación Municipal en Oriente ha manifestado la necesidad de proceder a la adquisición de 8 cubiertas para camiones allí afectados; ... […] ARTICULO 1°) Llámase a Concurso de Precios N° 60/21 con el objeto de proceder a la adquisición de 8 cubiertas para camiones afectados a la Delegación Municipal en Oriente ... […] Por ello, el INTENDENTE MUNICIPAL , en uso de sus facultades- D E C R E T ...",2021-10-26,2026-09-01,2026-09-01
sibom,https://sibom.slyt.gba.gob.ar/bulletins/6061/contents/1634669,General San Martín,Decreto Nº00730/21 en el boletín 1823º de General San Martín,,25/10/2021,,,objetivo,no,"cubierta,cubiertas",https://sibom.slyt.gba.gob.ar/bulletins/6061/contents/1634669,"Aprobando Licitación Privada N° 34 (2º llamado) ""ADQUISICION DE BICICLETAS, CUBIERTAS , CASCO Y CAJAS PLASTICAS"". ...",2021-10-25,2026-09-01,2026-09-01
sibom,https://sibom.slyt.gba.gob.ar/bulletins/6064/contents/1631525,Bragado,Decreto Nº1261 en el boletín 66º de Bragado,,25/10/2021,,,volumen_alto,no,protector de neumaticos,https://sibom.slyt.gba.gob.ar/bulletins/6064/contents/1631525,"CONSIDERANDO: Que dicha institución brinda su colaboración, dedicación y compromiso a través del cuidado, la alimentación, el resguardo, revisiones y/o asistencia veterinaria, entre otros, a la fauna urbana ... […] VISTO: Que este municipio brinda apoyo desde hace varios años a la “Sociedad Protectora de Animales de Bragado” con el aporte de subsidios, a los fines de colaborar con la labor a la que se encuentra avocada; y, ... […] ARTICULO 1°.- OTORGAR a la SOCIEDAD PROTECTORA DE ANIMALES DE BRAGADO un subsidio por la suma de PESOS DIECIOCHO MIL DOSCIENTOS TREINTA Y SIETE CON CUARENTA Y NUEVE ",2021-10-25,2026-09-01,2026-09-01
sibom,https://sibom.slyt.gba.gob.ar/bulletins/5951/contents/1627676,Nueve de Julio,Decreto Nº1725/21 en el boletín 59º de Nueve de Julio,,13/10/2021,,adjudicada,volumen_alto,no,"neumatico,neumaticos,protector de neumaticos",https://sibom.slyt.gba.gob.ar/bulletins/5951/contents/1627676,"Que corresponde dictar acto administrativo expreso, de conformidad a las constancias enunciadas ... […] La comunicación NO–00026796-MUNINUE-SSC#SAH. El expediente Nº 4082-735/2021. La solicitud de la Secretaría de Secretaría de Obras y Servicios Públicos. Las invitaciones a cotizar y los presupuestos presentados ... […] LICITACIÓN PRIVADA Nº 35 - ADQUISICIÓN DE NEUMÁTICOS - ADJUDICACIÓN. ...",2021-10-13,2026-09-01,2026-09-01
sibom,https://sibom.slyt.gba.gob.ar/bulletins/5951/contents/1624969,Nueve de Julio,Licitación Nº35/21 en el boletín 59º de Nueve de Julio,,13/10/2021,,,volumen_alto,no,"neumatico,neumaticos,protector de neumaticos",https://sibom.slyt.gba.gob.ar/bulletins/5951/contents/1624969,"Autorízase el llamado a licitación privada Nº 35 para la compra de neumáticos para el área de la Secretaría de Obras y Servicios Públicos, a llevarse a cabo el día 29 de septiembre de 2021 a las 10:00 hs. en la Subsecretaría de Contrataciones de esta Municipalidad. ...",2021-10-13,2026-09-01,2026-09-01
sibom,https://sibom.slyt.gba.gob.ar/bulletins/5951/contents/1624953,Nueve de Julio,Decreto Nº1684/21 en el boletín 59º de Nueve de Julio,,13/10/2021,,,volumen_alto,no,"neumatico,neumaticos,protector de neumaticos",https://sibom.slyt.gba.gob.ar/bulletins/5951/contents/1624953,"Que corresponde dictar acto administrativo a efectos del llamado a Licitación Privada Nº 35, en el marco del Expediente Municipal 4082-735/2021 ... […] La comunicación NO-2021-00025863-MUNINUE-SSC#SAH. La solicitud de Decreto efectuada por el Sub Secretario de Contrataciones ... […] LICITACIÓN PRIVADA Nº 35 - COMPRA DE NEUMATICOS - LLAMADO. ...",2021-10-13,2026-09-01,2026-09-01
sibom,https://sibom.slyt.gba.gob.ar/bulletins/5935/contents/1617532,Bragado,Decreto Nº1055 en el boletín 65º de Bragado,,06/10/2021,,,volumen_alto,no,protector de neumaticos,https://sibom.slyt.gba.gob.ar/bulletins/5935/contents/1617532,"CONSIDERANDO: Que dicha institución brinda su colaboración, dedicación y compromiso a través del cuidado, la alimentación, el resguardo, revisiones y/o asistencia veterinaria, entre otros, a la fauna urbana ... […] VISTO: Que este municipio brinda apoyo desde hace varios años a la “Sociedad Protectora de Animales de Bragado” con el aporte de subsidios, a los fines de colaborar con la labor a la que se encuentra avocada; y, ... […] ARTICULO 1°.- OTORGAR a la SOCIEDAD PROTECTORA DE ANIMALES DE BRAGADO un subsidio por la suma de PESOS DIECIOCHO MIL DOSCIENTOS TREINTA Y SIETE CON CUARENTA Y NUEVE ",2021-10-06,2026-09-01,2026-09-01
sibom,https://sibom.slyt.gba.gob.ar/bulletins/6004/contents/1626476,Bahia Blanca,Decreto Nº2004 en el boletín 123º de Bahia Blanca,,04/10/2021,,,volumen_alto,no,"neumatico,neumaticos,protector de neumaticos",https://sibom.slyt.gba.gob.ar/bulletins/6004/contents/1626476,"Visto las presentes actuaciones, originadas por el Departamento Talleres y Maestranza, dependientes de la Secretaría de Infraestructura, referida a la adquisición de neumáticos para equipo vial R.I.X-412 - conforme ... […] , el INTENDENTE MUNICIPAL, en uso de sus facultades: DECRETA ARTICULO 1º )- Adjudícase a ALVAREZ NEUMATICOS S ... […] .A (Proveedor Nº 5.649), la provisión de neumáticos para equipo vial R.I.X-412, por mejor oferta económica y por la suma total de PESOS SETECIENTOS DIEZ MIL CUATROCIENTOS ($710.400.-), en un todo de acuerdo a los requerimientos ...",2021-10-04,2026-09-01,2026-09-01
sibom,https://sibom.slyt.gba.gob.ar/bulletins/5960/contents/1619081,Roque Pérez,Decreto Nº361/2021 en el boletín 56º de Roque Pérez,,30/09/2021,,,volumen_alto,no,"neumatico,neumaticos,protector de neumaticos",https://sibom.slyt.gba.gob.ar/bulletins/5960/contents/1619081,Llamado a Concurso de Precios n° 10/21 Compra de neumáticos para motoniveladora. ...,2021-09-30,2026-09-01,2026-09-01
sibom,https://sibom.slyt.gba.gob.ar/bulletins/6000/contents/1625317,Trenque Lauquen,Decreto Nº1189/2021 en el boletín 86º de Trenque Lauquen,,29/09/2021,,,volumen_alto,no,"llanta,llantas",https://sibom.slyt.gba.gob.ar/bulletins/6000/contents/1625317,"Que en ellas los Sres. PAREDES, Mauro Andrés, PAREDES, Rosario Edith, PAREDES, Gustavo Andrés, PAREDES, Andrea Araceli y MATEOS, Ana Araceli, quien actúa por si, y además en nombre ... […] Las actuaciones obrantes en el Expediente Nº 4115-037/2021 ... […] 1189-21 Declara Interés Social escritura Mateos Ana y Otros. Bo. Tres Llantas ...",2021-09-29,2026-09-01,2026-09-01
sibom,https://sibom.slyt.gba.gob.ar/bulletins/6005/contents/1626262,General Pueyrredon,Resolución Nº1597/21 en el boletín 239º de General Pueyrredon,,29/09/2021,,,volumen_alto,no,"bateria,baterias",https://sibom.slyt.gba.gob.ar/bulletins/6005/contents/1626262,"Que se ha cumplido con las formalidades de llamado a concurso de precios según da cuenta la documentación de fojas 35 a 83 inclusive ... […] las presentes actuaciones donde se tramita el Concurso de Precios Nº 79/21 para la “Adquisición de baterías ”; y ... […] ARTÍCULO 1º.- Aprobar el Concurso de Precios Nº 79/21 para la “Adquisición de baterías ”, cuya apertura de sobres fuera efectuada el día 08 de septiembre de 2021 a las 11:04 horas ...",2021-09-29,2026-09-01,2026-09-01
sibom,https://sibom.slyt.gba.gob.ar/bulletins/5968/contents/1621120,General Villegas,Decreto Nº557/21 en el boletín 105º de General Villegas,,27/09/2021,,,volumen_alto,no,"neumatico,neumaticos",https://sibom.slyt.gba.gob.ar/bulletins/5968/contents/1621120,"el Secretario de Seguridad toma conocimiento. Que a fojas 58 la Jefa de Compras interviene sugiriendo adjudicar el presente Concurso al oferente NEUMÁTICOS VILLEGAS S.A, en la suma de Pesos quinientos cincuenta ... […] el Concurso de Precios Nº 13/21 destinado a la “Adquisición de cubiertas para el mantenimiento de diferentes móviles policiales”, al oferente NEUMÁTICOS VILLEGAS S.A, en la suma de Pesos quinientos cincuenta y seis mil quinientos dieciocho ($ 556 ...",2021-09-27,2026-09-01,2026-09-01
sibom,https://sibom.slyt.gba.gob.ar/bulletins/5926/contents/1617029,Moreno,Decreto Nº1072/21 en el boletín 252º de Moreno,,27/09/2021,,adjudicada,objetivo,no,gomeria,https://sibom.slyt.gba.gob.ar/bulletins/5926/contents/1617029,"Adjudíquese la Contratación Directa N° 45/2021 para la adquisición de Maquinarias para el armado de Gomería , solicitada por la Secretaria de Obras y Servicios Públicos, en los términos del Artículo 156 inciso 10°) de la Ley Orgánica Municipal ...",2021-09-27,2026-09-01,2026-09-01
sibom,https://sibom.slyt.gba.gob.ar/bulletins/5967/contents/1622307,Bahia Blanca,Resolución Nº939 en el boletín 122º de Bahia Blanca,,27/09/2021,,,volumen_alto,no,"bateria,baterias",https://sibom.slyt.gba.gob.ar/bulletins/5967/contents/1622307,"AL POR MENOR DE BATERÍAS PARA ENERGIA RENOVABLE- FERRETERÍA, en calle DORREGO 275 , de Bahía Blanca; teniendo en cuenta que ha cumplimentado los requisitos exigidos según lo establecido por la Ley Nº 7.315/1967 y su Decreto Nº 1123/1973; atento ... […] , ILUMINACIÓN y EÓLICA. VENTA AL POR MENOR DE BATERÍAS PARA ENERGIA RENOVABLE- FERRETERÍA, en calle DORREGO 275 de la localidad de BAHIA BLANCA.- ARTICULO 2º)- Expídase Certificado de Habilitación Nº 221/2021 ...",2021-09-27,2026-09-01,2026-09-01
sibom,https://sibom.slyt.gba.gob.ar/bulletins/5956/contents/1620100,Bahia Blanca,Resolución Nº193 en el boletín 121º de Bahia Blanca,,15/09/2021,,,volumen_alto,no,gomeria,https://sibom.slyt.gba.gob.ar/bulletins/5956/contents/1620100,"Visto las presentes actuaciones mediante las cuales el señor Cristian Cavalli solicita factibilidad para el desarrollo de los usos ""Venta de repuestos del automotor, mecánica ligera, tren delantero y gomería "" en el inmueble sito en calle Irigoyen ... […] de repuestos de automotor"", se encuadra en el uso Automotor, accesorios, embarcaciones, aviones exposición y venta (Rubro comercio minorista) y se encuentra permitido en la zona CS2. Que respecto al uso "" Gomería y tren delantero"", según ... […] el Cuadro de Usos N° 2 ""Clasificación según molestias de Industrias y Servicios"", se encuadra en: ",2021-09-15,2026-09-01,2026-09-01
sibom,https://sibom.slyt.gba.gob.ar/bulletins/5808/contents/1613964,Chacabuco,Decreto Nº666/21 en el boletín 59º de Chacabuco,,14/09/2021,,,volumen_alto,no,"cubierta,cubiertas",https://sibom.slyt.gba.gob.ar/bulletins/5808/contents/1613964,"Que, es necesario proceder a un nuevo llamado a licitación privada por lo antes mencionado ... […] Lo solicitado por el Secretario de Obras y Servicios Públicos de postegar momentáneamente el llamado a Licitación Privada para la ejecución de la obra: “Construcción Cubierta EP Nº 13 de nuestra ciudad”, debido a un inconveniente técnico en la confección de los pliegos. ... […] LLAMADO A LICITACION PRIVADA CONSTRUCCIÓN CUBIERTA ESCUELA N°13. ...",2021-09-14,2026-09-01,2026-09-01
sibom,https://sibom.slyt.gba.gob.ar/bulletins/5829/contents/1609245,General Villegas,Decreto Nº309/21 en el boletín 104º de General Villegas,,01/09/2021,,,volumen_alto,no,"neumatico,neumaticos,protector de neumaticos",https://sibom.slyt.gba.gob.ar/bulletins/5829/contents/1609245,"VISTO: Las actuaciones obrantes en el Expediente Nº 1171/21, pertenecientes al Concurso de Precios Nº 7/21 destinado a la “Adquisición de neumáticos ” autorizado ... […] , resulta conveniente la oferta del proveedor Neumáticos Villegas S.A ya que resulta apta para el uso que se le dará en dicha jurisdicción. Que la Jefa de Compras interviene a fojas 54 sugiriendo adjudicar ... […] el presente Concurso al oferente NEUMÁTICOS VILLEGAS S.A, por la suma de Pesos novecientos cincuenta y seis mil cuarenta ($ 956.040,00.-) y desestimar la oferta de LETICIA LILIANA MORRA, por no resultar conveniente a",2021-09-01,2026-09-01,2026-09-01
sibom,https://sibom.slyt.gba.gob.ar/bulletins/5871/contents/1612147,Coronel Pringles,Ordenanza Nº4721 en el boletín 125º de Coronel Pringles,,31/08/2021,,,volumen_alto,no,camara de aire,https://sibom.slyt.gba.gob.ar/bulletins/5871/contents/1612147,"Que mediante el mismo, y mediante Decreto Nº 0863/21, se llamó a Licitación Privada N° 19/21 para la “Compra e instalación de aire acondicionado para el Hospital Municipal”, con un Presupuesto Oficial de $2.400.000,00, fijando el día 6 de agosto ... […] ARTÍCULO 1°: Autorícese al Departamento Ejecutivo a efectuar la compra directa de un aire acondicionado a la firma REFRIGERACION OLAVARRIA S.A., por resultar la única Oferta ... […] presentada en la Licitación Privada N° 19/21 para la “Compra e instalación de aire acondicionado para el Hospital Municipal”, por la suma de PESOS DOS MILLONES TRES",2021-08-31,2026-09-01,2026-09-01
sibom,https://sibom.slyt.gba.gob.ar/bulletins/5871/contents/1612148,Coronel Pringles,Decreto Nº1006/21 en el boletín 125º de Coronel Pringles,,31/08/2021,,,volumen_alto,no,camara de aire,https://sibom.slyt.gba.gob.ar/bulletins/5871/contents/1612148,"Ejecutivo a efectuar la compra directa de un aire acondicionado para el Hospital Municipal; en uso de las facultades que le son propias; ... […] ARTICULO 1°: Promúlgase la Ordenanza Municipal N° 4.721/21.- ARTICULO 2°: Cúmplase, comuníquese ... […] EL INTENDENTE MUNICIPAL D E C R E T ...",2021-08-31,2026-09-01,2026-09-01
sibom,https://sibom.slyt.gba.gob.ar/bulletins/5866/contents/1612895,General Pueyrredon,Decreto Nº1450/21 en el boletín 230º de General Pueyrredon,,30/08/2021,,,volumen_alto,no,"cubierta,cubiertas",https://sibom.slyt.gba.gob.ar/bulletins/5866/contents/1612895,"Que se ha cumplido con las formalidades de licitación pública en segundo llamado según da cuenta la documentación obrante a fojas 155 a 306 inclusive ... […] el expediente Nº 2660-3-21 Cuerpo 1 y 2 por el que se tramita la Licitación Pública Nº 11/21 segundo llamado para la “Adquisición de cubiertas con destino varias dependencias municipales”; y ... […] ARTÍCULO 1°.- Apruébase la Licitación Pública Nº 11/21 segundo llamado para la “Adquisición de cubiertas con destino varias dependencias municipales”, cuya apertura de sobres fuera efectuada el día 13 ...",2021-08-30,2026-09-01,2026-09-01
sibom,https://sibom.slyt.gba.gob.ar/bulletins/5791/contents/1605555,Bragado,Decreto Nº868 en el boletín 62º de Bragado,,26/08/2021,,,volumen_alto,no,protector de neumaticos,https://sibom.slyt.gba.gob.ar/bulletins/5791/contents/1605555,"CONSIDERANDO: Que dicha institución brinda su colaboración, dedicación y compromiso a través del cuidado, la alimentación, el resguardo, revisiones y/o asistencia veterinaria, entre otros, a la fauna urbana ... […] VISTO: Que este municipio brinda apoyo desde hace varios años a la “Sociedad Protectora de Animales de Bragado” con el aporte de subsidios, a los fines de colaborar con la labor a la que se encuentra avocada; y, ... […] ARTICULO 1°.- OTORGAR a la SOCIEDAD PROTECTORA DE ANIMALES DE BRAGADO un subsidio por la suma de PESOS DIECIOCHO MIL DOSCIENTOS TREINTA Y SIETE CON CUARENTA Y NUEVE ",2021-08-26,2026-09-01,2026-09-01
sibom,https://sibom.slyt.gba.gob.ar/bulletins/5749/contents/1609448,Coronel Suárez,Decreto Nº1446/2021 en el boletín 106º de Coronel Suárez,,20/08/2021,,,volumen_alto,no,"neumatico,neumaticos",https://sibom.slyt.gba.gob.ar/bulletins/5749/contents/1609448,"Que es necesaria su adquisición, a través de un Concurso de Precios, según lo establece la Ley Orgánica Municipal ... […] la necesidad de adquirir Neumáticos , solicitado por la Secretaría de Servicios Publicos, y – ... […] de - - - - - NEUMATICOS , solicitado por la Secretaría de Servicios Publicos, costo total estimado $ 1.580.000,00 de acuerdo a lo expuesto en el considerando del presente.- ART. 2º: El acto ...",2021-08-20,2026-09-01,2026-09-01
sibom,https://sibom.slyt.gba.gob.ar/bulletins/5666/contents/1597030,Nueve de Julio,Decreto Nº1191/21 en el boletín 57º de Nueve de Julio,,18/08/2021,,adjudicada,volumen_alto,no,"neumatico,neumaticos,protector de neumaticos",https://sibom.slyt.gba.gob.ar/bulletins/5666/contents/1597030,"Que corresponde dictar acto administrativo expreso, de conformidad a las constancias enunciadas ... […] La comunicación NO–2021-00019876-MUNINUE-SSC#SAH. El expediente Nº 4082-474/2021. La solicitud de la Secretaría de Gobierno. Las invitaciones a cotizar y los presupuestos presentados por distintas firmas ... […] LICITACIÓN PRIVADA N° 22 - COMPRA DE NEUMATICOS - ADJUDICACIÓN. ...",2021-08-18,2026-09-01,2026-09-01
sibom,https://sibom.slyt.gba.gob.ar/bulletins/5666/contents/1598357,Nueve de Julio,Ordenanza Nº6397/2021 en el boletín 57º de Nueve de Julio,,18/08/2021,,,volumen_alto,no,"neumatico,neumaticos,protector de neumaticos",https://sibom.slyt.gba.gob.ar/bulletins/5666/contents/1598357,": ADQUISICION DE NEUMATICOS EN COTIZACION Nº 3779 ITEMS Nº 3 Y 4 . VISTO: El expediente Nº 4082-474/2021. CONSIDERANDO ... […] : Que se han dado inicio a las actuaciones a los fines de adquirir neumáticos para ser utilizados en distintas áreas, según detalle obrante a fojas 2 a 5 del expediente administrativo mencionado en el Visto ... […] y 4 por parte de la firma Albici Neumáticos S.R.L. (fojas 88). Que considerando la necesidad de adquirir los neumáticos , el Subsecretario de Contrataciones de la Municipalidad de 9 de Julio sugiere a fojas 96 ...",2021-08-18,2026-09-01,2026-09-01
sibom,https://sibom.slyt.gba.gob.ar/bulletins/5666/contents/1601438,Nueve de Julio,Decreto Nº1239/21 en el boletín 57º de Nueve de Julio,,18/08/2021,,,volumen_alto,no,"neumatico,neumaticos,protector de neumaticos",https://sibom.slyt.gba.gob.ar/bulletins/5666/contents/1601438,"Que de conformidad al Artículo 108 inciso 2 del Decreto Ley Nº 6769/58 y sus modificatorias “Ley Orgánica de las Municipalidades”, es atribución y deber del Departamento Ejecutivo la promulgación de Ordenanzas sancionada por el Honorable Concejo ... […] Que el día 8 de julio del corriente año el Honorable Concejo Deliberante procedió a la sanción de la Ordenanza Nº 6397/2021 “Autorizando al Departamento Ejecutivo a aceptar única oferta: licitación privada Nº 22/2021: adquisición de neumáticos en cotización Nº 3779 items Nº 3 y 4"". ... […] PROMULGA ORDENANZA Nº 6397 ...",2021-08-18,2026-09-01,2026-09-01
sibom,https://sibom.slyt.gba.gob.ar/bulletins/5780/contents/1604659,Coronel Dorrego,Decreto Nº1131/21 en el boletín 90º de Coronel Dorrego,,12/08/2021,,adjudicada,volumen_alto,no,"camara de aire,neumatico,neumaticos",https://sibom.slyt.gba.gob.ar/bulletins/5780/contents/1604659,"oferta por parte del Proveedor ALVAREZ NEUMÁTICOS S.A. cotizando en $886.500.- (Pesos Ochocientos Ochenta y Seis Mil Quinientos); que luego de evaluar la propuesta ... […] presentada, surge la conveniencia de adjudicar el presente Concurso al Proveedor ALVAREZ NEUMÁTICOS S.A. en la suma total de $886.500.- (Pesos Ochocientos Ochenta y Seis Mil Quinientos); por resultar su oferta conveniente para los intereses económicos de este municipio; ... […] el Concurso de Precios N° 41/2021 , formalizado el día 21 del corriente, a fin de proceder a la adquisición de 10 cubiertas 275/80/22.5 para camiones",2021-08-12,2026-09-01,2026-09-01
sibom,https://sibom.slyt.gba.gob.ar/bulletins/5767/contents/1605645,Quilmes,Decreto Nº2208/2021 en el boletín 394º de Quilmes,,11/08/2021,,,objetivo,no,protector de neumaticos,https://sibom.slyt.gba.gob.ar/bulletins/5767/contents/1605645,"Que el mencionado subsidio para la Sociedad Protectora de Animales y Refugio Adopciones Quilmes, es solicitado con la finalidad de costear la compra de alimentos y gastos ... […] de un subsidio a favor de la Sociedad Protectora de Animales y Refugio Adopciones Quilmes, en el marco del Programa ""Fortalecimiento para Entidades de Bien Público"" para la compra de alimentos y gastos veterinarios; y ... […] ARTÍCULO 1° : SUBSÍDIASE a la Sociedad Protectora de Animales y Refugio Adopciones Quilmes, para la compra de alimentos y gastos veterinarios por la suma ...",2021-08-11,2026-09-01,2026-09-01
sibom,https://sibom.slyt.gba.gob.ar/bulletins/5649/contents/1594502,Bahia Blanca,Ordenanza Nº20259 en el boletín 118º de Bahia Blanca,,09/08/2021,,,volumen_alto,no,"llanta,llantas",https://sibom.slyt.gba.gob.ar/bulletins/5649/contents/1594502,"por Eladia Blázquez), “Romance para una vereda” (con partitura de Edmundo Rivero hijo), “Cuando no estás conmigo”, con música de Oscar Cardozo Ocampo; “ Llanto por Gobbi”, con música de Arturo Penón; “Romanza para un amén” y “Primer infierno ... […] Artículo 1º - Impóngase el nombre de “Mario Iaquinandi” a una calle, avenida o espacio público relevante de Bahía Blanca ...",2021-08-09,2026-09-01,2026-09-01
sibom,https://sibom.slyt.gba.gob.ar/bulletins/5760/contents/1602727,Coronel Dorrego,Decreto Nº0773/21 en el boletín 88º de Coronel Dorrego,,06/08/2021,,,volumen_alto,no,"cubierta,cubiertas",https://sibom.slyt.gba.gob.ar/bulletins/5760/contents/1602727,"que la Dirección de Servicios ha manifestado la necesidad de proceder a la adquisición de 10 cubiertas 275/80/22.5 para camiones del área; ... […] ARTICULO 1°) Llamase a CONCURSO DE PRECIOS N° 41/2021 con el objeto de proceder a la adquisición de 10 cubiertas 275/80/22.5 para camiones de la Dirección ... […] Por ello, el INTENDENTE MUNICIPAL , en uso de sus facultades ...",2021-08-06,2026-09-01,2026-09-01
sibom,https://sibom.slyt.gba.gob.ar/bulletins/5560/contents/1597004,Tapalqué,Decreto Nº0555 en el boletín 48º de Tapalqué,,02/08/2021,,,volumen_alto,no,"bateria,baterias",https://sibom.slyt.gba.gob.ar/bulletins/5560/contents/1597004,"mil con 00/100) para la compra de ácido para las baterías del colectivo eléctrico; y CONSIDERANDO: 1) Que el gobierno local trabaja fuertemente en la temática ambiental, basándose en un Tapalqué sustentable cuyo eje ... […] para las baterías del colectivo eléctrico municipal.- ARTÍCULO 2º: Cúmplase, comuníquese a quien corresponda, regístrese ... […] Por ello el Intendente Municipal, en uso de sus facultades decreta ...",2021-08-02,2026-09-01,2026-09-01
sibom,https://sibom.slyt.gba.gob.ar/bulletins/5706/contents/1600066,Quilmes,Decreto Nº1666/2021 en el boletín 389º de Quilmes,,28/07/2021,,adjudicada,objetivo,no,"neumatico,neumaticos",https://sibom.slyt.gba.gob.ar/bulletins/5706/contents/1600066,"; Que la Comisión de Evaluación y Preadjudicación ha arribado a una conclusión el día 27 de mayo del 2021, la cual sugiere se adjudique la presente Licitación a al oferente "" NEUMATICOS VERONA S.R.L ... […] .""; Que, cumplido el procedimiento regulado normativamente, resulta razonable y necesario dictar el presente acto administrativo para la adquisición de neumáticos para camiones ... […] el Expediente Nº 4091-2827-0-2021; iniciado por el Sr. Secretario de Servicios Públicos de la Municipalidad de Quilmes, cuyo objeto es solicitar la adquisición de neumáticos para camiones, conforme Solicitud ",2021-07-28,2026-09-01,2026-09-01
sibom,https://sibom.slyt.gba.gob.ar/bulletins/5706/contents/1600034,Quilmes,Decreto Nº1648/2021 en el boletín 389º de Quilmes,,28/07/2021,,,objetivo,no,camara de aire,https://sibom.slyt.gba.gob.ar/bulletins/5706/contents/1600034,"VEINTICINCO (225) milímetros y ejecutará DOS (2) cámaras para válvula de aire de diámetro nominal CIEN (100) milímetros y para toma para motobomba de diámetro nominal CIENTO CINCUENTA (150) milímetros ... […] ; Que la obra a ejecutar consiste en la ejecución de cañería de interconexión de pozos de agua potable, ejecución de cámaras y refuerzo de la red existente desarrollada dentro del partido de Florencio Varela ... […] es la interconexión de pozos de agua potable, ejecución de cámaras y refuerzo de la red existente; Que el presente Decreto se dicta en uso de las atribuciones conferidas por e",2021-07-28,2026-09-01,2026-09-01
sibom,https://sibom.slyt.gba.gob.ar/bulletins/5657/contents/1594845,Bragado,Decreto Nº711 en el boletín 60º de Bragado,,28/07/2021,,,volumen_alto,no,protector de neumaticos,https://sibom.slyt.gba.gob.ar/bulletins/5657/contents/1594845,"CONSIDERANDO: Que dicha institución brinda su colaboración, dedicación y compromiso a través del cuidado, la alimentación, el resguardo, revisiones y/o asistencia veterinaria, entre otros, a la fauna urbana ... […] VISTO: Que este municipio brinda apoyo desde hace varios años a la “Sociedad Protectora de Animales de Bragado” con el aporte de subsidios, a los fines de colaborar con la labor a la que se encuentra avocada; y, ... […] ARTICULO 1°.- OTORGAR a la SOCIEDAD PROTECTORA DE ANIMALES DE BRAGADO un subsidio por la suma de PESOS DIECIOCHO MIL DOSCIENTOS TREINTA Y SIETE CON CUARENTA Y NUEVE ",2021-07-28,2026-09-01,2026-09-01
sibom,https://sibom.slyt.gba.gob.ar/bulletins/5686/contents/1596735,La Plata,Decreto Nº0573/21 en el boletín 1204º de La Plata,,18/07/2021,,,objetivo,no,"neumatico,neumaticos",https://sibom.slyt.gba.gob.ar/bulletins/5686/contents/1596735,"Que la DIRECCION GENERAL DE COMPRAS Y SUMINISTROS ha confeccionado el Pliego de Bases y Condiciones, tendientes a lograr la adquisición de lo mencionado en el exordio ... […] el presente Expediente Nro. 4061-1163198/2021, por el cual la SECRETARIA DE GOBIERNO, solicita la adquisición de "" Neumáticos "", con destino a la DIRECCION GENERAL DE LOGISTICA, mediante solicitud de pedido N° 367/2021, obrante a fs.6; y ... […] ARTICULO 1º: Apruébese el del Pliego de Bases y Condiciones, para la adquisición de "" Neumáticos "", con destino a la DIRECCION GENERAL DE LOGISTICA.· ARTICULO 2º: Llamase a LICITA",2021-07-18,2026-09-01,2026-09-01
sibom,https://sibom.slyt.gba.gob.ar/bulletins/5676/contents/1595911,Trenque Lauquen,Ordenanza Nº5161/2021 en el boletín 74º de Trenque Lauquen,,15/07/2021,,,volumen_alto,no,"llanta,llantas",https://sibom.slyt.gba.gob.ar/bulletins/5676/contents/1595911,"al Barrio “Tres Llantas ” ubicado en calle Emiliano Sáez Nº 184 de Trenque Lauquen, identificado catastralmente como Circunscripción I, Sección B, Quinta 4, Manzana 4 C, Parcela 12, Partida 23.759 ... […] al Barrio “Tres Llantas ” ubicado en calle Emiliano Sáez Nº 184 de Trenque Lauquen, identificado catastralmente como Circunscripción I, Sección B, Quinta 4, Manzana 4 C, Parcela 12, Partida 23.759. Artículo 2º ... […] .-) Adjudícase a la Sra. LARA, Claudia Alejandra, DNI. Nº 21.544.624 , el inmueble perteneciente al Barrio “Tres Llantas ” ubicado en calle Emiliano Sáez Nº 184 de Trenque Lauqu",2021-07-15,2026-09-01,2026-09-01
sibom,https://sibom.slyt.gba.gob.ar/bulletins/5639/contents/1594269,General Pueyrredon,Resolución Nº0988/21 en el boletín 216º de General Pueyrredon,,14/07/2021,,,volumen_alto,no,"llanta,llantas",https://sibom.slyt.gba.gob.ar/bulletins/5639/contents/1594269,"Que se ha cumplido con las formalidades de Licitación Privada en segundo llamado, según da cuenta la documentación obrante de fojas 82 a 154 inclusive ... […] VISTO las presentes actuaciones donde se tramita la Licitación Privada Nº 97/20 segundo llamado para la “Adquisición de Desmalezadoras con destino Secretaría de Gobierno ... […] con tiro central, con regulación hidráulica de altura de corte desde 0,05 metros a 0,45 metros, simultánea en los tres cuerpos articulados. - Ancho de corte: 4,30 mts. con llantas para neumáticos 600 x 16 (4), con neumáticos incluidos, número ...",2021-07-14,2026-09-01,2026-09-01
sibom,https://sibom.slyt.gba.gob.ar/bulletins/5517/contents/1586675,Nueve de Julio,Decreto Nº1021/21 en el boletín 56º de Nueve de Julio,,13/07/2021,,,volumen_alto,no,"neumatico,neumaticos,protector de neumaticos",https://sibom.slyt.gba.gob.ar/bulletins/5517/contents/1586675,"Que corresponde dictar acto administrativo a efectos del llamado a Licitación Privada Nº 22, en el marco del Expediente Municipal ... […] La comunicación NO-2021-00017678-MUNINUE-SSC#SAH. La solicitud de Decreto efectuada por el Sub Secretario de Contrataciones ... […] LICITACION PRIVADA N° 22 - COMPRA NEUMATICOS - LLAMADO. ...",2021-07-13,2026-09-01,2026-09-01
sibom,https://sibom.slyt.gba.gob.ar/bulletins/5517/contents/1586678,Nueve de Julio,Licitación Nº22/21 en el boletín 56º de Nueve de Julio,,13/07/2021,,,volumen_alto,no,"neumatico,neumaticos,protector de neumaticos",https://sibom.slyt.gba.gob.ar/bulletins/5517/contents/1586678,"Autorízase el llamado a licitación privada Nº 22 para la compra de neumáticos para el área de la Secretaría de Gobierno, a llevarse a cabo el día 23 de junio de 2021 a las 10:00 hs.en la Subsecretaría de Contrataciones de esta Municipalidad. ...",2021-07-13,2026-09-01,2026-09-01
sibom,https://sibom.slyt.gba.gob.ar/bulletins/5606/contents/1593221,General Villegas,Decreto Nº263/21 en el boletín 101º de General Villegas,,08/07/2021,,,volumen_alto,no,"neumatico,neumaticos,protector de neumaticos",https://sibom.slyt.gba.gob.ar/bulletins/5606/contents/1593221,"VISTO: Las actuaciones obrantes en el Expediente Nº 953/21, pertenecientes al Concurso de Precios Nº 4/21 destinado a la “Adquisición de neumáticos ” autorizado ... […] en la suma de Pesos un millón novecientos sesenta y cinco mil setecientos noventa y dos ($ 1.965.792.-) y desestimar la oferta de NEUMÁTICOS VILLEGAS S.A, en virtud de haber presentado como garantía de mantenimiento de oferta un cheque sin fondos ... […] DECRETA ARTÍCULO PRIMERO: Adjudícase el Concurso de Precios Nº 4/21 destinado al “Adquisición de neumáticos ” a la oferente LETICIA LILIANA MORRA, en la suma de Pesos ...",2021-07-08,2026-09-01,2026-09-01
sibom,https://sibom.slyt.gba.gob.ar/bulletins/5605/contents/1592464,Trenque Lauquen,Decreto Nº2062/2021 en el boletín 72º de Trenque Lauquen,,07/07/2021,,,volumen_alto,no,"llanta,llantas",https://sibom.slyt.gba.gob.ar/bulletins/5605/contents/1592464,"que una de las personas que ha hecho una labor encomiable desde el arte y la cultura es el ciudadano Abel Taybo. Quien nació en Trenque Lauquen, el 8 de Junio en el populoso Barrio de Tres Llantas ... […] la disposición del Honorable Concejo Deliberante de rescatar la trayectoria de artistas de nuestro Distrito que por sus aptitudes y con esfuerzo personal se destacan en el Mundo de la Cultura, ennobleciendo el Arte como máxima ... […] D2062 - E4089 - Declara personalidad destacada del Distrito de Trenque Lauquen al Sr. Don Abel Fernando Taybo ...",2021-07-07,2026-09-01,2026-09-01
sibom,https://sibom.slyt.gba.gob.ar/bulletins/5554/contents/1587811,Bragado,Decreto Nº585 en el boletín 59º de Bragado,,06/07/2021,,,volumen_alto,no,protector de neumaticos,https://sibom.slyt.gba.gob.ar/bulletins/5554/contents/1587811,"CONSIDERANDO: Que dicha institución brinda su colaboración, dedicación y compromiso a través del cuidado, la alimentación, el resguardo, revisiones y/o asistencia veterinaria, entre otros, a la fauna urbana ... […] VISTO: Que este municipio brinda apoyo desde hace varios años a la “Sociedad Protectora de Animales de Bragado” con el aporte de subsidios, a los fines de colaborar con la labor a la que se encuentra avocada; y, ... […] ARTICULO 1°.- OTORGAR a la SOCIEDAD PROTECTORA DE ANIMALES DE BRAGADO un subsidio por la suma de PESOS DIECIOCHO MIL DOSCIENTOS TREINTA Y SIETE CON CUARENTA Y NUEVE ",2021-07-06,2026-09-01,2026-09-01
sibom,https://sibom.slyt.gba.gob.ar/bulletins/5557/contents/1591024,Coronel Dorrego,Resolución Nº019/21 en el boletín 86º de Coronel Dorrego,,01/07/2021,,,volumen_alto,no,gomeria,https://sibom.slyt.gba.gob.ar/bulletins/5557/contents/1591024,"el ejercicio del Poder de Policía que a este Municipio le confieren los Arts. 190, 191, 192 incs. 4 y 6) de la Constitución Provincial, los artículos 27, 108, 226, 228, 286 y cc. del Decreto Ley 6769/58 – Ley Orgánica de las Municipalidades ... […] los antecedentes obrantes en el Expte. 0193/2021; peticionado por el Sr. Germán Giner ... […] de la ciudad Coronel Dorrego, peticionada por el Sr. GINER GERMÁN Ramo: “ GOMERÍA – REPARACIÓN Y VENTA DE NEUMÁTICOS” con la finalidad de proveer a la salubridad, seguridad e higiene de la población, potestad genéricamente ...",2021-07-01,2026-09-01,2026-09-01
sibom,https://sibom.slyt.gba.gob.ar/bulletins/5512/contents/1586330,Bahia Blanca,Decreto Nº1134 en el boletín 116º de Bahia Blanca,,25/06/2021,,,volumen_alto,no,"neumatico,neumaticos,protector de neumaticos",https://sibom.slyt.gba.gob.ar/bulletins/5512/contents/1586330,"Visto la Solicitud de Pedido Nº 2048/2021, realizada por el Departamento Talleres y Maestranza, dependiente de la Secretaría de Infraestructura, referida a la adquisición de neumáticos viales y para camiones a fin de atender la flota municipal ... […] ) que fueran invitadas a cotizar, según consta en los certificados de notificación; Que, a fs. 14, el Jefe de Talleres y el Secretario de Infraestructura sugieren se adjudique a la firma Alvarez Neumáticos S.A, por única ... […] : DECRETA ARTICULO 1º )- Adjudícase a ALVAREZ NEUMÁTICOS S.A (Proveedor Nº 5.649), la adquisición de neumáticos viales ",2021-06-25,2026-09-01,2026-09-01
sibom,https://sibom.slyt.gba.gob.ar/bulletins/5371/contents/1573345,Bragado,Decreto Nº420 en el boletín 56º de Bragado,,08/06/2021,,,volumen_alto,no,protector de neumaticos,https://sibom.slyt.gba.gob.ar/bulletins/5371/contents/1573345,"CONSIDERANDO: Que dicha institución brinda su colaboración, dedicación y compromiso a través del cuidado, la alimentación, el resguardo, revisiones y/o asistencia veterinaria, entre otros, a la fauna urbana ... […] VISTO: Que este municipio brinda apoyo desde hace varios años a la “Sociedad Protectora de Animales de Bragado” con el aporte de subsidios, a los fines de colaborar con la labor a la que se encuentra avocada; y, ... […] ARTICULO 1°.- OTORGAR a la SOCIEDAD PROTECTORA DE ANIMALES DE BRAGADO un subsidio por la suma de PESOS DIECISEIS MIL CINCUENTA Y NUEVE CON OCHENTA Y NUEVE CENTAVOS (",2021-06-08,2026-09-01,2026-09-01
sibom,https://sibom.slyt.gba.gob.ar/bulletins/5449/contents/1581432,General San Martín,Decreto Nº00106/21 en el boletín 1798º de General San Martín,,07/06/2021,,,objetivo,no,"cubierta,cubiertas",https://sibom.slyt.gba.gob.ar/bulletins/5449/contents/1581432,"Aprobando Licitación Privada N° 86, CUBIERTAS . ...",2021-06-07,2026-09-01,2026-09-01
sibom,https://sibom.slyt.gba.gob.ar/bulletins/5315/contents/1572396,Quilmes,Decreto Nº319/2021 en el boletín 375º de Quilmes,,20/05/2021,,,objetivo,no,protector de neumaticos,https://sibom.slyt.gba.gob.ar/bulletins/5315/contents/1572396,"Que el mencionado subsidio para la Sociedad Protectora de Animates y Refugio Adopciones Quilmes, es solicitado con Ia finalidad de costear para alimentacion, atencion veterinaria, medicacion y vacunas para sus rescatados ... […] el Expediente N° 4091-9587-D-2020 iniciado por el Sr. Secretario de Educacion, Culturas y Deportes de Ia Municipalidad de Quilmes, cuyo objeto solicita el otorgamiento de un subsidio a favor de la Sociedad Protectora ... […] ARTICULO 1°: SUBSIDIASE a la Sociedad Protectora de Animales y Refugio Adopciones Quilmes, para el pago de alimentacion, atencion veterinaria, med",2021-05-20,2026-09-01,2026-09-01
sibom,https://sibom.slyt.gba.gob.ar/bulletins/5320/contents/1572008,Coronel Suárez,Decreto Nº701/2021 en el boletín 104º de Coronel Suárez,,17/05/2021,,,volumen_alto,no,"neumatico,neumaticos",https://sibom.slyt.gba.gob.ar/bulletins/5320/contents/1572008,"Que es necesaria su adquisición, a través de un Concurso de Precios, según lo establece la Ley Orgánica Municipal ... […] la necesidad de adquirir NEUMATICOS para maquinarias de Vialidad Urbana, dependiente de Secretaría de Obras Públicas, y – ... […] de - - - - - 22 - NEUMATICOS para maquinarias de Vialidad Urbana, dependiente de Secretaría de Obras Públicas, costo total estimado $ 1.159.600,00, de acuerdo a lo expuesto ...",2021-05-17,2026-09-01,2026-09-01
sibom,https://sibom.slyt.gba.gob.ar/bulletins/5276/contents/1570355,Coronel Dorrego,Decreto Nº0484/21 en el boletín 84º de Coronel Dorrego,,11/05/2021,,,volumen_alto,no,"cubierta,cubiertas",https://sibom.slyt.gba.gob.ar/bulletins/5276/contents/1570355,"que la Dirección de Vialidad Urbana y Rural ha manifestado la necesidad de proceder a la adquisición de 8 cubiertas 17-5-25 16 telas para ser utilizadas en las motoniveladoras 426-559-688 y 723 afectadas al mantenimiento de caminos provinciales del Distrito de Coronel Dorrego; ... […] ARTICULO 1°) Llamase a CONCURSO DE PRECIOS N° 08/2021 con el objeto de proceder a la adquisición de 8 cubiertas 17-5-25 16 telas para ser utilizadas en las motoniveladoras ... […] Por ello, el INTENDENTE MUNICIPAL , en uso de sus facultades- D E C R E T ...",2021-05-11,2026-09-01,2026-09-01
sibom,https://sibom.slyt.gba.gob.ar/bulletins/5299/contents/1570473,General San Martín,Decreto Nº00023/21 en el boletín 1794º de General San Martín,,11/05/2021,,,objetivo,no,camara de aire,https://sibom.slyt.gba.gob.ar/bulletins/5299/contents/1570473,Autorizando la contratación directa del MANTENIMIENTO CORRECTIVO Y PREVENTIVO DEL SISTEMA CENTRAL DE AIRE ACONDICIONADA del Hospital Thompson ...,2021-05-11,2026-09-01,2026-09-01
sibom,https://sibom.slyt.gba.gob.ar/bulletins/5299/contents/1570459,General San Martín,Decreto Nº00014/21 en el boletín 1794º de General San Martín,,11/05/2021,,,objetivo,no,camara de aire,https://sibom.slyt.gba.gob.ar/bulletins/5299/contents/1570459,Autorizando la contratación directa para la obra ADECUACION Y ALIMENTACION DE CAMARA EXISTENTE. ...,2021-05-11,2026-09-01,2026-09-01
sibom,https://sibom.slyt.gba.gob.ar/bulletins/5281/contents/1568545,Bragado,Decreto Nº288 en el boletín 52º de Bragado,,07/05/2021,,,volumen_alto,no,protector de neumaticos,https://sibom.slyt.gba.gob.ar/bulletins/5281/contents/1568545,"CONSIDERANDO: Que dicha institución brinda su colaboración, dedicación y compromiso a través del cuidado, la alimentación, el resguardo, revisiones y/o asistencia veterinaria, entre otros, a la fauna urbana ... […] VISTO: Que este municipio brinda apoyo desde hace varios años a la “Sociedad Protectora de Animales de Bragado” con el aporte de subsidios, a los fines de colaborar con la labor a la que se encuentra avocada; y, ... […] ARTICULO 1°.- OTORGAR a la SOCIEDAD PROTECTORA DE ANIMALES DE BRAGADO un subsidio por la suma de PESOS DIECISEIS MIL CINCUENTA Y NUEVE CON OCHENTA Y NUEVE CENTAVOS (",2021-05-07,2026-09-01,2026-09-01
sibom,https://sibom.slyt.gba.gob.ar/bulletins/5251/contents/1567615,Bragado,Decreto Nº187 en el boletín 51º de Bragado,,03/05/2021,,,volumen_alto,no,protector de neumaticos,https://sibom.slyt.gba.gob.ar/bulletins/5251/contents/1567615,"CONSIDERANDO: Que dicha institución brinda su colaboración, dedicación y compromiso a través del cuidado, la alimentación, el resguardo, revisiones y/o asistencia veterinaria, entre otros, a la fauna urbana ... […] VISTO: Que este municipio brinda apoyo desde hace varios años a la “Sociedad Protectora de Animales de Bragado” con el aporte de subsidios, a los fines de colaborar con la labor a la que se encuentra avocada; y, ... […] ARTICULO 1°.- OTORGAR a la SOCIEDAD PROTECTORA DE ANIMALES DE BRAGADO un subsidio por la suma de PESOS DIECISEIS MIL CINCUENTA Y NUEVE CON OCHENTA Y NUEVE CENTAVOS (",2021-05-03,2026-09-01,2026-09-01
sibom,https://sibom.slyt.gba.gob.ar/bulletins/5189/contents/1564451,Coronel Dorrego,Decreto Nº0111/21 en el boletín 83º de Coronel Dorrego,,30/04/2021,,adjudicada,volumen_alto,no,"cubierta,cubiertas",https://sibom.slyt.gba.gob.ar/bulletins/5189/contents/1564451,": PROPUESTA Nº 1: ROSELLÓ ROBERTO RUBÉN $320.120.- por 4 cubiertas PROPUESTA Nº2: CAMPOS RUBÉN ALFREDO $876.000.- por el total ... […] de cubiertas PROPUESTA Nº3: MORALES MIRTA NOEMÍ $1.196.800.- por el total de cubiertas PROPUESTA Nº 4: ALVAREZ NEUMÁTICOS $840.000.- por el total de cubiertas ... […] el Concurso de Precios N° 08/2021 , formalizado en el día de la fecha, a fin de proceder a la adquisición de 8 cubiertas 17-5-25 16 telas para ser utilizadas en las motoniveladoras 426-559-688-723, las cuales son destinadas al mantenimiento de caminos provinciales del Distrito de Coronel Dorrego .",2021-04-30,2026-09-01,2026-09-01
sibom,https://sibom.slyt.gba.gob.ar/bulletins/5142/contents/1559808,Mercedes,Decreto Nº273/2021 en el boletín 33º de Mercedes,,27/04/2021,,,volumen_alto,no,"cubierta,cubiertas",https://sibom.slyt.gba.gob.ar/bulletins/5142/contents/1559808,". Que atento a ello, se ha previsto la adquisición de cubiertas . Que atento a la estimación de los valores en el mercado, resulta necesario licitar su compra conforme los procedimientos que prevé la Ley Orgánica de las Municipalidades. ... […] Lo actuado en el Expediente administrativo Nº 1066/2021, caratulado “Licitación Privada Nº 15/2021 ... […] CADA UNO CUBIERTA 215-75-17,5 LISA ...",2021-04-27,2026-09-01,2026-09-01
sibom,https://sibom.slyt.gba.gob.ar/bulletins/5192/contents/1562626,Bragado,Decreto Nº6 en el boletín 49º de Bragado,,26/04/2021,,,volumen_alto,no,camara de aire,https://sibom.slyt.gba.gob.ar/bulletins/5192/contents/1562626,", donde en cada lugar se presentaran artistas locales, Que, se realizará el Patio de Rock, en el Bragado Club, actividad que se realizara junto a la Asociación de Músicos de Bragado, al aire libre, cumpliendo con los requisitos ... […] de distanciamiento social, preventivo y obligatorio, Que, los Grupos de Teatro locales, presentaran obras para adultos y niños al aire libre o en la Sala Mayor del Centro Cultural y se realizará la Plaza Infantil, para que puedan disfrutar de un espacio creativo ... […] VISTO: Que, durante los meses de enero, febrero y marzo, la Dirección de Cultura realizara: “",2021-04-26,2026-09-01,2026-09-01
sibom,https://sibom.slyt.gba.gob.ar/bulletins/5192/contents/1562796,Bragado,Decreto Nº17 en el boletín 49º de Bragado,,26/04/2021,,,volumen_alto,no,protector de neumaticos,https://sibom.slyt.gba.gob.ar/bulletins/5192/contents/1562796,"CONSIDERANDO: Que dicha institución brinda su colaboración, dedicación y compromiso a través del cuidado, la alimentación, el resguardo, revisiones y/o asistencia veterinaria, entre otros, a la fauna urbana ... […] VISTO: Que este municipio brinda apoyo desde hace varios años a la “Sociedad Protectora de Animales de Bragado” con el aporte de subsidios, a los fines de colaborar con la labor a la que se encuentra avocada; y, ... […] ARTICULO 1°.- OTORGAR a la SOCIEDAD PROTECTORA DE ANIMALES DE BRAGADO un subsidio por la suma de PESOS DIECISEIS MIL CINCUENTA Y NUEVE CON OCHENTA Y NUEVE CENTAVOS (",2021-04-26,2026-09-01,2026-09-01
sibom,https://sibom.slyt.gba.gob.ar/bulletins/5192/contents/1563243,Bragado,Decreto Nº44 en el boletín 49º de Bragado,,26/04/2021,,,volumen_alto,no,"bateria,baterias",https://sibom.slyt.gba.gob.ar/bulletins/5192/contents/1563243,"CONSIDERANDO: Que dicha empresa se encuentra comprendida por la normativa vigente, Que corresponde al Departamento Ejecutivo otorgar las exenciones correspondientes; por ello ... […] de Promoción Industrial, a la empresa BATERIAS ELPRA S.A.; La modificación impuesta en la mencionada norma a través de la Ordenanza 3758/09; y, ... […] ARTICULO 1º.- OTORGAR a la empresa BATERIAS ELPRA S.A. los beneficios previstos por la Ordenanza Nº 3758/09 de Promoción Industrial, según los art. 3º y 4º de la misma. ARTICULO 2º.- Los beneficios ...",2021-04-26,2026-09-01,2026-09-01
sibom,https://sibom.slyt.gba.gob.ar/bulletins/4925/contents/1545413,Coronel Dorrego,Decreto Nº2482/20 en el boletín 82º de Coronel Dorrego,,15/04/2021,,cerrada,volumen_alto,no,gomeria,https://sibom.slyt.gba.gob.ar/bulletins/4925/contents/1545413,"que para la presente Licitación se efectuaron las publicaciones tanto en el Boletín Oficial como en los semanarios locales, no habiéndose presentado ningún oferente por dicha explotación ... […] de servicio de gomería en la playa de camiones de la ciudad de Coronel Dorrego; de acuerdo con lo establecido por la Ordenanza Nº 4045/2020 del H.C.D. y ... […] ARTÍCULO 1°) Declarase DESIERTA la Licitación Pública N° 05/2020 , cuyo llamado tuvo lugar por Decreto N°2331 de fecha 18 de Noviembre de 2020 ...",2021-04-15,2026-09-01,2026-09-01
sibom,https://sibom.slyt.gba.gob.ar/bulletins/5022/contents/1550356,Tapalqué,Decreto Nº0086 en el boletín 45º de Tapalqué,,13/04/2021,,adjudicada,volumen_alto,no,"cubierta,cubiertas",https://sibom.slyt.gba.gob.ar/bulletins/5022/contents/1550356,"VISTO : El llamado a Licitación Privada para la adquisición de cubiertas para vehículos y equipos del corralón municipal para el día 17 de Febrero de 2021 a las 10,00 horas, en la Oficina de Compras de la Municipalidad ... […] ARTÍCULO 1°: Adjudicase la Licitación Privada para la adquisición de cubiertas para vehículos y equipos del corralón municipal ... […] 6 CUBIERTA P ...",2021-04-13,2026-09-01,2026-09-01
sibom,https://sibom.slyt.gba.gob.ar/bulletins/5052/contents/1552977,General Villegas,Decreto Nº1497/20 en el boletín 98º de General Villegas,,07/04/2021,,,volumen_alto,no,"neumatico,neumaticos",https://sibom.slyt.gba.gob.ar/bulletins/5052/contents/1552977,"VISTO: Las actuaciones obrantes en el Expediente Nº 9894/20, pertenecientes al Concurso de Precios Nº 26/20 destinado a la “Adquisición de neumáticos para unidades ... […] la propuesta, estima conveniente adjudicar el presente Concurso al oferente Neumáticos Villegas S.A en la suma de Pesos un millón trescientos sesenta y tres mil ciento veinte ($ 1.363.120.-) Que de conformidad ... […] DECRETA ARTÍCULO PRIMERO: Adjudícase el Concurso de Precios Nº 26/20 destinado al “Adquisición de neumáticos para unidades de la Dirección Vial”, al oferente Neumáticos Villegas S ...",2021-04-07,2026-09-01,2026-09-01
sibom,https://sibom.slyt.gba.gob.ar/bulletins/4944/contents/1553182,Quilmes,Decreto Nº2812/2020 en el boletín 363º de Quilmes,,19/03/2021,,,objetivo,no,"neumatico,neumaticos",https://sibom.slyt.gba.gob.ar/bulletins/4944/contents/1553182,"Que por expediente referenciado en el visto, se solicita la adquisicion de diversos neumaticos para carga y transporte, neumaticos para camiones maquinas y equipos pesados, para vehiculos pertenecientes a la Secretaria ... […] .A y NEUMATICOS VERONA; Que en autos luce agregado el Dictamen de Ia Subsecretaria de Asesoria Letrada de Ia Municipalidad de Quilmes en el cual se concluye que no se encuentran objeciones juridicas para ejecutar Ia ... […] ; Que respecto del precio publicado por Ia empresa NEUMATICOS VERONA S.R.L, resultaria Ia oferta mas conveniente para los items 3, 4 y 5, teniendo en",2021-03-19,2026-09-01,2026-09-01
sibom,https://sibom.slyt.gba.gob.ar/bulletins/4783/contents/1527857,Bragado,Decreto Nº1110 en el boletín 46º de Bragado,,17/03/2021,,,volumen_alto,no,protector de neumaticos,https://sibom.slyt.gba.gob.ar/bulletins/4783/contents/1527857,"CONSIDERANDO: Que dicha institución brinda su colaboración, dedicación y compromiso a través del cuidado, la alimentación, el resguardo, revisiones y/o asistencia veterinaria, entre otros, a la fauna urbana ... […] VISTO: Que este municipio brinda apoyo desde hace varios años a la “Sociedad Protectora de Animales de Bragado” con el aporte de subsidios, a los fines de colaborar con la labor a la que se encuentra avocada; y, ... […] ARTICULO 1°.- OTORGAR a la SOCIEDAD PROTECTORA DE ANIMALES DE BRAGADO un subsidio por la suma de PESOS TRECE MIL NOVECIENTOS DIECISEIS CON NOVENTA Y SEIS CENTAVOS ($",2021-03-17,2026-09-01,2026-09-01
sibom,https://sibom.slyt.gba.gob.ar/bulletins/4979/contents/1550912,General Villegas,Decreto Nº1397/20 en el boletín 97º de General Villegas,,15/03/2021,,,volumen_alto,no,"neumatico,neumaticos",https://sibom.slyt.gba.gob.ar/bulletins/4979/contents/1550912,"a la “Adquisición de neumáticos para unidades de la Dirección Vial”; y CONSIDERANDO: Que a fojas 1 a 3 se acompaña la Solicitud de Gastos Nº 1-12096 y de Pedido Nº ... […] ARTÍCULO PRIMERO: Apruébase el Pliego de Bases y Condiciones Generales obrante en el Expediente Nº 9894/20, destinado a la “Adquisición de neumáticos para unidades de la Dirección Vial”, con un presupuesto ... […] : Llamado a Concurso de Precios Nº 26/20 – Adquisición de neumáticos para unidades de Dirección Vial ...",2021-03-15,2026-09-01,2026-09-01
sibom,https://sibom.slyt.gba.gob.ar/bulletins/5020/contents/1551404,Vicente López,Decreto Nº615/21 en el boletín 695º de Vicente López,,12/03/2021,,,objetivo,no,camara de aire,https://sibom.slyt.gba.gob.ar/bulletins/5020/contents/1551404,"La Solicitud de Gastos Nº 1-883 obrante a fs. 20, producida por la Dirección General de Contaduría ... […] El presente expediente por el cual tramita el “SERVICIO DE MANTENIMIENTO PREVENTIVO Y CORRECTIVO DE LA PLANTA DE AIRE COMPRIMIDO Y VACIO del Hospital Municipal Dr. Bernardo Houssay y Maternidad Santa Rosa, dependientes de la Secretaría de Salud”, y ... […] Referencia: EXPTE - 4119-000366/2021 ...",2021-03-12,2026-09-01,2026-09-01
sibom,https://sibom.slyt.gba.gob.ar/bulletins/4854/contents/1543585,General Villegas,Resolución Nº649/20 en el boletín 96º de General Villegas,,19/02/2021,,,volumen_alto,no,"gomeria,neumatico,neumaticos,protector de neumaticos",https://sibom.slyt.gba.gob.ar/bulletins/4854/contents/1543585,"VISTO: El Expediente Nº 1618/09, correspondiente a la habilitación de un comercio, perteneciente a la razón social Albiero Neumáticos S.A., dedicado a la explotación de los rubros “Gomería ... […] – Venta de Neumáticos ”, con fecha de alta 01 de enero de 2009, registrado como Contribuyente Nº 20005; y CONSIDERANDO: Que mediante Acta de Notificación Nº 18309 ... […] , del comercio perteneciente a la razón social ALBIERO NEUMÁTICOS S.A., CUIT Nº 30-71072689-9, Contribuyente Nº 20005, habilitado con los rubros “GOMERÍA – VENTA DE NEUMÁTICOS ”, denominación comercial “ALBIERO NEUMÁTICOS S ...",2021-02-19,2026-09-01,2026-09-01
sibom,https://sibom.slyt.gba.gob.ar/bulletins/4854/contents/1536099,General Villegas,Ordenanza Nº6189/20 en el boletín 96º de General Villegas,,19/02/2021,,,volumen_alto,no,recapado,https://sibom.slyt.gba.gob.ar/bulletins/4854/contents/1536099,"VISTO: El Expte. Nro. 10552/20 iniciado por la Dirección de Rentas elevando el proyecto de ordenanza tendente a actualizar los importes de los tributos municipales para el Ejercicio 2021 ... […] Gomerías, vulcanización, recapado , etc. $ 3.498,36 ... […] $ 372,10 71400-09 Gomerías, vulcanización, recapado , etc ...",2021-02-19,2026-09-01,2026-09-01
sibom,https://sibom.slyt.gba.gob.ar/bulletins/4856/contents/1533933,Lujan,Decreto Nº1822 en el boletín 19º de Lujan,,19/02/2021,,,objetivo,no,"bateria,baterias",https://sibom.slyt.gba.gob.ar/bulletins/4856/contents/1533933,"de la batería del tractor que propulsa la enfardadora, el mismo se encontraba estacio-nado en el segundo galpón del Taller 1 ubicado en la calle José María Pérez N° 734 de la localidad de Luján.- Continúa el relato, diciendo que Mallía, le informó ... […] , Luciano que es quien se encuentra retirando la batería del tractor.- Que, a fs. 2 obra denuncia penal realizada por el Sr. Javier Omar Legorburu, por ante la Comisaría Luján Seccional 1ra ... […] de los equipos municipales en el Taller N° 1.- Luego relata que el día 30 de noviembre de 2020 realizando una recorrida ocular de rutina en cada e",2021-02-19,2026-09-01,2026-09-01
sibom,https://sibom.slyt.gba.gob.ar/bulletins/4775/contents/1533946,Nueve de Julio,Decreto Nº170/21 en el boletín 51º de Nueve de Julio,,17/02/2021,,adjudicada,volumen_alto,no,"neumatico,neumaticos,protector de neumaticos",https://sibom.slyt.gba.gob.ar/bulletins/4775/contents/1533946,"Que corresponde dictar acto administrativo expreso, de conformidad a las constancias enunciadas ... […] La comunicación NO-00002204-MUNINUE-SSC#SAH. El expediente Nº 4082-22/2021. La solicitud de la Secretaría de Secretaría de Obras y Servicios Públicos. Las invitaciones a cotizar y los presupuestos presentados ... […] LICITACIÓN PRIVADA Nº 3 - NEUMÁTICOS - ADJUDICACIÓN. ...",2021-02-17,2026-09-01,2026-09-01
sibom,https://sibom.slyt.gba.gob.ar/bulletins/4775/contents/1530616,Nueve de Julio,Licitación Nº3/21 en el boletín 51º de Nueve de Julio,,17/02/2021,,,volumen_alto,no,"neumatico,neumaticos,protector de neumaticos",https://sibom.slyt.gba.gob.ar/bulletins/4775/contents/1530616,"Autorízase el llamado a licitación privada Nº 3 para la compra de neumaticos para el área de la Secretaría de Obras y Servicios Públicos, a llevarse a cabo el día 20 de enero de 2021 a las 10:00 hs. en la Subsecretaría de Contrataciones de esta Municipalidad. ...",2021-02-17,2026-09-01,2026-09-01
sibom,https://sibom.slyt.gba.gob.ar/bulletins/4775/contents/1530613,Nueve de Julio,Decreto Nº117/21 en el boletín 51º de Nueve de Julio,,17/02/2021,,,volumen_alto,no,"neumatico,neumaticos,protector de neumaticos",https://sibom.slyt.gba.gob.ar/bulletins/4775/contents/1530613,"Que corresponde dictar acto administrativo a efectos del llamado a Licitación Privada Nº 3, en el marco del Expediente Municipal 4082-22/2021 ... […] La comunicación NO-2021-00001375-MUNINUE-SSC#SAH. La solicitud de Decreto efectuada por el Sub Secretario de Contrataciones ... […] LICITACION PRIVADA N° 3 - COMPRA NEUMATICOS - LLAMADO. ...",2021-02-17,2026-09-01,2026-09-01
sibom,https://sibom.slyt.gba.gob.ar/bulletins/4824/contents/1531729,Tapalqué,Decreto Nº0003 en el boletín 43º de Tapalqué,,17/02/2021,,,volumen_alto,no,"cubierta,cubiertas",https://sibom.slyt.gba.gob.ar/bulletins/4824/contents/1531729,"VISTO La necesidad por parte de esta Municipalidad de proceder al llamado a Licitación Pública para la “Construcción de cubiertas en piletas termales, edificio de vestuarios y anexos”, y CONSIDERANDO : la necesidad de autorizar a la oficina de Compras del Municipio a proceder al llamado a licitación Pública, ... […] ARTÍCULO 1º : Llámese a Licitación Pública N° 1 para la “Construcción de cubiertas en piletas termales, edificio de vestuarios y anexos”, según expediente Municipal N° 4111-001/20 ... […] Por ello el Intendente Municipal, en uso de sus facultades decreta ...",2021-02-17,2026-09-01,2026-09-01
sibom,https://sibom.slyt.gba.gob.ar/bulletins/4824/contents/1542387,Tapalqué,Decreto Nº0037 en el boletín 43º de Tapalqué,,17/02/2021,,,volumen_alto,no,"cubierta,cubiertas",https://sibom.slyt.gba.gob.ar/bulletins/4824/contents/1542387,"VISTO: La necesidad por parte de esta Municipalidad de proceder al llamado a Licitación Privada para la adquisición de cubiertas para vehículos y equipos ... […] ARTICULO 1º: Autorízase a la Oficina de Compras de esta Municipalidad a proceder al llamado a Licitación Privada para para la adquisición de cubiertas ... […] Por ello el Intendente Municipal, en uso de sus facultades decreta ...",2021-02-17,2026-09-01,2026-09-01
sibom,https://sibom.slyt.gba.gob.ar/bulletins/4921/contents/1540855,Bahia Blanca,Resolución Nº385 en el boletín 104º de Bahia Blanca,,10/02/2021,,,volumen_alto,no,camara de aire,https://sibom.slyt.gba.gob.ar/bulletins/4921/contents/1540855,"Complejo Bailotage, solicitando autorización para la apertura de un sector del establecimiento, al aire libre, en forma temporal y por el término de treinta (30) días, hasta tanto se habilite definitivamente dicha actividad, en el marco de la pandemia ... […] bar, aclarando cuenta con el correspondiente certificado de habilitación. Que posteriormente el interesado efectúa una nueva presentación, requiriendo también se lo autorice a la presentación de shows musicales al aire libre, de una hora ... […] Administrativa Nº 2101, publicada en el día de ayer en el Boletín Oficial, autoriza la realiza",2021-02-10,2026-09-01,2026-09-01
sibom,https://sibom.slyt.gba.gob.ar/bulletins/4904/contents/1539071,Coronel Dorrego,Decreto Nº2281/20 en el boletín 81º de Coronel Dorrego,,05/02/2021,,adjudicada,volumen_alto,no,"camara de aire,cubierta,cubiertas",https://sibom.slyt.gba.gob.ar/bulletins/4904/contents/1539071,"NOEMI 4 cubiertas 295 80 R/22,5 LISAS ... […] el Concurso de Precios N° 73/2020 , formalizado en el día de la fecha, a fin de proceder a la adquisición de 4 cubiertas 295/80 R/22,5 lisas para utilizar en los camiones 347 y 554 afectados a la Delegación Municipal de Oriente de esta Comuna; ... […] ARTÍCULO 1°) Apruébese el Concurso de Precios N° 73/2020 , realizado para proceder a la adquisición de de 4 cubiertas 295/80 R/22,5 lisas para utilizar en los camiones 347 y 554 ...",2021-02-05,2026-09-01,2026-09-01
sibom,https://sibom.slyt.gba.gob.ar/bulletins/4904/contents/1539483,Coronel Dorrego,Decreto Nº2331/20 en el boletín 81º de Coronel Dorrego,,05/02/2021,,,volumen_alto,no,gomeria,https://sibom.slyt.gba.gob.ar/bulletins/4904/contents/1539483,"la necesidad de proceder al llamado a Licitación Pública, con el objeto proceder a la explotación del servicio de gomería en la playa de camiones de la ciudad de Coronel Dorrego; Partido del mismo Nombre, Pcia. de Buenos Aires, de acuerdo con el Pliego de Bases y condiciones y la Ordenanza 4045/2020 del Honorable Concejo Deliberante; ... […] ARTÍCULO 1°) Llamase a LICITACIÓN PÚBLICA N° 05/2020 para proceder a la explotación del servicio de gomería en la playa de camiones de la ciudad de Coronel Dorrego; Partido ... […] Por todo ello, el INTENDENTE MUNICIPAL , en uso de sus facultades- D E C R ",2021-02-05,2026-09-01,2026-09-01
sibom,https://sibom.slyt.gba.gob.ar/bulletins/4904/contents/1539657,Coronel Dorrego,Decreto Nº2355/20 en el boletín 81º de Coronel Dorrego,,05/02/2021,,,volumen_alto,no,gomeria,https://sibom.slyt.gba.gob.ar/bulletins/4904/contents/1539657,"Pública Nº 05/2020, en la cual se procede al llamado para la explotación de una gomería en la playa de camiones de la ciudad de Coronel Dorrego; que el monto a abonar por las mencionadas publicaciones, asciende a la suma de $780.- (Pesos Setecientos Ochenta); ... […] el Expte. Nº 1663/2020 enviado por la Oficina de Compras ... […] ARTÍCULO 1°) Facultase a Contaduría a liquidar hasta la suma de $780.- (Pesos Setecientos Ochenta) a favor de la SECRETARÍA GENERAL DE LA GOBERNACIÓN -DIRECCIÓN ...",2021-02-05,2026-09-01,2026-09-01
sibom,https://sibom.slyt.gba.gob.ar/bulletins/4904/contents/1539521,Coronel Dorrego,Decreto Nº2338/20 en el boletín 81º de Coronel Dorrego,,05/02/2021,,,volumen_alto,no,camara de aire,https://sibom.slyt.gba.gob.ar/bulletins/4904/contents/1539521,"Que se encuentra en plena vigencia la Ordenanza Nº 4042/20, que regula el funcionamiento de “patios al aire libre”, como un anexo a las confiterías bailables ... […] La Resolución emanada por el Gobierno de la Provincia de Buenos que dispone la autorización de funcionamiento de bares al aire libre en Municipios cuya situación epidemiológica los encuadre en “Fase 5”; y ... […] ARTICULO 1º) Habilitar al Sr. ARIEL ALEJANDRO FERNANDEZ, a desarrollar la actividad “confitería en patio al aire libre”, encuadrado en la habilitación otorgada mediante ...",2021-02-05,2026-09-01,2026-09-01
sibom,https://sibom.slyt.gba.gob.ar/bulletins/4893/contents/1537565,Tandil,Decreto Nº331/2021 en el boletín 60º de Tandil,,03/02/2021,,,volumen_alto,no,"neumatico,neumaticos",https://sibom.slyt.gba.gob.ar/bulletins/4893/contents/1537565,Que se ha expedido el Director de Compras y Suministros sugiriendo dejar sin efecto el presente Concurso ... […] Que por el presente se tramita el llamado a Concurso de Precios Nº 12-03-20 “Adquisición de neumáticos y servicio de alineación y balanceo”. ... […] Artículo 1º : Déjase sin efecto el Concurso de Precios Nº 12-03-20 “Adquisición de neumáticos y servicio de alineación y balanceo”. Artículo ...,2021-02-03,2026-09-01,2026-09-01
sibom,https://sibom.slyt.gba.gob.ar/bulletins/4889/contents/1537665,Bahia Blanca,Decreto Nº2248 en el boletín 102º de Bahia Blanca,,03/02/2021,,,volumen_alto,no,gomeria,https://sibom.slyt.gba.gob.ar/bulletins/4889/contents/1537665,"Visto el pedido de adquisición, originado por el Departamento Talleres y Maestranza, dependiente de la Secretaría de Infraestructura, referido al servicio de gomería - recauchutado de cubiertas del Parque Vehicular Municipal ... […] ARTICULO 1º )- Adjudícase a DUHAU S.A. (Proveedor Nº 5.888), el servicio de gomería - recauchutado de cubiertas del Parque Vehicular Municipal ...",2021-02-03,2026-09-01,2026-09-01
sibom,https://sibom.slyt.gba.gob.ar/bulletins/4884/contents/1536434,Coronel Dorrego,Ordenanza Nº4045/20 en el boletín 79º de Coronel Dorrego,,29/01/2021,,,volumen_alto,no,gomeria,https://sibom.slyt.gba.gob.ar/bulletins/4884/contents/1536434,". Que la Sociedad de Bomberos Voluntarios ha solicitado a éste Departamento Ejecutivo habilitar el servicio de gomería , lo que aportaría un servicio adicional y comodidad al gran número ... […] ARTÍCULO 1º ) Autorízase al Departamento Ejecutivo a llamar a Licitación Pública para la explotación en concesión del servicio de “ Gomería ” dentro ...",2021-01-29,2026-09-01,2026-09-01
sibom,https://sibom.slyt.gba.gob.ar/bulletins/4884/contents/1536441,Coronel Dorrego,Resolución Nº74/20 en el boletín 79º de Coronel Dorrego,,29/01/2021,,,volumen_alto,no,gomeria,https://sibom.slyt.gba.gob.ar/bulletins/4884/contents/1536441,"el ejercicio del Poder de Policía que a este Municipio le confieren los Arts. 190, 191, 192 incs. 4 y 6) de la Constitución Provincial, los artículos 27, 108, 226, 228, 286 y cc. del Decreto Ley 6769/58 – Ley Orgánica de las Municipalidades ... […] los antecedentes obrantes en el Expte. 1128/2020; peticionado por el Sr. Dable Mauro Abel ... […] . DABLE MAURO ABEL Ramo: “ GOMERÍA ” con la finalidad de proveer a la salubridad, seguridad e higiene de la población, potestad genéricamente reconocida por los Ar ts. 26, 107, 108 inc. 4 y 5 de la Ley Orgánica ...",2021-01-29,2026-09-01,2026-09-01
sibom,https://sibom.slyt.gba.gob.ar/bulletins/4878/contents/1536119,Coronel Dorrego,Resolución Nº0064/20 en el boletín 78º de Coronel Dorrego,,29/01/2021,,,volumen_alto,no,camara de aire,https://sibom.slyt.gba.gob.ar/bulletins/4878/contents/1536119,"Que, dicha necesidad se establece en la posibilidad de tener un espacio o área al aire libre, ya que se dispone solamente con espacio de tierra y arena para realizar ... […] , los espacios al aire libre con el distanciamiento adecuado -2mts- recobrarían un papel fundamental, de ahí que resulta más que importante la concreción del mencionado playón ... […] La necesidad de contar con un espacio para desarrollar distintas actividades al aire libre ...",2021-01-29,2026-09-01,2026-09-01
sibom,https://sibom.slyt.gba.gob.ar/bulletins/4845/contents/1533357,Bahia Blanca,Resolución Nº532 en el boletín 99º de Bahia Blanca,,25/01/2021,,,volumen_alto,no,gomeria,https://sibom.slyt.gba.gob.ar/bulletins/4845/contents/1533357,"Visto las presentes actuaciones, referidas a la solicitud de Habilitación presentada por LEFIMIL ILABE Hugo Gabriel y LEFIMIL Roberto Arnaldo S.H. , para desarrollar el rubro de SERVICIO DE GOMERIA -VENTA ... […] U E L V E - ARTICULO 1º)- Habílitase a LEFIMIL ILABE Hugo Gabriel y LEFIMIL Roberto Arnaldo S.H. , contribuyente Nº 58962, para el rubro de SERVICIO DE GOMERIA -VENTA ...",2021-01-25,2026-09-01,2026-09-01
sibom,https://sibom.slyt.gba.gob.ar/bulletins/4845/contents/1533356,Bahia Blanca,Resolución Nº532 en el boletín 99º de Bahia Blanca,,25/01/2021,,,volumen_alto,no,gomeria,https://sibom.slyt.gba.gob.ar/bulletins/4845/contents/1533356,"Visto las presentes actuaciones, referidas a la solicitud de Habilitación presentada por LEFIMIL ILABE Hugo Gabriel y LEFIMIL Roberto Arnaldo S.H. , para desarrollar el rubro de SERVICIO DE GOMERIA -VENTA ... […] U E L V E - ARTICULO 1º)- Habílitase a LEFIMIL ILABE Hugo Gabriel y LEFIMIL Roberto Arnaldo S.H. , contribuyente Nº 58962, para el rubro de SERVICIO DE GOMERIA -VENTA ...",2021-01-25,2026-09-01,2026-09-01
sibom,https://sibom.slyt.gba.gob.ar/bulletins/4790/contents/1530574,General Pueyrredon,Ordenanza Nº24959 en el boletín 153º de General Pueyrredon,,19/01/2021,,,volumen_alto,no,recapado,https://sibom.slyt.gba.gob.ar/bulletins/4790/contents/1530574,"97140004 GOMERÍAS, VULCANIZADO, RECAPADO Y AFINES ... […] 97140023 RECAPADO ...",2021-01-19,2026-09-01,2026-09-01
sibom,https://sibom.slyt.gba.gob.ar/bulletins/4800/contents/1529005,Trenque Lauquen,Decreto Nº1264/2020 en el boletín 66º de Trenque Lauquen,,19/01/2021,,adjudicada,volumen_alto,no,"llanta,llantas",https://sibom.slyt.gba.gob.ar/bulletins/4800/contents/1529005,", en calle Larrubia Nº 197, situado en Barrio “Tres Llantas ; Que posteriormente, el Sr. VELAZQUEZ, con fecha 18 de Diciembre de 2.019, transfirió el Inmueble a través de una Cesión de Derechos y Acciones ... […] Las actuaciones obrantes en el Expediente Administrativo Nº 120/2020 ... […] 1264-20 Modificación decreto de Adjudicación a favor de Villalba Alfredo Ricardo Bo. Tres Llantas ...",2021-01-19,2026-09-01,2026-09-01
sibom,https://sibom.slyt.gba.gob.ar/bulletins/4686/contents/1523890,General Villegas,Resolución Nº468/20 en el boletín 93º de General Villegas,,11/01/2021,,,volumen_alto,no,gomeria,https://sibom.slyt.gba.gob.ar/bulletins/4686/contents/1523890,"VISTO: El Expediente Nº 4381/19, iniciado por el señor Mateo Alberto Lezcano, solicitando la habilitación municipal de un comercio dedicado a la explotación del rubro “ Gomería ”, desde el día ... […] ARTÍCULO PRIMERO: Regístrese la habilitación provisoria de un comercio dedicado a la explotación del rubro “ Gomería ”, denominación comercial “El Rayo”, del señor Mateo Alberto Lezcano - D.N.I Nº 35.102.517, Codificador ...",2021-01-11,2026-09-01,2026-09-01
sibom,https://sibom.slyt.gba.gob.ar/bulletins/4708/contents/1522060,Saladillo,Decreto Nº841/2020 en el boletín 68º de Saladillo,,05/01/2021,,,volumen_alto,no,gomeria,https://sibom.slyt.gba.gob.ar/bulletins/4708/contents/1522060,". 5.-Lavaderos de autos y camiones. 6.-Venta de automotores y rodados. 7.- Gomerías , forrajerías, aserraderos, carpinterías, kioscos de diarios y revistas y provisión de garrafas. 8.-Talleres mecánicos, bicicleterías, lubricentros, talleres ... […] la Resolución Provincial N° RESO- 2020-155-GDEBA-MJGM emitida por el Ministro Jefe de Gabinete de Ministros de la Provincia de Buenos Aires, mediante la cual se autoriza en el Municipio de Saladillo, el inicio ... […] . 7.- Gomerías , forrajerías, aserraderos, carpinterías, kioscos de diarios y revistas y provisión de garrafas. 8.-Talleres mecánico",2021-01-05,2026-09-01,2026-09-01
sibom,https://sibom.slyt.gba.gob.ar/bulletins/4655/contents/1520758,Quilmes,Decreto Nº1856/2020 en el boletín 357º de Quilmes,,04/01/2021,,,objetivo,no,gomeria,https://sibom.slyt.gba.gob.ar/bulletins/4655/contents/1520758,"el rubro, taller de alineacion y balanceo, gomeria — venta de Ilantas , neumaticos nuevos y accesorios del automotor en favor del señor Nunez Gusto Adrian; Que ha tornado intervencion la Agencia de Fiscalizacion y Control Comunal ... […] de Quilmes Oeste, Partido de Quilmes, para desarrollar el rubro taller de alineacion y balanceo- gomeria - yenta de Ilantas, neumaticos nuevos y accesorios del automotor; y ... […] Gustavo Adrian.- Rubro: Taller de alineaciOn y balanceo, Gomeria — Venta de Ilantas , Neumaticos nuevos y Accesorios. - Domicilio: Rodolfo A. Lopez N° 660, localidad de Quilmes Oest",2021-01-04,2026-09-01,2026-09-01
sibom,https://sibom.slyt.gba.gob.ar/bulletins/4736/contents/1523324,General San Martín,Decreto Nº000621/20 en el boletín 1775º de General San Martín,,04/01/2021,,,objetivo,no,camara de aire,https://sibom.slyt.gba.gob.ar/bulletins/4736/contents/1523324,"Autorizando habilitación del desarrollo de actividades: Talleres Culturales, Actividades sociales, recreativas y familiares hasta 20 personas al aire libre o espacios cerrados con ventilación y Actividades religiosas al aire libre. EMERGENCIA SANITARIA COVID-19. ...",2021-01-04,2026-09-01,2026-09-01
sibom,https://sibom.slyt.gba.gob.ar/bulletins/4704/contents/1522454,General Pueyrredon,Decreto Nº2073/20 en el boletín 149º de General Pueyrredon,,30/12/2020,,,volumen_alto,no,"llanta,llantas",https://sibom.slyt.gba.gob.ar/bulletins/4704/contents/1522454,"para el desarrollo de su vida cotidiana. Para ellos, la pirotecnia genera un alto nivel de estrés y ansiedad, provocándoles miedo, lo que los lleva a tener crisis de llantos y gritos, debido a la situación de estrés vivida ... […] la Ordenanza N° 24.686 y su Decreto de promulgación Nº 225/2020, las Leyes Nacionales N° 20.429 y N° 24.304, el Decreto Reglamentario Nacional N° 302/1983 ... […] ARTÍCULO 1°.- Apruébase el ANEXO I que forma parte el presente, que constituye la reglamentación de la Ordenanza N° 24.686 ...",2020-12-30,2026-09-01,2026-09-01
sibom,https://sibom.slyt.gba.gob.ar/bulletins/4704/contents/1522719,General Pueyrredon,Decreto Nº2073/20 en el boletín 149º de General Pueyrredon,,30/12/2020,,,volumen_alto,no,"llanta,llantas",https://sibom.slyt.gba.gob.ar/bulletins/4704/contents/1522719,"y tranquilidad para el desarrollo de su vida cotidiana. Para ellos, la pirotecnia genera un alto nivel de estrés y ansiedad, provocándoles miedo, lo que los lleva a tener crisis de llantos y gritos, debido a la situación de estrés vivida ... […] la Ordenanza N° 24.686 y su Decreto de promulgación Nº 225/2020, las Leyes Nacionales N° 20.429 y N° 24.304, el Decreto Reglamentario Nacional N° 302/1983 ... […] ARTÍCULO 1°.- Apruébase el ANEXO I que forma parte el presente, que constituye la reglamentación de la Ordenanza N° 24.686 ...",2020-12-30,2026-09-01,2026-09-01
sibom,https://sibom.slyt.gba.gob.ar/bulletins/4604/contents/1514038,Bragado,Decreto Nº989 en el boletín 43º de Bragado,,21/12/2020,,,volumen_alto,no,camara de aire,https://sibom.slyt.gba.gob.ar/bulletins/4604/contents/1514038,"CONSIDERANDO: Que, dicho aire es para reemplazar al existente en dicho establecimiento educativos, que se encuentra en muy mal estado; Que, es importante tomar contacto con el ámbito de la educación y buscar las soluciones que estén a nuestro alcance ante las necesidades que nos manifiestan; Por ello: ... […] VISTO: El requerimiento presentado por el Consejo Escolar mediante el cual solicita ayuda económica para que el municipio contribuya a solventar el gasto para la compra de un (1) aire acondicionado para la Escuela de Educación Primaria Nº 21; y ... […] de UN (1) aire acondicionado, para d",2020-12-21,2026-09-01,2026-09-01
sibom,https://sibom.slyt.gba.gob.ar/bulletins/4604/contents/1514017,Bragado,Decreto Nº985 en el boletín 43º de Bragado,,21/12/2020,,,volumen_alto,no,protector de neumaticos,https://sibom.slyt.gba.gob.ar/bulletins/4604/contents/1514017,"CONSIDERANDO: Que dicha institución brinda su colaboración, dedicación y compromiso a través del cuidado, la alimentación, el resguardo, revisiones y/o asistencia veterinaria, entre otros, a la fauna urbana ... […] VISTO: Que este municipio brinda apoyo desde hace varios años a la “Sociedad Protectora de Animales de Bragado” con el aporte de subsidios, a los fines de colaborar con la labor a la que se encuentra avocada; y, ... […] ARTICULO 1°.- OTORGAR a la SOCIEDAD PROTECTORA DE ANIMALES DE BRAGADO un subsidio por la suma de PESOS TRECE MIL NOVECIENTOS DIECISEIS CON NOVENTA Y SEIS CENTAVOS ($",2020-12-21,2026-09-01,2026-09-01
sibom,https://sibom.slyt.gba.gob.ar/bulletins/4635/contents/1517358,General Pueyrredon,Decreto Nº1956/20 en el boletín 140º de General Pueyrredon,,18/12/2020,,,volumen_alto,no,"bateria,baterias",https://sibom.slyt.gba.gob.ar/bulletins/4635/contents/1517358,"Fernando Álvarez, encargado del Taller del EMDER, en el cual autores ignorados habían sustraído una (1) batería de 12 volts de 110 amperes, perteneciente a un tractor marca John Deere 5403, dominio BKD-23 ... […] que el tractor del cual faltó la batería estaba ubicado junto al puesto de guardia en el Estacionamiento del Estadio Mundialista. Que atento a que iba haber un partido de fútbol, el Jefe de Escenario Marcelo Urquía le solicitó lo traslade hacia la parte ... […] de atrás del estacionamiento. Que se celebró el partido. Que el día 27 de agosto el dicente advirtió que las cachas que tapan",2020-12-18,2026-09-01,2026-09-01
sibom,https://sibom.slyt.gba.gob.ar/bulletins/4528/contents/1513324,General Villegas,Resolución Nº438/20 en el boletín 91º de General Villegas,,11/12/2020,,,volumen_alto,no,gomeria,https://sibom.slyt.gba.gob.ar/bulletins/4528/contents/1513324,"VISTO: El Expediente Nº 2732/19, iniciado por el señor Juan José Franco Merlo, solicitando la habilitación municipal de un comercio dedicado a la explotación del rubro “ Gomería ”, desde el día ... […] ARTÍCULO PRIMERO: Regístrese la habilitación provisoria de un comercio dedicado a la explotación del rubro “ Gomería ”, denominación comercial “Merlo Neumáticos”, del señor Juan José Franco Merlo - D ...",2020-12-11,2026-09-01,2026-09-01
sibom,https://sibom.slyt.gba.gob.ar/bulletins/4482/contents/1511538,Coronel Dorrego,Decreto Nº1676/20 en el boletín 76º de Coronel Dorrego,,03/12/2020,,,volumen_alto,no,"cubierta,cubiertas",https://sibom.slyt.gba.gob.ar/bulletins/4482/contents/1511538,"que la Dirección de Servicios ha manifestado la necesidad de proceder a la adquisición de 2 cubiertas 275/80/22,5 lisas y 4 cubiertas 275/80/22,5 con taco para el Camión Nº 606; ... […] ARTICULO 1°) Llamase a CONCURSO DE PRECIOS N° 64/2020 con el objeto de proceder a la adquisición de 2 cubiertas 275/80/22,5 lisas y 4 cubiertas 275/80/22,5 con taco ... […] Por ello, el INTENDENTE MUNICIPAL , en uso de sus facultades- D E C R E T ...",2020-12-03,2026-09-01,2026-09-01
sibom,https://sibom.slyt.gba.gob.ar/bulletins/4482/contents/1512713,Coronel Dorrego,Decreto Nº1709/20 en el boletín 76º de Coronel Dorrego,,03/12/2020,,,volumen_alto,no,"cubierta,cubiertas",https://sibom.slyt.gba.gob.ar/bulletins/4482/contents/1512713,"MIRTA NOEMI 2 cubiertas 275/80/22,5 ... […] .- 4 cubiertas 275/80/22,5 con taco $218.240 ... […] el Concurso de Precios N° 64/2020 , formalizado en el día de la fecha, a fin de proceder a la adquisición de 2 cubiertas 275/80/22,5 lisas y 4 cubiertas 275/80/22,5 con taco para camión Nº 606 perteneciente a la Dirección de Servicios de esta Comuna; ...",2020-12-03,2026-09-01,2026-09-01
sibom,https://sibom.slyt.gba.gob.ar/bulletins/4493/contents/1507067,Bragado,Decreto Nº815 en el boletín 42º de Bragado,,30/11/2020,,,volumen_alto,no,protector de neumaticos,https://sibom.slyt.gba.gob.ar/bulletins/4493/contents/1507067,"CONSIDERANDO: Que dicha institución brinda su colaboración, dedicación y compromiso a través del cuidado, la alimentación, el resguardo, revisiones y/o asistencia veterinaria, entre otros, a la fauna urbana ... […] VISTO: Que este municipio brinda apoyo desde hace varios años a la “Sociedad Protectora de Animales de Bragado” con el aporte de subsidios, a los fines de colaborar con la labor a la que se encuentra avocada; y, ... […] ARTICULO 1°.- OTORGAR a la SOCIEDAD PROTECTORA DE ANIMALES DE BRAGADO un subsidio por la suma de PESOS TRECE MIL NOVECIENTOS DIECISEIS CON NOVENTA Y SEIS CENTAVOS ($",2020-11-30,2026-09-01,2026-09-01
sibom,https://sibom.slyt.gba.gob.ar/bulletins/4543/contents/1510567,Bahia Blanca,Resolución Nº31 en el boletín 91º de Bahia Blanca,,27/11/2020,,,volumen_alto,no,"neumatico,neumaticos",https://sibom.slyt.gba.gob.ar/bulletins/4543/contents/1510567,"Visto el presente expediente mediante el cual Departamento Ingeniería de Tránsito solicita a fojas 1 se abone la bonificación por “Operador de Martillo Neumático ” al agente Cuesta Pablo Luis, leg. 14069, mientras el agente Diaz ... […] a lo establecido en el decreto 627/2010 “Adicional por función de operador de martillo neumático ” Que toda agente que en forma transitoria debiera reemplazar, a quien perciba esta compensación en ausencia del titular, tendrá ... […] ARTICULO 1°) Otorgar “Adicional por función de Operador de Martillo Neumático ” al agente Cuesta Pablo Luis, leg. 14069, por dese",2020-11-27,2026-09-01,2026-09-01
sibom,https://sibom.slyt.gba.gob.ar/bulletins/4529/contents/1509142,Tapalqué,Decreto Nº0621 en el boletín 40º de Tapalqué,,24/11/2020,,,volumen_alto,no,camara de aire,https://sibom.slyt.gba.gob.ar/bulletins/4529/contents/1509142,"VISTO: Decreto 132/2020 de la Provincia de Buenos Aires, DNU 260/2020 (Ampliación de Emergencia Sanitaria), DNU 297/2020 (Aislamiento Social Preventivo y Obligatorio), y DNU 355 ... […] sociales hasta diez (10) personas al aire libre. Natación: sólo entrenamiento deportivo (no recreativo). Entrenamiento deportivo al aire libre de hasta ocho (8) personas ... […] con entrenador/a. Actividades culturales: estudios de danza; estudios de música; ensayo para músicos/as. Iglesias y cultos al aire libre hasta diez (10) personas ...",2020-11-24,2026-09-01,2026-09-01
sibom,https://sibom.slyt.gba.gob.ar/bulletins/4538/contents/1509466,Pilar,Decreto Nº1951/20 en el boletín 145º de Pilar,,20/11/2020,,,objetivo,no,camara de aire,https://sibom.slyt.gba.gob.ar/bulletins/4538/contents/1509466,"Autorízase los ""gimnasios al aire libre"" y los ""gimnasios en espacios cerrados con amplia ventilacion natural"", según protocolos. Se adjunta archivo en el Anexo. ...",2020-11-20,2026-09-01,2026-09-01
sibom,https://sibom.slyt.gba.gob.ar/bulletins/4504/contents/1507825,Exaltación de la Cruz,Decreto Nº762 en el boletín 116º de Exaltación de la Cruz,,16/11/2020,,,objetivo,no,gomeria,https://sibom.slyt.gba.gob.ar/bulletins/4504/contents/1507825,"de Gomeria en la ciudad de Capilla del Señor; Que el Artículo 108 inc. 2) de la Ley Orgánica de las Municipalidades, establece que es facultad del Departamento ejecutivo Promulgar las Ordenanzas; Que en virtud de lo expuesto corresponde promulgar la presente Ordenanza; ... […] La Ley Orgánica de las Municipalidades, Decreto Ley Nº 6769/58 y sus modificatorias, y el Expediente Administrativo Nº 4036-48140-0-2020, iniciado por el Honorable Concejo Deliberante de Exaltación de la Cruz ... […] Artículo ...",2020-11-16,2026-09-01,2026-09-01
sibom,https://sibom.slyt.gba.gob.ar/bulletins/4489/contents/1507496,General Pueyrredon,Resolución Nº1458/20 en el boletín 129º de General Pueyrredon,,13/11/2020,,,volumen_alto,no,"bateria,baterias",https://sibom.slyt.gba.gob.ar/bulletins/4489/contents/1507496,"de los protocolos sanitarios y las medidas de distanciamiento e higiene necesarias para disminuir el riesgo de contagio; no se estima conveniente, en esta instancia, posibilitar el acceso a las baterías de baños existentes en el lugar ... […] que a raíz de la situación de emergencia sanitaria producida por irrupción del coronavirus SARS-CoV-2 (COVID 19) se restringió el acceso a la Reserva Natural Laguna de los Padres, entre otros espacios recreativos ... […] al máximo el cumplimiento de los protocolos sanitarios y las medidas de distanciamiento e higiene necesarias para disminuir el riesgo de",2020-11-13,2026-09-01,2026-09-01
sibom,https://sibom.slyt.gba.gob.ar/bulletins/4469/contents/1505177,Mercedes,Decreto Nº960/2020 en el boletín 27º de Mercedes,,11/11/2020,,,volumen_alto,no,"cubierta,cubiertas",https://sibom.slyt.gba.gob.ar/bulletins/4469/contents/1505177,"a ello, se ha previsto la adquisición de cubiertas . Que atento a la estimación de los valores en el mercado, resulta necesario licitar su compra conforme los procedimientos que prevé la Ley Orgánica de las Municipalidades. ... […] Lo actuado en Expediente administrativo Nº 4602/2020, caratulado “Licitación Privada Nº 10/2020 ... […] Cubierta 275-80-22.5 con taco 2 4 ...",2020-11-11,2026-09-01,2026-09-01
sibom,https://sibom.slyt.gba.gob.ar/bulletins/4359/contents/1499029,Coronel Dorrego,Ordenanza Nº4001/20 en el boletín 75º de Coronel Dorrego,,10/11/2020,,,volumen_alto,no,gomeria,https://sibom.slyt.gba.gob.ar/bulletins/4359/contents/1499029,"VISTO ... […] que contemplará: Empresas de transporte de cargas generales y paqueterías; talleres, gomerías ... […] La permanencia en la vía pública para reparaciones en talleres mecánicos y/o gomerias podrá ser de un total de 3 vehículos ...",2020-11-10,2026-09-01,2026-09-01
sibom,https://sibom.slyt.gba.gob.ar/bulletins/4359/contents/1499031,Coronel Dorrego,Ordenanza Nº4002/20 en el boletín 75º de Coronel Dorrego,,10/11/2020,,,volumen_alto,no,gomeria,https://sibom.slyt.gba.gob.ar/bulletins/4359/contents/1499031,"VISTO ... […] mecánicos, de electricidad, de chapa y pintura y afines; gomerías que presten servicios al Transporte Pesado; en las Sub Áreas Urbanizadas 1 y 2 (SAU 1 - SAU 2 ...",2020-11-10,2026-09-01,2026-09-01
sibom,https://sibom.slyt.gba.gob.ar/bulletins/4425/contents/1504617,Vicente López,Decreto Nº3150/20 en el boletín 682º de Vicente López,,03/11/2020,,,objetivo,no,camara de aire,https://sibom.slyt.gba.gob.ar/bulletins/4425/contents/1504617,"El informe realizado por la Secretaria de Salud a fs. 371. Lo aconsejado por la Comisión Permanente de Licitaciones para el Estudio de Propuestas a fs. 373 ... […] Las ofertas presentadas en el segundo llamado a Licitación Privada Nº 65 dispuesto por Decreto Nº 2697/20 para la “ADQUISICION E INSTALACION DE UNIDAD GENERADORA DE AIRE COMPRIMIDO con destino a la Maternidad Santa Rosa, dependiente de la Secretaria de Salud”, y ... […] Referencia: EXPTE - 1297/2020 ...",2020-11-03,2026-09-01,2026-09-01
sibom,https://sibom.slyt.gba.gob.ar/bulletins/4374/contents/1498205,Bragado,Decreto Nº741 en el boletín 41º de Bragado,,26/10/2020,,,volumen_alto,no,protector de neumaticos,https://sibom.slyt.gba.gob.ar/bulletins/4374/contents/1498205,"CONSIDERANDO: Que dicha institución brinda su colaboración, dedicación y compromiso a través del cuidado, la alimentación, el resguardo, revisiones y/o asistencia veterinaria, entre otros, a la fauna urbana ... […] VISTO: Que este municipio brinda apoyo desde hace varios años a la “Sociedad Protectora de Animales de Bragado” con el aporte de subsidios, a los fines de colaborar con la labor a la que se encuentra avocada; y, ... […] ARTICULO 1°.- OTORGAR a la SOCIEDAD PROTECTORA DE ANIMALES DE BRAGADO un subsidio por la suma de PESOS DOCE MIL QUINIENTOS TREINTA Y TRES CON SESENTA CENTAVOS ($ 12.",2020-10-26,2026-09-01,2026-09-01
sibom,https://sibom.slyt.gba.gob.ar/bulletins/4365/contents/1497539,Exaltación de la Cruz,Decreto Nº449 en el boletín 102º de Exaltación de la Cruz,,15/10/2020,,,objetivo,no,gomeria,https://sibom.slyt.gba.gob.ar/bulletins/4365/contents/1497539,"de GOMERIA -REPARACIÓN; Que a fs. Obra Certificado de Zonificación expedido por la Dirección de Catastro dependiente de la Secretaría de Obras y Servicios Públicos, por el cual se deja ... […] para el otorgamiento de la Habilitación Municipal en el Rubro; SERVICIOS PARA EL AUTOMOTOR TIPO III: “ GOMERÍA REPARACIÓN” , para el comercio ubicado en la localidad de CAPILLA DEL SEÑOR , en el inmueble identificado ... […] El Expediente Administrativo N° 4036-17268/05 , iniciado por ANGIUS HUGO DANIEL, por ante DIRECCIÓN DE PRODUCCIÓN Y MEDIO AMBIENTE y lo establecido por la Ley Orgánica ...",2020-10-15,2026-09-01,2026-09-01
sibom,https://sibom.slyt.gba.gob.ar/bulletins/4336/contents/1496411,Bahia Blanca,Ordenanza Nº20081 en el boletín 85º de Bahia Blanca,,15/10/2020,,,volumen_alto,no,"llanta,llantas",https://sibom.slyt.gba.gob.ar/bulletins/4336/contents/1496411,"a Avenida Cabrera sufre un accidente que produce daños en la llanta y cubierta delantera; y CONSIDERANDO Que, analizadas ... […] un accidente que produce daños en la cubierta y llanta delantera y abónese en tal concepto a la nombrada la suma de ocho mil ochenta pesos ($ 8.080), en un todo de acuerdo a los antecedentes obrantes en el expediente 0/00-10798-2018 (1-HCD-2020 ...",2020-10-15,2026-09-01,2026-09-01
sibom,https://sibom.slyt.gba.gob.ar/bulletins/4343/contents/1495546,Bragado,Decreto Nº638 en el boletín 40º de Bragado,,13/10/2020,,,volumen_alto,no,protector de neumaticos,https://sibom.slyt.gba.gob.ar/bulletins/4343/contents/1495546,"CONSIDERANDO: Que dicha institución brinda su colaboración, dedicación y compromiso a través del cuidado, la alimentación, el resguardo, revisiones y/o asistencia veterinaria, entre otros, a la fauna urbana ... […] VISTO: Que este municipio brinda apoyo desde hace varios años a la “Sociedad Protectora de Animales de Bragado” con el aporte de subsidios, a los fines de colaborar con la labor a la que se encuentra avocada; y, ... […] ARTICULO 1°.- OTORGAR a la SOCIEDAD PROTECTORA DE ANIMALES DE BRAGADO un subsidio por la suma de PESOS DOCE MIL QUINIENTOS TREINTA Y TRES CON SESENTA CENTAVOS ...",2020-10-13,2026-09-01,2026-09-01
sibom,https://sibom.slyt.gba.gob.ar/bulletins/4342/contents/1495535,Pilar,Decreto Nº1657/20 en el boletín 141º de Pilar,,10/10/2020,,,objetivo,no,camara de aire,https://sibom.slyt.gba.gob.ar/bulletins/4342/contents/1495535,Establécese la apertura de actividades gastronómicas al aire libre según el cronograma que establezca la Provincia de Buenos Aires. Se adjunta archivo en Anexo ...,2020-10-10,2026-09-01,2026-09-01
sibom,https://sibom.slyt.gba.gob.ar/bulletins/4272/contents/1490802,Bragado,Decreto Nº532 en el boletín 39º de Bragado,,08/10/2020,,,volumen_alto,no,protector de neumaticos,https://sibom.slyt.gba.gob.ar/bulletins/4272/contents/1490802,"CONSIDERANDO: Que dicha institución brinda su colaboración, dedicación y compromiso a través del cuidado, la alimentación, el resguardo, revisiones y/o asistencia veterinaria, entre otros, a la fauna urbana ... […] VISTO: Que este municipio brinda apoyo desde hace varios años a la “Sociedad Protectora de Animales de Bragado” con el aporte de subsidios, a los fines de colaborar con la labor a la que se encuentra avocada; y, ... […] ARTICULO 1°.- OTORGAR a la SOCIEDAD PROTECTORA DE ANIMALES DE BRAGADO un subsidio por la suma de PESOS DOCE MIL QUINIENTOS TREINTA Y TRES CON SESENTA CENTAVOS ($ 12.",2020-10-08,2026-09-01,2026-09-01
sibom,https://sibom.slyt.gba.gob.ar/bulletins/4289/contents/1492334,Campana,Decreto Nº101/20 en el boletín 84º de Campana,,02/10/2020,,,objetivo,no,camara de aire,https://sibom.slyt.gba.gob.ar/bulletins/4289/contents/1492334,"Disponiendo la contratación, para la provisión del servicio de Mantenimiento de Aire Acondicionado Edificio Biblioteca Municipal Campana, con la empresa SIF S.R.L. ...",2020-10-02,2026-09-01,2026-09-01
sibom,https://sibom.slyt.gba.gob.ar/bulletins/4221/contents/1490383,Vicente López,Decreto Nº2813/20 en el boletín 679º de Vicente López,,25/09/2020,,,objetivo,no,camara de aire,https://sibom.slyt.gba.gob.ar/bulletins/4221/contents/1490383,"Que a fs. 37 la Dirección General de Contaduría confeccionó la Solicitud de Gastos Nº 1-4936 ... […] El presente expediente mediante el cual se tramita la “PROVISION E INSTALACION DE AIRE ACONDICIONADO EN LA ESCUELA PRIMARIA N° 2”, y ... […] Referencia: EXPTE - 1882/2020 ...",2020-09-25,2026-09-01,2026-09-01
sibom,https://sibom.slyt.gba.gob.ar/bulletins/4031/contents/1476825,Bragado,Decreto Nº438 en el boletín 38º de Bragado,,25/09/2020,,,volumen_alto,no,protector de neumaticos,https://sibom.slyt.gba.gob.ar/bulletins/4031/contents/1476825,"CONSIDERANDO: Que dicha institución brinda su colaboración, dedicación y compromiso a través del cuidado, la alimentación, el resguardo, revisiones y/o asistencia veterinaria, entre otros, a la fauna urbana ... […] VISTO: Que este municipio brinda apoyo desde hace varios años a la “Sociedad Protectora de Animales de Bragado” con el aporte de subsidios, a los fines de colaborar con la labor a la que se encuentra avocada; y, ... […] ARTICULO 1°.- OTORGAR a la SOCIEDAD PROTECTORA DE ANIMALES DE BRAGADO un subsidio por la suma de PESOS DOCE MIL QUINIENTOS TREINTA Y TRES CON SESENTA CENTAVOS ($ 12.",2020-09-25,2026-09-01,2026-09-01
sibom,https://sibom.slyt.gba.gob.ar/bulletins/4103/contents/1484114,Tapalqué,Decreto Nº0470 en el boletín 37º de Tapalqué,,17/09/2020,,adjudicada,volumen_alto,no,camara de aire,https://sibom.slyt.gba.gob.ar/bulletins/4103/contents/1484114,"VISTO : El llamado a Concurso de Precios para la para la adquisición de equipo de aire , provisión de materiales, puesta en marcha y mano de obra para calefacción de vestuarios y recepción del Natatorio Municipal ... […] ARTÍCULO 1°: Adjudicase el Concurso de Precios para la adquisición de equipo de aire , provisión de materiales, puesta en marcha y mano de obra para calefacción de vestuarios y recepción ... […] Equipo aire acondicionado - equipo aire acondicionado de alta eficiencia de 36000 kcal tipo marca surrey- provisión de conductos de distribución y retorno de aire en chapa de hierro ga",2020-09-17,2026-09-01,2026-09-01
sibom,https://sibom.slyt.gba.gob.ar/bulletins/4103/contents/1482409,Tapalqué,Decreto Nº0458 en el boletín 37º de Tapalqué,,17/09/2020,,,volumen_alto,no,camara de aire,https://sibom.slyt.gba.gob.ar/bulletins/4103/contents/1482409,"VISTO: La necesidad por parte de esta Municipalidad de proceder al llamado concurso de precios para la adquisición de equipo de aire , provisión de materiales, puesta en marcha y mano de obra para calefacción ... […] ARTICULO 1º: Autorízase a la Oficina de Compras de esta Municipalidad a proceder al llamado concurso de precios para la adquisición de equipo de aire ... […] Por ello el Intendente Municipal, en uso de sus facultades decreta ...",2020-09-17,2026-09-01,2026-09-01
sibom,https://sibom.slyt.gba.gob.ar/bulletins/4175/contents/1484684,Bahia Blanca,Ordenanza Nº20046 en el boletín 81º de Bahia Blanca,,10/09/2020,,,volumen_alto,no,"neumatico,neumaticos",https://sibom.slyt.gba.gob.ar/bulletins/4175/contents/1484684,"correspondiente al “Adicional por Función de Operador de Martillo Neumático ”, del agente Cuesta Pablo Legajo nro. 14069; y CONSIDERANDO ... […] al mencionado agente el adicional de Operador del Martillo Neumático . Que del informe del Departamento de Administración de Personal a fojas 7, surge ... […] setecientos sesenta y nueve pesos con cincuenta y dos centavos ($ 27.769,52), en concepto de Adicional por función de Operador de Martillo Neumático , correspondiente al período comprendido entre el 17 de octubre al 31 de diciembre de 2019 ...",2020-09-10,2026-09-01,2026-09-01
sibom,https://sibom.slyt.gba.gob.ar/bulletins/4185/contents/1485652,General San Martín,Decreto Nº349/20 en el boletín 1763º de General San Martín,,10/09/2020,,,objetivo,no,"cubierta,cubiertas",https://sibom.slyt.gba.gob.ar/bulletins/4185/contents/1485652,"Aprobando Licitación Privada N° 206, ""NUEVA CUBIERTA MUSEO JOSE HERNANDEZ"". ...",2020-09-10,2026-09-01,2026-09-01
sibom,https://sibom.slyt.gba.gob.ar/bulletins/4185/contents/1485782,General San Martín,Decreto Nº377/20 en el boletín 1763º de General San Martín,,10/09/2020,,,objetivo,no,camara de aire,https://sibom.slyt.gba.gob.ar/bulletins/4185/contents/1485782,Autorizando la contratación directa para la contratación del SERVICIO DE MANTENIMIENTO Y MONITOREO DE CAMARAS -NEC ARGENTINA SA ...,2020-09-10,2026-09-01,2026-09-01
sibom,https://sibom.slyt.gba.gob.ar/bulletins/4191/contents/1485615,Lujan,Ordenanza Nº7404 en el boletín 10º de Lujan,,09/09/2020,,,objetivo,no,camara de aire,https://sibom.slyt.gba.gob.ar/bulletins/4191/contents/1485615,"EL EXPEDIENTE CO/D/77/2019 CONCEJAL MARTINI, SILVIO H.: REFERENTE DONACIÓN DE AIRE ACONDICIONADO MAR ... […] El Honorable Concejo Deliberante en ejercicio de sus atribuciones san-ciona la siguiente: O R D E N A N Z A Artículo 1º.- Acéptase la donación de un aire acondicionado marca Elec------------------- tra, modelo TAC26HK ...",2020-09-09,2026-09-01,2026-09-01
sibom,https://sibom.slyt.gba.gob.ar/bulletins/4131/contents/1482193,General San Martín,Decreto Nº77/20 en el boletín 1761º de General San Martín,,04/09/2020,,,objetivo,no,"cubierta,cubiertas",https://sibom.slyt.gba.gob.ar/bulletins/4131/contents/1482193,"Aprobando Licitación Privada N° 209, ""RECAMBIO DE CUBIERTA EES 42"" -MATURANA HUGO. ...",2020-09-04,2026-09-01,2026-09-01
sibom,https://sibom.slyt.gba.gob.ar/bulletins/4081/contents/1481115,Vicente López,Decreto Nº2551/20 en el boletín 678º de Vicente López,,04/09/2020,,,objetivo,no,"cubierta,cubiertas",https://sibom.slyt.gba.gob.ar/bulletins/4081/contents/1481115,"Lo aconsejado por la Comisión Permanente de Licitaciones para el Estudio de Propuestas a fs. 163 ... […] las ofertas presentadas en el segundo llamado a Licitación Privada Nº 35 dispuesto por Decreto Nº 2150/20 para la “PROVISION DE CUBIERTAS para la Secretaria de Tránsito, Transporte Público y Seguridad Vial”, y ... […] Referencia: 808/2020 ...",2020-09-04,2026-09-01,2026-09-01
sibom,https://sibom.slyt.gba.gob.ar/bulletins/3941/contents/1469879,General Villegas,Resolución Nº991/19 en el boletín 87º de General Villegas,,10/08/2020,,,volumen_alto,no,"neumatico,neumaticos,protector de neumaticos",https://sibom.slyt.gba.gob.ar/bulletins/3941/contents/1469879,HABILITACION COMERCIO NEUMATICOS VILLEGAS - 6986/05 ...,2020-08-10,2026-09-01,2026-09-01
sibom,https://sibom.slyt.gba.gob.ar/bulletins/3947/contents/1470104,Bragado,Decreto Nº328 en el boletín 37º de Bragado,,05/08/2020,,,volumen_alto,no,protector de neumaticos,https://sibom.slyt.gba.gob.ar/bulletins/3947/contents/1470104,"CONSIDERANDO: Que dicha institución brinda su colaboración, dedicación y compromiso a través del cuidado, la alimentación, el resguardo, revisiones y/o asistencia veterinaria, entre otros, a la fauna urbana ... […] VISTO: Que este municipio brinda apoyo desde hace varios años a la “Sociedad Protectora de Animales de Bragado” con el aporte de subsidios, a los fines de colaborar con la labor a la que se encuentra avocada; y, ... […] ARTICULO 1°.- OTORGAR a la SOCIEDAD PROTECTORA DE ANIMALES DE BRAGADO un subsidio por la suma de PESOS DOCE MIL QUINIENTOS TREINTA Y TRES CON SESENTA CENTAVOS ($ 12.",2020-08-05,2026-09-01,2026-09-01
sibom,https://sibom.slyt.gba.gob.ar/bulletins/3978/contents/1473427,Vicente López,Decreto Nº2311/20 en el boletín 676º de Vicente López,,31/07/2020,,,objetivo,no,camara de aire,https://sibom.slyt.gba.gob.ar/bulletins/3978/contents/1473427,"Que a fs. 7 la Dirección General de Contaduría confeccionó la Solicitud de Gastos N° 1-2386 ... […] El presente expediente mediante el cual se tramita la ""ADQUISICION E INSTALACION DE UNIDAD GENERADORA DE AIRE COMPRIMIDO con destino a la Maternidad Santa Rosa, dependiente de la Secretaria de Salud"", y ... […] CORRESPONDE A EXPEDIENTE N° 4119 - 001297/2020 ...",2020-07-31,2026-09-01,2026-09-01
sibom,https://sibom.slyt.gba.gob.ar/bulletins/3984/contents/1473273,Exaltación de la Cruz,Decreto Nº376 en el boletín 94º de Exaltación de la Cruz,,30/07/2020,,,objetivo,no,"cubierta,cubiertas",https://sibom.slyt.gba.gob.ar/bulletins/3984/contents/1473273,"Que la Secretaría de Planificación ha elaborado el listado de las cubiertas necesarias para el Corralón Municipal, a fin de efectuar el correspondiente llamado a Licitación Privada, Que, en virtud de lo expuesto, se hace necesario el dictado del presente acto administrativo; ... […] La necesidad de compra de cubiertas para maquinaria del Corralón Municipal, y el Expediente Administrativo N.° 4036-47305/20, por el cual se tramita la Licitación Privada N.° 20/2020 y; ... […] Llámese a Licitación Privada N.°20/20 para la Provisión de cubiertas para maquinaria del Corralón Municipal; de acuerdo al",2020-07-30,2026-09-01,2026-09-01
sibom,https://sibom.slyt.gba.gob.ar/bulletins/3916/contents/1472410,La Plata,Decreto Nº0804/20 en el boletín 1187º de La Plata,,28/07/2020,,,objetivo,no,"bateria,baterias",https://sibom.slyt.gba.gob.ar/bulletins/3916/contents/1472410,"Expte. 4061-1147065-20. Adjudica Compra Directa Excepcional, por la que se gestiona la adquisición la adquisición de baterías . ... […] EL INTENDENTE MUNICIPAL DECRETA ...",2020-07-28,2026-09-01,2026-09-01
sibom,https://sibom.slyt.gba.gob.ar/bulletins/3968/contents/1471930,Campana,Ordenanza Nº7021/20 en el boletín 73º de Campana,,27/07/2020,,,objetivo,no,camara de aire,https://sibom.slyt.gba.gob.ar/bulletins/3968/contents/1471930,"y grabación de cuatro (4) cámaras HD instalado en Sala COVID-19; reparación de sistema de cámaras existentes en el Hospital; cambio de switch e instalación de rack para una mejora del cableado; instalación de tres (3) cámaras fijas cubriendo el perímetro ... […] , entradas principales y estacionamiento; instalación de tres (3) cámaras de sala UTI Terapia Intensiva; enlace entre el Hospital San José y el Centro Integral de Monitoreo Público Urbano para la visualización desde éste último ... […] legal en Florida N° 537, piso 2, oficina 512, Ciudad Autónoma de Buenos Aires, consistente en la inst",2020-07-27,2026-09-01,2026-09-01
sibom,https://sibom.slyt.gba.gob.ar/bulletins/3917/contents/1468731,Bragado,Decreto Nº280 en el boletín 36º de Bragado,,22/07/2020,,,volumen_alto,no,protector de neumaticos,https://sibom.slyt.gba.gob.ar/bulletins/3917/contents/1468731,"CONSIDERANDO: Que dicha institución brinda su colaboración, dedicación y compromiso a través del cuidado, la alimentación, el resguardo, revisiones y/o asistencia veterinaria, entre otros, a la fauna urbana ... […] VISTO: Que este municipio brinda apoyo desde hace varios años a la “Sociedad Protectora de Animales de Bragado” con el aporte de subsidios, a los fines de colaborar con la labor a la que se encuentra avocada; y, ... […] ARTICULO 1°.- OTORGAR a la SOCIEDAD PROTECTORA DE ANIMALES DE BRAGADO un subsidio por la suma de PESOS DOCE MIL QUINIENTOS TREINTA Y TRES CON SESENTA CENTAVOS ($ 12.",2020-07-22,2026-09-01,2026-09-01
sibom,https://sibom.slyt.gba.gob.ar/bulletins/3880/contents/1466964,Vicente López,Decreto Nº2150/20 en el boletín 674º de Vicente López,,21/07/2020,,cerrada,objetivo,no,"cubierta,cubiertas",https://sibom.slyt.gba.gob.ar/bulletins/3880/contents/1466964,"Que conforme al Acta de Apertura obrante a fs. 80/1 no se ha presentado ningún oferente. Que en virtud de ello, a fs. 84 Ia Comisión Permanente de Estudios de Propuestas aconseja declarar desierta Ia ... […] El Ilamado a Licitación Privada Nº 35 dispuesto por Decreto Nº 1086/20, para Ia ""PROVISION DE CUBIERTAS para Ia Secretaría de Tránsito, Transporte Público y Seguridad Vial"", y ... […] CORRESPONDE A EXPEDIENTE Nº 4119 - 000808/2020 ...",2020-07-21,2026-09-01,2026-09-01
sibom,https://sibom.slyt.gba.gob.ar/bulletins/3842/contents/1464812,Bragado,Decreto Nº216 en el boletín 34º de Bragado,,14/07/2020,,,volumen_alto,no,"cubierta,cubiertas",https://sibom.slyt.gba.gob.ar/bulletins/3842/contents/1464812,"CONSIDERANDO: Los informes emitidos por la Secretaria de Integración Sociourbana y Ambiental, la Sub Secretaría Legal y Técnica y la Dirección de Compras, los cuales concuerdan respecto a aceptar la propuesta presentada por el oferente ... […] VISTO: El llamado a Concurso de Precios Nº 3/20 referente a la adquisición de cámaras y cubiertas de marcas reconocidas en el mercado, de diferentes medidas para vehículos pertenecientes a la Dirección de Servicios de la Municipalidad de Bragado; y, ... […] ARTICULO 1º.- ADJUDICAR el Concurso de Precios Nº 3/20, referente a la adquisición de cámaras y cu",2020-07-14,2026-09-01,2026-09-01
sibom,https://sibom.slyt.gba.gob.ar/bulletins/3842/contents/1464784,Bragado,Decreto Nº211 en el boletín 34º de Bragado,,14/07/2020,,,volumen_alto,no,protector de neumaticos,https://sibom.slyt.gba.gob.ar/bulletins/3842/contents/1464784,"CONSIDERANDO: Que dicha institución brinda su colaboración, dedicación y compromiso a través del cuidado, la alimentación, el resguardo, revisiones y/o asistencia veterinaria, entre otros, a la fauna urbana ... […] VISTO: Que este municipio brinda apoyo desde hace varios años a la “Sociedad Protectora de Animales de Bragado” con el aporte de subsidios, a los fines de colaborar con la labor a la que se encuentra avocada; y, ... […] ARTICULO 1°.- OTORGAR a la SOCIEDAD PROTECTORA DE ANIMALES DE BRAGADO un subsidio por la suma de PESOS DOCE MIL QUINIENTOS TREINTA Y TRES CON SESENTA CENTAVOS ($ 12.",2020-07-14,2026-09-01,2026-09-01
sibom,https://sibom.slyt.gba.gob.ar/bulletins/3765/contents/1461014,General Villegas,Resolución Nº930/19 en el boletín 84º de General Villegas,,29/06/2020,,,volumen_alto,no,"neumatico,neumaticos,protector de neumaticos",https://sibom.slyt.gba.gob.ar/bulletins/3765/contents/1461014,PRORROGA HP COMERCIO BROCHIERO NEUMATICOS 1070/17 ...,2020-06-29,2026-09-01,2026-09-01
sibom,https://sibom.slyt.gba.gob.ar/bulletins/3538/contents/1451894,Coronel Dorrego,Resolución Nº0027/20 en el boletín 68º de Coronel Dorrego,,14/05/2020,,,volumen_alto,no,gomeria,https://sibom.slyt.gba.gob.ar/bulletins/3538/contents/1451894,"el ejercicio del Poder de Policía que a este Municipio le confieren los Arts. 190, 191, 192 incs. 4 y 6) de la Constitución Provincial, los artículos 27, 108, 226, 228, 286 y cc. del Decreto Ley 6769/58 – Ley Orgánica de las Municipalidades ... […] los antecedentes obrantes en el Expte. 145/2020 ... […] peticionada por GRANDE LEONARDO MANUEL - Ramo: “ GOMERÍA ”, con la finalidad de proveer a la salubridad, seguridad e higiene de la población, potestad genéricamente reconocida por los Arts. 26, 107, 108 inc. 4 y 5 ...",2020-05-14,2026-09-01,2026-09-01
sibom,https://sibom.slyt.gba.gob.ar/bulletins/3538/contents/1450990,Coronel Dorrego,Decreto Nº0601/20 en el boletín 68º de Coronel Dorrego,,14/05/2020,,,volumen_alto,no,camara de aire,https://sibom.slyt.gba.gob.ar/bulletins/3538/contents/1450990,Ampliación Cálculo de Recursos del Ejercicio 2020 ... […] Cubiertas y cámaras de aire ... […] y camáras de aire ...,2020-05-14,2026-09-01,2026-09-01
sibom,https://sibom.slyt.gba.gob.ar/bulletins/3265/contents/1433178,Coronel Rosales,Decreto Nº493/2019 en el boletín 19º de Coronel Rosales,,08/05/2020,,adjudicada,volumen_alto,no,"cubierta,cubiertas",https://sibom.slyt.gba.gob.ar/bulletins/3265/contents/1433178,"Que mediante Decreto N° 342/19 de fecha 26 de Julio de 2.019 se determinó adjudicar a ""Paredes, Alberto Jesús"" el Concurso de Precios Nro. 11/19 para la adquisición de doce (12) cubiertas dimensión 8 ... […] ) cubiertas dimensión 8.25 R-15­18 para carretón por la suma de PESOS TRESCIENTOS TREINTA MIL ($ 330.000,00.-) a la mencionada firma.- ... […] Las actuaciones obrantes en el Expte. N° DC-2071/19 mediante el cual se dispusiera el llamado a Concurso de Precios N° 11/19 para la adquisición de doce (12) cubiertas dimensión 8.25 R-15-18 para carretón, los Decretos N° 342/19 y 477/19, Y ...",2020-05-08,2026-09-01,2026-09-01
sibom,https://sibom.slyt.gba.gob.ar/bulletins/3519/contents/1446175,Coronel Dorrego,Decreto Nº0413/20 en el boletín 67º de Coronel Dorrego,,24/04/2020,,adjudicada,volumen_alto,no,"neumatico,neumaticos",https://sibom.slyt.gba.gob.ar/bulletins/3519/contents/1446175,"de acuerdo al siguiente detalle: SOBRE Nº 1: ALVAREZ NEUMÁTICOS ... […] la oferta presentada y no habiendo ninguna objeción a la misma el Sr. Jefe de la Oficina de Compras Municipal indica la conveniencia de adjudicar el presente Concurso al Proveedor ALVAREZ NEUMÁTICOS S.A. en la suma ... […] el Concurso de Precios N° 15/2020 , formalizado en el día de la fecha, a fin de proceder a la adquisición de 8 cubiertas 295/80/22.5 para ser utilizadas en los camiones 421 – 424 – 428 y 652 afectados ...",2020-04-24,2026-09-01,2026-09-01
sibom,https://sibom.slyt.gba.gob.ar/bulletins/3490/contents/1445066,General Pueyrredon,Resolución Nº530/20 en el boletín 49º de General Pueyrredon,,17/04/2020,,,volumen_alto,no,"bateria,baterias",https://sibom.slyt.gba.gob.ar/bulletins/3490/contents/1445066,"Que se ha cumplido con las formalidades de concurso de precios en primer llamado según da cuenta la documentación obrante de fojas 19 a 52 inclusive ... […] VISTO las presentes actuaciones donde se tramita el Concurso de Precios Nº 8/20 para la “Adquisición de baterías con destino Secretaría de Gobierno y Secretaría de Desarrollo Social”; y ... […] ARTÍCULO 1°.- Aprobar el Concurso de Precios Nº 08/20 primer y segundo llamado para la “Adquisición de baterías con destino Secretaría de Gobierno y Secretaría de Desarrollo Social”, cuyas ...",2020-04-17,2026-09-01,2026-09-01
sibom,https://sibom.slyt.gba.gob.ar/bulletins/3348/contents/1444069,Nueve de Julio,Decreto Nº518/20 en el boletín 41º de Nueve de Julio,,16/04/2020,,adjudicada,volumen_alto,no,"cubierta,cubiertas",https://sibom.slyt.gba.gob.ar/bulletins/3348/contents/1444069,"Que resulta necesario reacondicionar a cubierta del Hall Central de la Terminal de Omnibus de la Ciudad de 9 de Julio en virtud de que la misma posee múltiples orificios ocasionados por caída de granizo y falta de mantenimiento de sus componentes ... […] estructurales. Que a dichos fines se proyecta el reemplazo del policarbonato de la cubierta y la colocación de nueva perfilería de aluminio para la correcta sujeción manteniendo la estructura metálica existente, lo que se llevará a cabo ... […] El expediente Nº 4082-117/2012. La nota de fojas 10 emitida por el Sr. Secretario de Vivienda y Urba",2020-04-16,2026-09-01,2026-09-01
sibom,https://sibom.slyt.gba.gob.ar/bulletins/3496/contents/1443903,Campana,Decreto Nº169/20 en el boletín 58º de Campana,,15/04/2020,,,objetivo,no,protector de neumaticos,https://sibom.slyt.gba.gob.ar/bulletins/3496/contents/1443903,", la utilización de protectores faciales, tapabocas y/o mascarillas. Asimismo, será obligatoria su utilización para todos los casos previstos en el Artículo 6º del DNU N 297/2020 (t.v.), en sus respectivos ámbitos laborales y durante toda la extensión ... […] de la jornada laboral, mientras se encuentren en contacto y/o proximidad con otras personas. Disponiendo una multa en caso de incumplimiento de la medida ordenada. Recomendando a todo el personal de geriátricos de la Ciudad de Campana el uso de protectores faciales, tapabocas y/o mascarillas durante toda la jornada laboral conforme a las ",2020-04-15,2026-09-01,2026-09-01
sibom,https://sibom.slyt.gba.gob.ar/bulletins/3331/contents/1437524,Bragado,Decreto Nº49 en el boletín 31º de Bragado,,19/03/2020,,,volumen_alto,no,protector de neumaticos,https://sibom.slyt.gba.gob.ar/bulletins/3331/contents/1437524,"CONSIDERANDO: Que dicha institución brinda su colaboración, dedicación y compromiso a través del cuidado, la alimentación, el resguardo, revisiones y/o asistencia veterinaria, entre otros, a la fauna urbana ... […] VISTO: Que este municipio brinda apoyo desde hace varios años a la “Sociedad Protectora de Animales de Bragado” con el aporte de subsidios, a los fines de colaborar con la labor a la que se encuentra avocada; y, ... […] ARTICULO 1°.- OTORGAR a la SOCIEDAD PROTECTORA DE ANIMALES DE BRAGADO un subsidio por la suma de PESOS DOCE MIL QUINIENTOS TREINTA Y TRES CON SESENTA CENTAVOS ($ 12.",2020-03-19,2026-09-01,2026-09-01
sibom,https://sibom.slyt.gba.gob.ar/bulletins/3331/contents/1435775,Bragado,Decreto Nº12 en el boletín 31º de Bragado,,19/03/2020,,,volumen_alto,no,"bateria,baterias",https://sibom.slyt.gba.gob.ar/bulletins/3331/contents/1435775,"CONSIDERANDO: Que dicha empresa se encuentra comprendida por la normativa vigente, Que corresponde al Departamento Ejecutivo otorgar las exenciones correspondientes; por ello ... […] Industrial, a la empresa BATERIAS ELPRA S.A.; La modificación impuesta en la mencionada norma a través de la Ordenanza 3758/09; y, ... […] ARTICULO 1º.- OTORGAR a la empresa BATERIAS ELPRA S.A. los beneficios previstos por la Ordenanza Nº 3758/09 de Promoción Industrial, según los art. 3º y 4º de la misma. ARTICULO 2º.- Los beneficios ...",2020-03-19,2026-09-01,2026-09-01
sibom,https://sibom.slyt.gba.gob.ar/bulletins/3287/contents/1432532,Tapalqué,Decreto Nº0123 en el boletín 30º de Tapalqué,,17/03/2020,,adjudicada,volumen_alto,no,"cubierta,cubiertas",https://sibom.slyt.gba.gob.ar/bulletins/3287/contents/1432532,"VISTO : El llamado a Licitación Privada para la adquisición de cubiertas para el Corralón Municipal para el día 05 de Febrero de 2020 a las 10,00 horas, en la Oficina de Compras de la Municipalidad ... […] ARTÍCULO 1°: Adjudicase la Licitación Privada para la adquisición de cubiertas para el Corralón Municipal ... […] 8 CUBIERTA P/AUTOMOTOR - CUBIERTA 275/80 R 22.5 - TACO - 14 TELAS - DESTINO ...",2020-03-17,2026-09-01,2026-09-01
sibom,https://sibom.slyt.gba.gob.ar/bulletins/3368/contents/1438553,General Pueyrredon,Resolución Nº459/20 en el boletín 39º de General Pueyrredon,,17/03/2020,,,volumen_alto,no,"llanta,llantas",https://sibom.slyt.gba.gob.ar/bulletins/3368/contents/1438553,"Que se ha cumplido con las formalidades de Concurso de Precios Segundo llamado según da cuenta la documentación obrante de fojas 154 a 204 inclusive ... […] las presentes actuaciones donde se tramita el Concurso de Precios Nº 87/19 Segundo llamado para la “Adquisición de equipamiento medico, repuestos, accesorios e insumos con destino Secretaria de Salud ... […] REPUESTOS PARA SILLA DE RUEDAS - RUEDA TRASERA PARA SILLA DE RUEDA - MACIZA - 60 CM DE DIÁMETRO - CON LLANTA Y ARO DE PROPULSIÓN DE ACERO CROMADO - MARCA SILFAB ...",2020-03-17,2026-09-01,2026-09-01
sibom,https://sibom.slyt.gba.gob.ar/bulletins/3275/contents/1434809,General Villegas,Ordenanza Nº6098/19 en el boletín 80º de General Villegas,,13/03/2020,,,volumen_alto,no,recapado,https://sibom.slyt.gba.gob.ar/bulletins/3275/contents/1434809,"VISTO : El Expediente Nº14464/19, iniciado por la Secretaría de Hacienda y Finanzas, elevando el proyecto de ordenanza tendiente ... […] 71400-09 Gomerías, vulcanización, recapado , etc. $ 2.412,66 71400-10 Talleres mecánicos de electricidad, chapa y pintura, etc. Del automotor $ 2.113,52 71400 ... […] $ 299,38 71400-08 Remolque de automotores $ 256,62 71400-09 Gomerías, vulcanización, recapado , etc. $ 299,38 ...",2020-03-13,2026-09-01,2026-09-01
sibom,https://sibom.slyt.gba.gob.ar/bulletins/3275/contents/1435720,General Villegas,Resolución Nº621/19 en el boletín 80º de General Villegas,,13/03/2020,,,volumen_alto,no,gomeria,https://sibom.slyt.gba.gob.ar/bulletins/3275/contents/1435720,"Que mediante Resolución Nº 642/15, agregada a fojas 41 y 42, se registró la habilitación provisoria, correspondiente al Contribuyente Nº 4123. Que por Expediente Nº 426/09 Alcance 1 ... […] El Expediente Nº 426/09, correspondiente a la habilitación de un comercio, perteneciente al señor Claudio Hernán León, dedicado a la explotación del rubro “ Gomería ”, a partir del 1 de enero de 2009; y ... […] ARTÍCULO PRIMERO: Prorrógase la habilitación provisoria otorgada por Resolución Nº 642/15, de un comercio dedicado a la explotación del rubro “ GOMERÍA ”, denominación comercial “LA NUEVA ...",2020-03-13,2026-09-01,2026-09-01
sibom,https://sibom.slyt.gba.gob.ar/bulletins/3266/contents/1433641,Nueve de Julio,Decreto Nº358/20 en el boletín 40º de Nueve de Julio,,12/03/2020,,adjudicada,volumen_alto,no,"neumatico,neumaticos,protector de neumaticos",https://sibom.slyt.gba.gob.ar/bulletins/3266/contents/1433641,"Que corresponde dictar acto administrativo expreso, de conformidad a las constancias enunciadas ... […] La comunicación NO – 2020-00005390 - MUNINUE - SSC#SAH. El expediente Nº 4082-101/2020. La solicitud de la Secretaría de Obras y Servicios Públicos. Las invitaciones a cotizar y los presupuestos presentados por distintas firmas ... […] LICITACIÓN PRIVADA Nº 6 - COMPRA DE NEUMÁTICOS - ADJUDICACIÓN. ...",2020-03-12,2026-09-01,2026-09-01
sibom,https://sibom.slyt.gba.gob.ar/bulletins/3266/contents/1433197,Nueve de Julio,Licitación Nº6/20 en el boletín 40º de Nueve de Julio,,12/03/2020,,,volumen_alto,no,"neumatico,neumaticos,protector de neumaticos",https://sibom.slyt.gba.gob.ar/bulletins/3266/contents/1433197,"Autorízase el llamado a licitación privada Nº 6 para la adquisición de neumáticos para el área de la Secretaría de Obras y Servicios Públicos, a llevarse a cabo el día 18 de febrero de 2020 a las 10:00 hs. en la Subsecretaría de Contrataciones de esta Municipalidad. ...",2020-03-12,2026-09-01,2026-09-01
sibom,https://sibom.slyt.gba.gob.ar/bulletins/3266/contents/1433195,Nueve de Julio,Decreto Nº287/20 en el boletín 40º de Nueve de Julio,,12/03/2020,,,volumen_alto,no,"neumatico,neumaticos,protector de neumaticos",https://sibom.slyt.gba.gob.ar/bulletins/3266/contents/1433195,"Que corresponde dictar acto administrativo a efectos del llamado a Licitación Privada Nº 6, en el marco del Expediente Municipal 4082-101/2020 ... […] La Comunicación NO-2020-00004355-MUNINUE-SSC#SAH. La solicitud de Decreto efectuada por el Sub Secretario de Contrataciones ... […] LICITACIÓN PRIVADA Nº 6 - ADQUISICIÓN DE NEUMÁTICOS - LLAMADO ...",2020-03-12,2026-09-01,2026-09-01
sibom,https://sibom.slyt.gba.gob.ar/bulletins/3015/contents/1418357,Puan,Ordenanza Nº7175/19 en el boletín 19º de Puan,,05/03/2020,,,volumen_alto,no,recapado,https://sibom.slyt.gba.gob.ar/bulletins/3015/contents/1418357,"Corresp. al Expte. N°416/19 ... […] % 7.00.0005 Gomerías, vulcanizado, recapado , etc ...",2020-03-05,2026-09-01,2026-09-01
sibom,https://sibom.slyt.gba.gob.ar/bulletins/3305/contents/1434134,Campana,Decreto Nº89/20 en el boletín 53º de Campana,,28/02/2020,,,objetivo,no,camara de aire,https://sibom.slyt.gba.gob.ar/bulletins/3305/contents/1434134,Declarando de interés del Departamento Ejecutivo Municipal el Ciclo de Cine Latinoamericano al Aire Libre ...,2020-02-28,2026-09-01,2026-09-01
sibom,https://sibom.slyt.gba.gob.ar/bulletins/3276/contents/1431244,Bragado,Decreto Nº1617 en el boletín 29º de Bragado,,27/02/2020,,,volumen_alto,no,protector de neumaticos,https://sibom.slyt.gba.gob.ar/bulletins/3276/contents/1431244,"CONSIDERANDO: Que dicha institución brinda su colaboración, dedicación y compromiso a través del cuidado, la alimentación, el resguardo, revisiones y/o asistencia veterinaria, entre otros, a la fauna urbana ... […] VISTO: Que este municipio brinda apoyo desde hace varios años a la “Sociedad Protectora de Animales de Bragado” con el aporte de subsidios, a los fines de colaborar con la labor a la que se encuentra avocada; y, ... […] ARTICULO 1°.- OTORGAR a la SOCIEDAD PROTECTORA DE ANIMALES DE BRAGADO un subsidio por la suma de PESOS DOCE MIL QUINIENTOS TREINTA Y TRES CON SESENTA CENTAVOS ($ 12.",2020-02-27,2026-09-01,2026-09-01
sibom,https://sibom.slyt.gba.gob.ar/bulletins/3220/contents/1431054,Tapalqué,Decreto Nº0065 en el boletín 29º de Tapalqué,,19/02/2020,,,volumen_alto,no,"cubierta,cubiertas",https://sibom.slyt.gba.gob.ar/bulletins/3220/contents/1431054,"VISTO: La necesidad por parte de esta Municipalidad de proceder al llamado a Licitación Privada para la adquisición de cubiertas para del corralon municipal, y; CONSIDERANDO: La necesidad de autorizar a la Oficina de Compras del Municipio a proceder al llamado a Licitación Privada, ... […] ARTICULO 1º: Autorízase a la Oficina de Compras de esta Municipalidad a proceder al llamado a Licitación Privada para la adquisición de cubiertas ... […] Por ello el Intendente Municipal, en uso de sus facultades decreta ...",2020-02-19,2026-09-01,2026-09-01
sibom,https://sibom.slyt.gba.gob.ar/bulletins/3224/contents/1426769,Bragado,Decreto Nº1617 en el boletín 28º de Bragado,,14/02/2020,,,volumen_alto,no,protector de neumaticos,https://sibom.slyt.gba.gob.ar/bulletins/3224/contents/1426769,"OTORGAR a la SOCIEDAD PROTECTORA DE ANIMALES DE BRAGADO un subsidio subsidio por la suma de PESOS DOCE MIL QUINIENTOS TREINTA Y TRES CON SESENTA CENTAVOS ($ 12.533,60.-), correspondiente al mes de DICIEMBRE ...",2020-02-14,2026-09-01,2026-09-01
sibom,https://sibom.slyt.gba.gob.ar/bulletins/3225/contents/1427431,General Pueyrredon,Decreto Nº365/19 en el boletín 29º de General Pueyrredon,,05/02/2020,,,volumen_alto,no,"llanta,llantas",https://sibom.slyt.gba.gob.ar/bulletins/3225/contents/1427431,"de estrés y ansiedad, provocándoles miedo, lo que los lleva a tener crisis de llantos y gritos, debido a la situación de estrés vivida ...",2020-02-05,2026-09-01,2026-09-01
sibom,https://sibom.slyt.gba.gob.ar/bulletins/3169/contents/1423945,General Pueyrredon,Resolución Nº95/20 en el boletín 27º de General Pueyrredon,,28/01/2020,,,volumen_alto,no,"bateria,baterias",https://sibom.slyt.gba.gob.ar/bulletins/3169/contents/1423945,", destornilladores y demás herramientas de mano, un taladro de mano a batería de color verde y una moledora marca D Wal de color amarilla. Asimismo también sustrajeron del patio una batería de tractor de 12 x 75 amperes y otra batería de un camión ... […] las presentes actuaciones mediante las cuales se tramita sumario administrativo dispuesto por Resolución Nº 1698/19, a fin de deslindar responsabilidades en relación al hecho ocurrido en la Delegación Batán ... […] ARTÍCULO 1º.- Dar por finalizado el presente sumario administrativo. ARTÍCULO 2º ...",2020-01-28,2026-09-01,2026-09-01
sibom,https://sibom.slyt.gba.gob.ar/bulletins/3136/contents/1418810,General Pueyrredon,Decreto Nº386/19 en el boletín 25º de General Pueyrredon,,13/01/2020,,,volumen_alto,no,"llanta,llantas",https://sibom.slyt.gba.gob.ar/bulletins/3136/contents/1418810,"de estrés y ansiedad, provocándoles miedo, lo que los lleva a tener crisis de llantos y gritos, debido a la situación de estrés vivida ... […] el Expediente nº 2395-D-2019 presentado a este H. Concejo Deliberante por el Departamento Ejecutivo ... […] Artículo 1º .- Prohíbase en todo el ámbito del Partido de General Pueyrredon la utilización, tenencia, acopio, depósito, exhibición, fabricación, detonación, comercialización ...",2020-01-13,2026-09-01,2026-09-01
sibom,https://sibom.slyt.gba.gob.ar/bulletins/3101/contents/1417161,General San Martín,Decreto Nº1504/19 en el boletín 1746º de General San Martín,,10/01/2020,,,objetivo,no,camara de aire,https://sibom.slyt.gba.gob.ar/bulletins/3101/contents/1417161,"Contratación Directa ""MANTENIMIENTO CORRECTIVO Y PREVENTIVO DE CAMARA DE MORGUE, CENTRÍFUGAS, HELADERAS, ETC"" , ENTERMAT SRL. ...",2020-01-10,2026-09-01,2026-09-01
sibom,https://sibom.slyt.gba.gob.ar/bulletins/3100/contents/1417072,Trenque Lauquen,Decreto Nº1969/19 en el boletín 47º de Trenque Lauquen,,07/01/2020,,,volumen_alto,no,"llanta,llantas",https://sibom.slyt.gba.gob.ar/bulletins/3100/contents/1417072,"Que es organizado por el Club Social y Deportivo Tres Llantas con el acompañamiento de la Municipalidad de Trenque Lauquen.- Que se llevará a cabo en las instalaciones del club ... […] Que el día sábado 12 de octubre del corriente año, se realizará el “4º FESTIVAL FOLCLÓRICO “MIGUEL MORALLI ... […] 1969-19 Declara de Int.Púb.y Munic. 4º FESTIVAL FOLCLÓRICO MIGUEL MORALLI ...",2020-01-07,2026-09-01,2026-09-01
sibom,https://sibom.slyt.gba.gob.ar/bulletins/3078/contents/1414842,Bahia Blanca,Ordenanza Nº19972 en el boletín 39º de Bahia Blanca,,30/12/2019,,,volumen_alto,no,"bateria,baterias",https://sibom.slyt.gba.gob.ar/bulletins/3078/contents/1414842,"El Proyecto de Ordenanza referido al reconocimiento de los daños ocasionados (faltante de la batería ) al vehículo marca Volkswagen 1500 ... […] Que, según dictaminó la Asesoría Letrada a fs. 64, teniendo en cuenta lo detallado en el Acta de Constatación agregada en copia fiel a fs. 36, no se consignó entre los faltantes del vehículo la batería del mismo ... […] circulando, “...sería lógico presumir que al momento de su retención disponía por lo menos de su batería , hecho que a mi criterio y salvo mejor opinión, torna admisible lo reclamado en tal concepto ...",2019-12-30,2026-09-01,2026-09-01
sibom,https://sibom.slyt.gba.gob.ar/bulletins/2961/contents/1411714,Moreno,Decreto Nº2381 en el boletín 232º de Moreno,,23/12/2019,,,objetivo,no,"neumatico,neumaticos",https://sibom.slyt.gba.gob.ar/bulletins/2961/contents/1411714,"Déjese sin efecto la Licitación Privada N° 23/2019, para la adquisición de ” Neumáticos ”. ...",2019-12-23,2026-09-01,2026-09-01
sibom,https://sibom.slyt.gba.gob.ar/bulletins/2961/contents/1411667,Moreno,Decreto Nº2358 en el boletín 232º de Moreno,,23/12/2019,,,objetivo,no,"cubierta,cubiertas",https://sibom.slyt.gba.gob.ar/bulletins/2961/contents/1411667,"Déjese sin efecto Concurso de Precios N° 22/2019, para la adquisición de “ Cubiertas ” solicitada por la Secretaria de Prevención y Atención de Emergencias Comunitarias, para los móviles de Patrulla Urbana Déjese ... […] sin efecto Concurso de Precios N° 22/2019, para la adquisición de “ Cubiertas ” solicitada por la Secretaria de Prevención y Atención de Emergencias Comunitarias, para los móviles de Patrulla Urbana ...",2019-12-23,2026-09-01,2026-09-01
sibom,https://sibom.slyt.gba.gob.ar/bulletins/3054/contents/1413953,General Pueyrredon,Decreto Nº386/19 en el boletín 22º de General Pueyrredon,,23/12/2019,,,volumen_alto,no,"llanta,llantas",https://sibom.slyt.gba.gob.ar/bulletins/3054/contents/1413953,"), quienes sin importar su edad, requieren un mayor nivel de orden y tranquilidad para el desarrollo de su vida cotidiana. Para ellos, la pirotecnia genera un alto nivel de estrés y ansiedad, provocándoles miedo, lo que los lleva a tener crisis de llantos y gritos ... […] el Expediente nº 2395-D-2019 presentado a este H. Concejo Deliberante por el Departamento Ejecutivo ... […] Artículo 1º .- Prohíbase en todo el ámbito del Partido de General Pueyrredon la utilización, tenencia, acopio, depósito, exhibición, fabricación, detonación, comercialización ...",2019-12-23,2026-09-01,2026-09-01
sibom,https://sibom.slyt.gba.gob.ar/bulletins/2666/contents/1411924,Tandil,Decreto Nº2614/2019 en el boletín 1º de Tandil,,19/12/2019,,,volumen_alto,no,gomeria,https://sibom.slyt.gba.gob.ar/bulletins/2666/contents/1411924,"Que por Decreto N° 2504 del 11 de Julio de 2019 se procedió a adjudicar la presente Licitación. Que se ha expedido la Dirección de Compras y Suministros, solicitando la modificación ... […] La Licitación Privada N° 52-02-19 “Adquisición de neumáticos para stock para la Dirección General de Servicios ... […] : “ Artículo 1 ° : Adjudícase la Licitación Privada N° 52-02-19 “Adquisición de neumáticos para stock para la Dirección General de Servicios” a la firma Gomerías Neumen S.A. en la suma total de Pesos ...",2019-12-19,2026-09-01,2026-09-01
sibom,https://sibom.slyt.gba.gob.ar/bulletins/2666/contents/1408846,Tandil,Decreto Nº2299/2019 en el boletín 1º de Tandil,,19/12/2019,,,volumen_alto,no,camara de aire,https://sibom.slyt.gba.gob.ar/bulletins/2666/contents/1408846,"Que mediante Decreto 1558/2019 de fecha 13/05/2019 se dispone el presente llamado para la realización de la obra “Adquisición de neumáticos y cámaras para Vialidad vehicular”; fijando el Presupuesto Oficial en Pesos ... […] La Licitación Privada Nº 43-02-19 “Adquisición de neumáticos y cámaras para Vialidad Vehicular”; ... […] Artículo 2º : La erogación a producirse será apropiada a la partida 2.4.4.0 “Cubiertas y cámaras de aire ”, dentro de la clasificación institucional 1 – Sector ...",2019-12-19,2026-09-01,2026-09-01
sibom,https://sibom.slyt.gba.gob.ar/bulletins/3009/contents/1409039,General San Martín,Decreto Nº1459/19 en el boletín 1743º de General San Martín,,12/12/2019,,,objetivo,no,camara de aire,https://sibom.slyt.gba.gob.ar/bulletins/3009/contents/1409039,Autorizando subsidio a favor de la CAMARA ECONOMICA SANMARTINENSE. ...,2019-12-12,2026-09-01,2026-09-01
sibom,https://sibom.slyt.gba.gob.ar/bulletins/2863/contents/1405204,Chivilcoy,Ordenanza Nº9547 en el boletín 24º de Chivilcoy,,06/12/2019,,,volumen_alto,no,"bateria,baterias",https://sibom.slyt.gba.gob.ar/bulletins/2863/contents/1405204,$25500 2 Baterías ... […] Baterías para monitor Feas Marca Feas Modelo Multipar $3100 ... […] 1 Batería para monitor Siara $0 ...,2019-12-06,2026-09-01,2026-09-01
sibom,https://sibom.slyt.gba.gob.ar/bulletins/2906/contents/1398270,General Pueyrredon,Resolución Nº590/19 en el boletín 18º de General Pueyrredon,,28/11/2019,,,volumen_alto,no,"llanta,llantas",https://sibom.slyt.gba.gob.ar/bulletins/2906/contents/1398270,"y Sur Verificar los niveles de combustible, aceite, agua, líquido de frenos, transmisión y llantas . Mantener ... […] Colaborar con la verificación los niveles de combustible, aceite, agua, líquido de frenos, transmisión y llantas ...",2019-11-28,2026-09-01,2026-09-01
sibom,https://sibom.slyt.gba.gob.ar/bulletins/2911/contents/1400048,Coronel Dorrego,Decreto Nº1469/19 en el boletín 55º de Coronel Dorrego,,25/11/2019,,adjudicada,volumen_alto,no,camara de aire,https://sibom.slyt.gba.gob.ar/bulletins/2911/contents/1400048,"$ 24.668,00 $ 26.000,00 2 Equipos Aire Acondicionado 2300 Frigorías ... […] 1 Equipo Aire Acondicionado 6000 – Split Frio - Calor $ 35.624,00 ... […] el Concurso de Precios N° 75/19 formalizado en el día 12 de julio de 2019, a fin proceder a la adquisición de calefactores, equipos de aire acondicionado y anafe para ser instalados en el Centro Comunitario de Coronel Dorrego; y ...",2019-11-25,2026-09-01,2026-09-01
sibom,https://sibom.slyt.gba.gob.ar/bulletins/2911/contents/1399078,Coronel Dorrego,Decreto Nº1426/19 en el boletín 55º de Coronel Dorrego,,25/11/2019,,,volumen_alto,no,camara de aire,https://sibom.slyt.gba.gob.ar/bulletins/2911/contents/1399078,"No contiene ... […] que la Dirección de Obras Públicas, ha manifestado la necesidad de proceder a realizar la adquisición de calefactores, equipos de aire acondicionado y anafe para ser instalados en el Centro Comunitario de Coronel Dorrego; ... […] Concurso de Precios Nº 75/2019 ...",2019-11-25,2026-09-01,2026-09-01
sibom,https://sibom.slyt.gba.gob.ar/bulletins/2882/contents/1396699,Coronel Dorrego,Decreto Nº1294/19 en el boletín 54º de Coronel Dorrego,,20/11/2019,,,volumen_alto,no,"llanta,llantas",https://sibom.slyt.gba.gob.ar/bulletins/2882/contents/1396699,"No contiene ... […] que la Dirección de Vialidad Urbana y Rural, ha manifestado la necesidad de adquirir un carro para combustible de 3000 lts. de capacidad, con llantas duales, bomba de dosificación y caudalímetro para ser utilizado en el mantenimiento de caminos provinciales; ... […] Concurso de Precios Nº 65/2019 ...",2019-11-20,2026-09-01,2026-09-01
sibom,https://sibom.slyt.gba.gob.ar/bulletins/2773/contents/1396527,General Villegas,Resolución Nº418/19 en el boletín 77º de General Villegas,,14/11/2019,,,volumen_alto,no,gomeria,https://sibom.slyt.gba.gob.ar/bulletins/2773/contents/1396527,"Que mediante Resolución Nº 556/14, agregada a fojas 49 y 50, se registró la habilitación provisoria, recategorización del rubro mediante Resolución Nº 750/16, y subsiguiente renovación, correspondiente al Contribuyente ... […] El Expediente Nº 4296/10, correspondiente a la habilitación municipal de un comercio, perteneciente a la señora Mabel Haydee Bravo, dedicado a la explotación del rubro “ Gomería ”, a partir del 6 de julio de 2010; y ... […] “ GOMERÍA ”, denominación comercial “EL RUSO”, de la señora MABEL HAYDEE BRAVO, D.N.I. Nº 24.789.299, Contribuyente Nº 21318, Codificador de Rentas N",2019-11-14,2026-09-01,2026-09-01
sibom,https://sibom.slyt.gba.gob.ar/bulletins/2791/contents/1395056,Vicente López,Decreto Nº4138/19 en el boletín 646º de Vicente López,,13/11/2019,,,objetivo,no,camara de aire,https://sibom.slyt.gba.gob.ar/bulletins/2791/contents/1395056,"Declarando rescindido, por culpa del contratista, el contrato celebrado con la firma Conspo sa el 8 de agosto de 2018, destinado a la ejecución de la obra denominada ""Instalación de extracción de aire y en el Depósito de Archivo"". Intimando a la firma Conspo sa al reintegro de las sumas abonadas.- ...",2019-11-13,2026-09-01,2026-09-01
sibom,https://sibom.slyt.gba.gob.ar/bulletins/2852/contents/1393715,Trenque Lauquen,Decreto Nº1965/19 en el boletín 41º de Trenque Lauquen,,01/11/2019,,,volumen_alto,no,"llanta,llantas",https://sibom.slyt.gba.gob.ar/bulletins/2852/contents/1393715,"; El 12 de Julio del corriente año se realizó el evento nº 24 de MAXIMO RIESGO en el Club Tres Llantas , donde se contó con la presencia de “EL Chiquito Zarate” Campeón Argentino y Panamericano enfrentando a Matías Groppa, siendo ... […] la disposición del Honorable Concejo Deliberante de destacar ciudadanas y ciudadanos de nuestro Distrito que por sus aptitudes y por su esfuerzo personal se destacan en Argentina y en el Mundo ennobleciendo a nuestro Distrito ... […] D1965 - E2397 - Declara Merito al Deporte del Distrito de TL. a los Sres. Mariano Luzzi, M. Bonello, H. Ruiz, JP Armano, F. Hern",2019-11-01,2026-09-01,2026-09-01
sibom,https://sibom.slyt.gba.gob.ar/bulletins/2712/contents/1388980,Bahia Blanca,Ordenanza Nº19829 en el boletín 35º de Bahia Blanca,,25/10/2019,,,volumen_alto,no,"llanta,llantas",https://sibom.slyt.gba.gob.ar/bulletins/2712/contents/1388980,"ocurrido el 18 de marzo de 2015, cuando al caer en un bache que había en el desvío que permite girar con dirección al Bahía Blanca Plaza Shopping sobre calle Fragata Sarmiento, rompe la llanta y la cubierta de la rueda derecha delantera ... […] que había en el desvío que permite girar con dirección al Bahía Blanca Plaza Shopping sobre calle Fragata Sarmiento, rompe la llanta y la cubierta de la rueda derecha delantera y, abónese en tal concepto al nombrado la suma de MIL QUINIENTOS OCHENTA ...",2019-10-25,2026-09-01,2026-09-01
sibom,https://sibom.slyt.gba.gob.ar/bulletins/2712/contents/1388713,Bahia Blanca,Ordenanza Nº19799 en el boletín 35º de Bahia Blanca,,25/10/2019,,,volumen_alto,no,protector de neumaticos,https://sibom.slyt.gba.gob.ar/bulletins/2712/contents/1388713,"SARGENTOS, ENTRE PILMAIQUEN Y FRAGATA SARMIENTO – CHARCAS, ENRE FRAGATA SARMIENTO Y FORTALEZA PROTECTORA SARMIENTO – CHARCAS, ENTRE FRAGATA SARMIENTO Y FORTALEZA PROTECTORA ARGENTINA – SAN LORENZO, ENTRE NECOCHEA Y MISIONES (21 CUADRAS) – 2016 ... […] de utilidad pública y pago obligatorio la obra PAVIMENTACIÓN CALLE TRES SARGENTOS ENTRE, PILMAIQUEN Y FRAGATA SARMIENTO – CHARCAS ENTRE, FRAGATA SARMIENTO Y FORTALEZA PROTECTORA ARGENTINA – SAN LORENZO ENTRE, NECOCHEA Y MISIONEROS (21 CUADRAS) – 2016, cuyos ... […] CHARCAS entre Fragata Sarmiento y Fortaleza Protectora Argentina. SAN LORENZO entr",2019-10-25,2026-09-01,2026-09-01
sibom,https://sibom.slyt.gba.gob.ar/bulletins/2820/contents/1390315,Saladillo,Decreto Nº1047/19 en el boletín 42º de Saladillo,,24/10/2019,,,volumen_alto,no,"cubierta,cubiertas",https://sibom.slyt.gba.gob.ar/bulletins/2820/contents/1390315,"cubiertas con cámaras para motoniveladora –Unidades 292 y 312 afectadas a la conservación de caminos rurales, se realice a través del procedimiento de concurso de precios; ... […] el expediente municipal Nº 2894-J-2019, en el marco del cual el Jefe de Compras, Diego A. Lucca, manifiesta la necesidad de adquirir 12 cubiertas con cámaras para motoniveladora –Unidades 292 y 312 afectadas a la conservación de caminos rurales; y ... […] ARTICULO 1: Llamar a Concurso de Precios Nº 27/19 para la adquisición de 12 cubiertas con cámaras para motoniveladora –Unidades 292 y 312 afectadas a la conservació",2019-10-24,2026-09-01,2026-09-01
sibom,https://sibom.slyt.gba.gob.ar/bulletins/2750/contents/1383529,General Pueyrredon,Decreto Nº2182/19 en el boletín 14º de General Pueyrredon,,17/10/2019,,,volumen_alto,no,"bateria,baterias",https://sibom.slyt.gba.gob.ar/bulletins/2750/contents/1383529,", marca Caterpillar, modelo 120 K, interno 7545, que tal como consta a fs. 8-9 se registra afectada al sector caminos rurales; a la misma le faltaba las baterías y el cable conector puente. Habiéndose comunicado previamente con la patrulla policial ... […] rural y apersonándose al lugar donde se encontraba la máquina, verifica la sustracción de las baterías y nota que tenía el grifo del líquido refrigerante abierto ... […] . Que en el mismo informe mencionado “ut-supra” manifiesta el agente Carlos FERREYRA que la máquina en cuestión se encontraba realizando tareas de mejoras de la red vial en ",2019-10-17,2026-09-01,2026-09-01
sibom,https://sibom.slyt.gba.gob.ar/bulletins/2697/contents/1381710,General Villegas,Resolución Nº290/19 en el boletín 76º de General Villegas,,08/10/2019,,,volumen_alto,no,gomeria,https://sibom.slyt.gba.gob.ar/bulletins/2697/contents/1381710,"Que mediante Acta de Constatación Nº 7398, realizada el 21 de noviembre de 2018, se verificó que el comercio ha dejado de funcionar como tal (fojas 102). Que la Dirección de Rentas ... […] El Expediente Nº 5636/15 Alcance 1, correspondiente a la habilitación de un comercio, perteneciente a la firma Petrolauquen S.A. - CUIT Nº 30-64458452-2, dedicado a la explotación de los rubros “Venta de neumáticos y servicio de gomería ”, con fecha de alta 15 de noviembre de 2015, registrado como Contribuyente Nº 21536; y ... […] PETROLAUQUEN S.A. - CUIT Nº 30-64458452-2, Contribuyente Nº 21536, habilitado ",2019-10-08,2026-09-01,2026-09-01
sibom,https://sibom.slyt.gba.gob.ar/bulletins/2638/contents/1374164,Puan,Decreto Nº303/19 en el boletín 16º de Puan,,07/10/2019,,,volumen_alto,no,gomeria,https://sibom.slyt.gba.gob.ar/bulletins/2638/contents/1374164,"Dando de baja al comercio del rubro ESTACIÓN DE SERVICIO ANEXO SERVI-COMPRAS, LAVADO, ENGRASE, GOMERÍA Y COCHERA de la Coop. Agropecuaria Darregueira.- . ...",2019-10-07,2026-09-01,2026-09-01
sibom,https://sibom.slyt.gba.gob.ar/bulletins/2638/contents/1369639,Puan,Decreto Nº044/19 en el boletín 16º de Puan,,07/10/2019,,,volumen_alto,no,camara de aire,https://sibom.slyt.gba.gob.ar/bulletins/2638/contents/1369639,"Autorizando a la JEFATURA DE TRÁNSITO MUNICPAL, al corte de calle de Darregueira, con motivo de la proyección de una película al aire libre.- ...",2019-10-07,2026-09-01,2026-09-01
sibom,https://sibom.slyt.gba.gob.ar/bulletins/2582/contents/1364764,General San Martín,Decreto Nº802/19 en el boletín 1736º de General San Martín,,30/09/2019,,,objetivo,no,camara de aire,https://sibom.slyt.gba.gob.ar/bulletins/2582/contents/1364764,"Licitación Pública N° 1/19, ""INSTALACION Y PUESTA EN FUNCIONAMIENTO DE SIST. AIRE ACONDICIONADO FRIO-CALOR"", DUAL CLIMATIZACION SRL ...",2019-09-30,2026-09-01,2026-09-01
sibom,https://sibom.slyt.gba.gob.ar/bulletins/2673/contents/1376777,Coronel Rosales,Ordenanza Nº3780 en el boletín 15º de Coronel Rosales,,26/09/2019,,,volumen_alto,no,recapado,https://sibom.slyt.gba.gob.ar/bulletins/2673/contents/1376777,"a 1,5 mm en unidades de peso igual o mayor al antes indicado. No podrán estar equipados con cubiertas reconstruídas o recapadas . f) Encontrarse en perfecto estado mecánico, de acuerdo ...",2019-09-26,2026-09-01,2026-09-01
sibom,https://sibom.slyt.gba.gob.ar/bulletins/2673/contents/1376509,Coronel Rosales,Ordenanza Nº3771 en el boletín 15º de Coronel Rosales,,26/09/2019,,,volumen_alto,no,"bateria,baterias",https://sibom.slyt.gba.gob.ar/bulletins/2673/contents/1376509,"de computación y electrónica en general y operen con pilas o baterías conocidas como “botón” dentro del Partido de Coronel Rosales, a recopilar las mencionadas y realizar un almacenamiento separado de las mismas ... […] .- Artículo 2º: Incorpórese a la Ordenanza 1999, Código de Faltas Municipal, el Artículo 71º Bis, imponiendo respecto a la disposición de pilas o baterías denominadas “botón”, las siguientes sanciones ...",2019-09-26,2026-09-01,2026-09-01
sibom,https://sibom.slyt.gba.gob.ar/bulletins/2664/contents/1375398,General Pueyrredon,Resolución Nº2593/19 en el boletín 11º de General Pueyrredon,,18/09/2019,,,volumen_alto,no,camara de aire,https://sibom.slyt.gba.gob.ar/bulletins/2664/contents/1375398,") propuestas correspondientes a las firmas AIRE SRL, CHOCOU MARCOS SEBASTIÁN y SALAS FRANCISCO. Que de los precios cotizados por las firmas citadas se observa que el monto ... […] , traslado, reinstalación y puesta en marcha de sistema de calefacción y aire acondicionado con destino Dirección de Administración”, siendo que el mismo fuera realizado por la Dirección General de Contrataciones en los términos del artículo 151º, 153º ... […] y ccs. de la LOM, artículo 191º y 192º del RCyDA, y artículo 100º y ccs. del Dto. 2980/00. Declarar válidas las propuestas presentadas por las firmas AIRE SRL,",2019-09-18,2026-09-01,2026-09-01
sibom,https://sibom.slyt.gba.gob.ar/bulletins/2567/contents/1365169,Balcarce,Decreto Nº0494/18 en el boletín 33º de Balcarce,,17/09/2019,,,volumen_alto,no,"bateria,baterias",https://sibom.slyt.gba.gob.ar/bulletins/2567/contents/1365169,"Que Mauricio ""Topo"" Espíndola es un baterista argentino. Es principalmente conocido por su participación ... […] de batería , dictada por el baterista Mauricio Espíndola, el día viernes 23 de febrero a partir de las 20 hs, en la Pulpería del Cerro El Triunfo, y ... […] ARTICULO 1° : Declárese de Interés Municipal la realización de una clínica de batería , dictada por el baterista Mauricio ...",2019-09-17,2026-09-01,2026-09-01
sibom,https://sibom.slyt.gba.gob.ar/bulletins/2667/contents/1373807,Trenque Lauquen,Decreto Nº1349/19 en el boletín 38º de Trenque Lauquen,,16/09/2019,,,volumen_alto,no,"llanta,llantas",https://sibom.slyt.gba.gob.ar/bulletins/2667/contents/1373807,"Que, durante el mismo, se firmarán 135 Escrituras, de las cuales, algunas corresponden a la operatoria Instituto de la Vivienda, y otras, a la Ley 10.830 ... […] Que el día Martes 25 de Junio del corriente año se harán presentes en nuestra Ciudad, Funcionarios de Escribanía General de Gobierno de la Provincia de Buenos Aires, con el fin ... […] 1349-19 Decreto Declara Interés Público y Municipal Acto Entrega y Firma escrituras ...",2019-09-16,2026-09-01,2026-09-01
sibom,https://sibom.slyt.gba.gob.ar/bulletins/2667/contents/1373799,Trenque Lauquen,Decreto Nº1346/19 en el boletín 38º de Trenque Lauquen,,16/09/2019,,,volumen_alto,no,camara de aire,https://sibom.slyt.gba.gob.ar/bulletins/2667/contents/1373799,"Que dado el valor de los mismos y conforme lo normado en la Ley Orgánica de las Municipalidades, resulta ajustado a derecho llamar a CONCURSO DE PRECIOS ... […] Las actuaciones obrantes en el Expediente Nº 1668/ 2019 , mediante las que se gestiona la Adquisición de: “EQUIPOS DE AIRE ACONDICIONADO"" con destino a área de esterilización del hospital municipal de Treque Lauquen ; y, ... […] 1346-19 Llamado Concurso Precios 33-19 - AIRE ACONDIC.ESTERILIZ.HOSPITAL TL. ...",2019-09-16,2026-09-01,2026-09-01
sibom,https://sibom.slyt.gba.gob.ar/bulletins/2545/contents/1359570,Chivilcoy,Decreto Nº1051 en el boletín 21º de Chivilcoy,,11/09/2019,,,volumen_alto,no,"cubierta,cubiertas",https://sibom.slyt.gba.gob.ar/bulletins/2545/contents/1359570,"lo informado por el Secretario de Gobierno y el Secretario de Hacienda de la Municipalidad de Chivilcoy ... […] el expediente N° 4031-207.602/19 por el cual el agente municipal LOPARDO RUBEN solicita una ayuda económica para afrontar gastos de medicamentos, no cubiertos por IOMA, y ... […] Ayuda al Personal ...",2019-09-11,2026-09-01,2026-09-01
sibom,https://sibom.slyt.gba.gob.ar/bulletins/2618/contents/1367448,Coronel Rosales,Ordenanza Nº3591 en el boletín 13º de Coronel Rosales,,03/09/2019,,,volumen_alto,no,recapado,https://sibom.slyt.gba.gob.ar/bulletins/2618/contents/1367448,"con cubiertas reconstruídas o recapadas . f) Encontrarse en perfecto estado mecánico, de acuerdo a lo establecido por el Código de Tránsito vigente y Normas Complementarias ...",2019-09-03,2026-09-01,2026-09-01
sibom,https://sibom.slyt.gba.gob.ar/bulletins/2618/contents/1367452,Coronel Rosales,Ordenanza Nº3592 en el boletín 13º de Coronel Rosales,,03/09/2019,,,volumen_alto,no,recapado,https://sibom.slyt.gba.gob.ar/bulletins/2618/contents/1367452,"una profundidad superior a 1,2 mm en unidades de peso inferior a 1.500 Kg y superior a 1,5 mm en unidades de peso igual o mayor al antes indicado. No podrán estar equipados con cubiertas reconstruídas o recapadas . g ...",2019-09-03,2026-09-01,2026-09-01
sibom,https://sibom.slyt.gba.gob.ar/bulletins/2608/contents/1369861,General Pueyrredon,Resolución Nº2277/19 en el boletín 9º de General Pueyrredon,,30/08/2019,,,volumen_alto,no,"llanta,llantas",https://sibom.slyt.gba.gob.ar/bulletins/2608/contents/1369861,"Que se ha cumplido con las formalidades de llamado a Concurso de Precios en primer llamado según da cuenta la documentación obrante a fojas 16 a 74 inclusive ... […] las presentes actuaciones donde se tramita el Concurso de Precios Nº 58/19 para la “Adquisición de Llantas para equipos Viales con destino Secretaría de Gobierno”; y ... […] ARTÍCULO 1º.- Aprobar el Concurso de Precios Nº 58/19 primer y segundo llamado para la “Adquisición de Llantas para equipos Viales con destino Secretaría de Gobierno”, cuyas aperturas de sobres ...",2019-08-30,2026-09-01,2026-09-01
sibom,https://sibom.slyt.gba.gob.ar/bulletins/2384/contents/1369731,Saladillo,Decreto Nº559/19 en el boletín 36º de Saladillo,,30/08/2019,,,volumen_alto,no,"bateria,baterias",https://sibom.slyt.gba.gob.ar/bulletins/2384/contents/1369731,"que se llevará a cabo los días 30 y 31 de marzo de 2019; QUE se contemplarán gastos de presentes, contrataciones, de profesores, sonido e iluminación, pulseras identificadoras ... […] el expediente de la referencia, por medio del cual, desde la Subsecretaría de Cultura, Educación y Derechos Humanos, se solicita se declare de Interés Municipal el 3er Encuentro de Batucadas, Blokos, Baterías y Pasistas, que se llevará a cabo en esta ciudad de Saladillo, y ... […] ARTICULO 1: Declarar de Interés Municipal el 3er Encuentro de Batucadas, Blokos, Baterías y Pasistas, que se llevará a cabo los días 3",2019-08-30,2026-09-01,2026-09-01
sibom,https://sibom.slyt.gba.gob.ar/bulletins/2528/contents/1367104,Puan,Decreto Nº1950/18 en el boletín 15º de Puan,,29/08/2019,,,volumen_alto,no,gomeria,https://sibom.slyt.gba.gob.ar/bulletins/2528/contents/1367104,"Dando de baja al comercio del rubro E STACIÓN DE SERVICIOS, GOMERÍA , LAVADO, ENGRASE, VENTA DE LUBRICANTES Y MINIMERCADO de RODOLFO HORACIO NUÑEZ de Villa Iris.- ...",2019-08-29,2026-09-01,2026-09-01
sibom,https://sibom.slyt.gba.gob.ar/bulletins/2613/contents/1365387,Mercedes,Decreto Nº1618/2019 en el boletín 6º de Mercedes,,22/08/2019,,,volumen_alto,no,"cubierta,cubiertas",https://sibom.slyt.gba.gob.ar/bulletins/2613/contents/1365387,"Que la necesidad de proveer a la Subsecretaría de Servicios Públicos elementos para el depósito que le permitan cubrir los requerimientos operativos de los próximos meses. Que atento ... […] Lo actuado en Expediente administrativo Nº 3906/2019, caratulado “Licitación Privada Nº 73/2019 ... […] Cubierta 1000 x 20 lisas con cámara 2 4 ...",2019-08-22,2026-09-01,2026-09-01
sibom,https://sibom.slyt.gba.gob.ar/bulletins/2554/contents/1362135,Bahia Blanca,Ordenanza Nº19747 en el boletín 33º de Bahia Blanca,,21/08/2019,,,volumen_alto,no,"llanta,llantas",https://sibom.slyt.gba.gob.ar/bulletins/2554/contents/1362135,"El proyecto de ordenanza remitido por el D. Ejecutivo que corre a fs. 22 del citado expediente, referido al reconocimiento de daños ocasionados a las llantas , cubierta, amortiguador y bujes delanteros derechos, del vehículo marca ... […] la responsabilidad de la Municipalidad de Bahía Blanca por los daños ocasionados a las llantas , cubierta, amortiguador y bujes delanteros derechos, del vehículo marca Chevrolet Aveo, Dominio JJQ-148, propiedad del Sr. Perez Jose David, D.N.I. 27.027.915 ... […] Artículo 1º – Dispongase el reconocimiento de los daños ocasionados el día 28 de julio de 2018, a ",2019-08-21,2026-09-01,2026-09-01
sibom,https://sibom.slyt.gba.gob.ar/bulletins/2554/contents/1361123,Bahia Blanca,Ordenanza Nº19710 en el boletín 33º de Bahia Blanca,,21/08/2019,,,volumen_alto,no,"llanta,llantas",https://sibom.slyt.gba.gob.ar/bulletins/2554/contents/1361123,"226, hecho ocurrido el 27 de Abril de 2018, cuando al circular por la intersección de calles Azara y Humboldt, sufre un accidente que produce daños en la rueda delantera izquierda y en la llanta de aleación ... […] de 2018, cuando al circular por la intersección de calles Azara y Humboldt, sufre un accidente que produce daños en la rueda delantera izquierda y en la llanta de aleación y abónese en tal concepto al nombrado la suma de Quince Mil Cien Pesos ($ 15 ...",2019-08-21,2026-09-01,2026-09-01
sibom,https://sibom.slyt.gba.gob.ar/bulletins/2484/contents/1362230,Tapalqué,Decreto Nº0761/19 en el boletín 23º de Tapalqué,,20/08/2019,,,volumen_alto,no,"cubierta,cubiertas",https://sibom.slyt.gba.gob.ar/bulletins/2484/contents/1362230,"VISTO : El llamado a Concurso de Precios para la adquisición de cubiertas para el uso de vehículos y maquinarias del corralon municipal para el día 24 de Julio de 2019 a las 10,00 horas, en la Oficina de Compras ... […] ARTÍCULO 1°: Adjudicase el Concurso de Precios para la adquisición de cubiertas para el uso de vehículos y maquinarias del corralón municipal ... […] CUBIERTA P/AUTOMOTOR - DIMENSION 750 X 16. SUPER AGARRE - 10 TELAS- DESTINO PALA CARGADORA CASE - DOMINIO ADY78 $7 ...",2019-08-20,2026-09-01,2026-09-01
sibom,https://sibom.slyt.gba.gob.ar/bulletins/2484/contents/1356166,Tapalqué,Decreto Nº0707/19 en el boletín 23º de Tapalqué,,20/08/2019,,,volumen_alto,no,"cubierta,cubiertas",https://sibom.slyt.gba.gob.ar/bulletins/2484/contents/1356166,"VISTO: La necesidad por parte de esta Municipalidad de proceder al llamado concurso de precios para la adquisición de cubiertas para el uso de vehículos y maquinarias del corralon municipal ... […] ARTICULO 1º: Autorízase a la Oficina de Compras de esta Municipalidad a proceder al llamado a Concurso de Precios para la adquisición de cubiertas ... […] Por ello el Intendente Municipal, en uso de sus facultades decreta ...",2019-08-20,2026-09-01,2026-09-01
sibom,https://sibom.slyt.gba.gob.ar/bulletins/2445/contents/1359309,Vicente López,Decreto Nº2458/19 en el boletín 643º de Vicente López,,15/08/2019,,,objetivo,no,"neumatico,neumaticos",https://sibom.slyt.gba.gob.ar/bulletins/2445/contents/1359309,"Lo aconsejado por la Comisión Permanente de Licitaciones para el Estudio de Propuestas a fs. 224 ... […] las ofertas presentadas en el llamado a Licitación Privada N° 81 dispuesto por Decreto N° 1836/19 para la ""PROVISION DE NEUMATICOS PARA LA FLOTA DE CAMIONES PERTENECIENTES A LA DIRECCION DE HIGIENE URBANA"", y ... […] CORRESPONDE A EXPEDIENTE N°4119-001655/2019 ...",2019-08-15,2026-09-01,2026-09-01
sibom,https://sibom.slyt.gba.gob.ar/bulletins/2489/contents/1355174,Chivilcoy,Decreto Nº931 en el boletín 20º de Chivilcoy,,02/08/2019,,,volumen_alto,no,"neumatico,neumaticos,protector de neumaticos",https://sibom.slyt.gba.gob.ar/bulletins/2489/contents/1355174,"la necesidad de contratar una mini cargadora con martillo neumático incluyendo operario y combustible para poder realizar el cambio de pendiente de cordón cuneta en Av. 84 entre calles Alvear y General Frías de la ciudad de Chivilcoy, y El artículo 148 de la Ley Orgánica de las Municipalidades ... […] que la Secretaria de Obras y Servicios Públicos no cuenta actualmente con el martillo neumático por encontrarse en reparación, y ... […] Incompetencia ...",2019-08-02,2026-09-01,2026-09-01
sibom,https://sibom.slyt.gba.gob.ar/bulletins/2489/contents/1355520,Chivilcoy,Ordenanza Nº9452 en el boletín 20º de Chivilcoy,,02/08/2019,,,volumen_alto,no,"llanta,llantas",https://sibom.slyt.gba.gob.ar/bulletins/2489/contents/1355520,"de tracción mecánica que carezcan de llantas neumáticas, así como la de vehículos de tracción a sangre desprovistos de llantas engomadas. d) La circulación de camiones pesados y ultrapesados, así como de cualquier vehículo que por la distribución ...",2019-08-02,2026-09-01,2026-09-01
sibom,https://sibom.slyt.gba.gob.ar/bulletins/2517/contents/1354947,General San Martín,Decreto Nº405/19 en el boletín 1732º de General San Martín,,29/07/2019,,,objetivo,no,"llanta,llantas",https://sibom.slyt.gba.gob.ar/bulletins/2517/contents/1354947,", una llanta y la parrilla izquierda de su auto cuando se encontraría circulando por calle Cochabamba esquina calle Rivadavia de esta Comuna, hecho ocurrido el día 21 de Junio del año en curso ... […] La denuncia efectuada por la Señora Silvina Elizabeth Gonzalez ... […] DECRETA ARTICULO 1º: Recházase el Recurso de Revocatoria y Jerárquico en Subsidio interpuesto ...",2019-07-29,2026-09-01,2026-09-01
sibom,https://sibom.slyt.gba.gob.ar/bulletins/2438/contents/1351501,Chacabuco,Decreto Nº798/19 en el boletín 32º de Chacabuco,,21/07/2019,,,volumen_alto,no,protector de neumaticos,https://sibom.slyt.gba.gob.ar/bulletins/2438/contents/1351501,"Viable lo peticionado ... […] La solicitud presentada por la Sociedad Protectora de Ancianos Desvalidos, en el sentido de obtener una ayuda financiera no reintegrable para solventar los gastos de una cena organizada por la institución. ... […] OTORGANDO UN SUBSIDIO A LA SOCIEDAD PROTECTORA DE ANCIANOS DESVALIDOS. ...",2019-07-21,2026-09-01,2026-09-01
sibom,https://sibom.slyt.gba.gob.ar/bulletins/2432/contents/1348124,General Pueyrredon,Resolución Nº1698/19 en el boletín 5º de General Pueyrredon,,17/07/2019,,,volumen_alto,no,"bateria,baterias",https://sibom.slyt.gba.gob.ar/bulletins/2432/contents/1348124,"principal como medio de seguridad, y sustrajeron del interior de este : un cajón de herramientas completo que contenía llaves francesas, llaves de tubo, pinzas, destornilladores y de más herramientas de mano, un taladro de mano a batería de color ... […] verde y una moledora de la marca D Wal de color amarilla. Asimismo también sustrajeron del patio una batería de tractor de 12 x 75 amperes y otra batería de un camión Mercedes de 12 x 180 amperes. Ampliando que en el lugar no poseen cámaras ... […] el presente expediente - Nº 7521-5-2019 Cuerpo 1 ...",2019-07-17,2026-09-01,2026-09-01
sibom,https://sibom.slyt.gba.gob.ar/bulletins/2449/contents/1347508,Chivilcoy,Decreto Nº361 en el boletín 18º de Chivilcoy,,11/07/2019,,,volumen_alto,no,protector de neumaticos,https://sibom.slyt.gba.gob.ar/bulletins/2449/contents/1347508,"que por lo expuesto, el Concurso de Precios convocado se regirá por los términos y requisitos establecidos en los Pliegos de bases y Condiciones Generales, Particulares y de Especificaciones Técnicas, que como documentación licitatoria ... […] el expediente Nº 4031-203703/19 por el cual se requiere la adquisición de neumáticos , cámaras y protectores para vehículos destinados al área de electrotecnia, y que en virtud de las argumentaciones vertidas por la Secretaría peticionante a los fines de lograr los objetivos expresados resulta oportuno convocar a un llamado a Concurso de Precios, y ... [",2019-07-11,2026-09-01,2026-09-01
sibom,https://sibom.slyt.gba.gob.ar/bulletins/2385/contents/1343178,Quilmes,Decreto Nº1452/19 en el boletín 302º de Quilmes,,05/07/2019,,,objetivo,no,gomeria,https://sibom.slyt.gba.gob.ar/bulletins/2385/contents/1343178,"Titular: PICERNO BRAIAN OSCAR Rubro: LUBRICENTRO, GOMERIA Y VENTA DE NEUMATICOS NUEVOS. Domicilio: MONROE N° 1304 - QUILMES Nomenclatura Catastral: I - 0 - 3 - 15 - 20 Observaciones HABILITACION EL TRABAJO EN LA VIA PUBLICA SIGNIFICARA EL RETIRO AUTOMATICO DE LA HABILITACION. DTO 799/04 ART. 16 ...",2019-07-05,2026-09-01,2026-09-01
sibom,https://sibom.slyt.gba.gob.ar/bulletins/2397/contents/1341669,General Pueyrredon,Resolución Nº1591/19 en el boletín 4º de General Pueyrredon,,01/07/2019,,,volumen_alto,no,"llanta,llantas",https://sibom.slyt.gba.gob.ar/bulletins/2397/contents/1341669,"Que se ha cumplido con las formalidades de Licitación Privada según da cuenta la documentación obrante de fojas 66 a 119 inclusive ... […] las presentes actuaciones donde se tramita la Licitación Privada Nº 16/19 para la “Adquisición de Equipos y Herramientas Agrícolas con destino Secretaría de Gobierno y Secretaría de Desarrollo Productivo ... […] de 0.60 piso de chapa antideslizante, dos ejes con elásticos, cuatro llantas 650x16"" sin cubiertas. Capacidad 4TT. MARCA: PLEGADOS JUAN B. JUSTO ...",2019-07-01,2026-09-01,2026-09-01
sibom,https://sibom.slyt.gba.gob.ar/bulletins/2397/contents/1342851,General Pueyrredon,Ordenanza Nº24141 en el boletín 4º de General Pueyrredon,,01/07/2019,,,volumen_alto,no,"llanta,llantas",https://sibom.slyt.gba.gob.ar/bulletins/2397/contents/1342851,"y encomiendas; combustibles líquidos, grasas, lubricantes, y otros fluidos; documentación legal y técnica de la empresa; géneros, hilos, espumas y demás elementos de tapicería; llantas y neumáticos; máquinas y herramientas; residuos especiales (aceites ...",2019-07-01,2026-09-01,2026-09-01
sibom,https://sibom.slyt.gba.gob.ar/bulletins/2314/contents/1332455,General Villegas,Ordenanza Nº5996/18 en el boletín 71º de General Villegas,,28/06/2019,,,volumen_alto,no,recapado,https://sibom.slyt.gba.gob.ar/bulletins/2314/contents/1332455,"VISTO : El Expediente Nº 14251/18, iniciado por la Directora de Rentas elevando el proyecto de Ordenanza tendiente a actualizar ... […] 71400-09 Gomerías, vulcanización, recapado , etc ... […] Gomerías, vulcanización, recapado , etc. $ 206 ...",2019-06-28,2026-09-01,2026-09-01
sibom,https://sibom.slyt.gba.gob.ar/bulletins/2337/contents/1340233,Coronel Rosales,Decreto Nº352/18 en el boletín 10º de Coronel Rosales,,14/06/2019,,,volumen_alto,no,"cubierta,cubiertas",https://sibom.slyt.gba.gob.ar/bulletins/2337/contents/1340233,"Que a tal efecto debe procederse al dictado de la norma respectiva ... […] El Pliego de Bases y Condiciones instrumentado para el llamado a Licitación Privada N°06/18, PARA LA OBRA ""Reemplazo parcial de cubierta y reparación de superficies afectadas en Escuela Primaria N°5"", y ... […] ARTICULO 1°: Apruébase el Pliego de Bases y Condiciones para el llamado a Privada N° 06/18, para la Obra ""Reemplazo parcial de cubierta y reparación de superficies afectadas en Escuela Primaria N°5 ...",2019-06-14,2026-09-01,2026-09-01
sibom,https://sibom.slyt.gba.gob.ar/bulletins/2286/contents/1331858,Coronel Dorrego,Decreto Nº791 en el boletín 49º de Coronel Dorrego,,04/06/2019,,,volumen_alto,no,"bateria,baterias",https://sibom.slyt.gba.gob.ar/bulletins/2286/contents/1331858,"sillas cómodas con respaldo sin apoya brazos, 2 banquetas media altura para músicos, 2 tarimas de 2 mts x 2 x 0.40 mts para batería y percusión y 45 puestos de stand: 2.50x2.50x 2 con lona simulando techo, tomacorriente en cada uno para ser utilizados en la Fiesta del Olivo; ... […] Llamado a Concurso Nº 45-2019 ... […] con sus respectivas áreas de trabajo y mangrullo de foh techado, 4 sillas cómodas con respaldo sin apoya brazos, 2 banquetas media altura para músicos, 2 tarimas de 2 mts x 2 x 0.40 mts para batería y percusión y 45 puestos de stand: 2.50x2.50x 2 con lona ...",2019-06-04,2026-09-01,2026-09-01
sibom,https://sibom.slyt.gba.gob.ar/bulletins/2297/contents/1332546,Coronel Rosales,Decreto Nº160/18 en el boletín 9º de Coronel Rosales,,03/06/2019,,,volumen_alto,no,"cubierta,cubiertas",https://sibom.slyt.gba.gob.ar/bulletins/2297/contents/1332546,"Que han tomado intervención las áreas pertinentes, sin observaciones que formular al presente trámite. - Que a tal efecto debe procederse al dictado de la norma respectiva ... […] El Pliego de Bases y Condiciones instrumentado para el llamado a Licitación Privada N' 03 /18 para Obra ""Remodelación, puesta en valor de los locales: Oficina Comisario. Oficina Segundo Jefe, Baños Personal, Oficina de atención al público. Sala de Reuniones en Planta Alta, cubierta general y fachada"" y; ... […] , Baños Personal, Oficina de atención al público, Sala de Reuniones en Planta Alta, cubierta general y fach",2019-06-03,2026-09-01,2026-09-01
sibom,https://sibom.slyt.gba.gob.ar/bulletins/2303/contents/1333091,Trenque Lauquen,Decreto Nº247/19 en el boletín 25º de Trenque Lauquen,,31/05/2019,,,volumen_alto,no,"neumatico,neumaticos",https://sibom.slyt.gba.gob.ar/bulletins/2303/contents/1333091,"Que dado el valor de la misma y conforme lo normado en la Ley Orgánica de las Municipalidades, resulta ajustado a derecho llamar a LICITACION PUBLICA ... […] Las actuaciones obrantes en el Expediente Nº 258/2019 , mediante las que se gestiona la Adquisición de “UNA RETROCARGADORA SOBRE NEUMATICO ” con destino a delegación de Berutti ; y, ... […] 0247-19 Llamado Licitación Publica 5-19 - RETROCARGADORA S- NEUMATICOS ...",2019-05-31,2026-09-01,2026-09-01
sibom,https://sibom.slyt.gba.gob.ar/bulletins/2226/contents/1323955,Bahia Blanca,Ordenanza Nº19638 en el boletín 29º de Bahia Blanca,,09/05/2019,,,volumen_alto,no,"llanta,llantas",https://sibom.slyt.gba.gob.ar/bulletins/2226/contents/1323955,", hecho ocurrido el 22 de Agosto de 2018, cuando al circular junto a otros vehículos por calle Misiones, entre Brown y Chiclana, no pudo esquivar unos baches, produciendo la rotura de una cubierta y llanta ... […] de 2018, cuando al circular junto a otros vehículos por calle Misiones, entre Brown y Chiclana, no pudo esquivar unos baches, produciendo la rotura de una cubierta y llanta y, abónese en tal concepto al nombrado la suma de Mil Trescientos Sesenta Pesos ...",2019-05-09,2026-09-01,2026-09-01
sibom,https://sibom.slyt.gba.gob.ar/bulletins/2103/contents/1317559,General Villegas,Decreto Nº1566/18 en el boletín 69º de General Villegas,,07/05/2019,,,volumen_alto,no,"bateria,baterias,gomeria",https://sibom.slyt.gba.gob.ar/bulletins/2103/contents/1317559,"Que por Expediente Nº 10989/17, agregado a fojas 9, el recurrente solicitó la baja de la actividad comercial, desde el 27 de septiembre de 2017. Que por Acta de Constatación Nº 6230 ... […] El Expediente Nº 2378/93, iniciado por el señor Raúl Anselmo Marega, correspondiente a la habilitación municipal de un comercio, dedicado a la explotación de los rubros “Venta de baterías y gomería ”, fecha de alta 3 de junio de 1993, registrado como Contribuyente Nº 9002; y ... […] , habilitado con los rubros “VENTA DE BATERIAS Y GOMERIA ”, Codificadores de Rentas Nº 71400-09 y 62900-30, con domicilio come",2019-05-07,2026-09-01,2026-09-01
sibom,https://sibom.slyt.gba.gob.ar/bulletins/2103/contents/1314070,General Villegas,Resolución Nº945/18 en el boletín 69º de General Villegas,,07/05/2019,,,volumen_alto,no,gomeria,https://sibom.slyt.gba.gob.ar/bulletins/2103/contents/1314070,"Que mediante Resolución Nº 175/17, agregada a fojas 59 y 60, se registró la habilitación provisoria, correspondiente al Contribuyente Nº 6347. Que por Expediente Nº 6688/11 Alcance 1 ... […] El Expediente Nº 6688/11, correspondiente a la habilitación de un comercio, perteneciente al señor Ricardo Alberto Mutuberria, dedicado a la explotación del rubro “ Gomeria ”, a partir del 01 de octubre de 2011; y ... […] ARTÍCULO PRIMERO: Prorrógase la habilitación provisoria otorgada por Resolución Nº 175/17, de un comercio dedicado a la explotación del rubro “ GOMERIA ”, denominación comercial ...",2019-05-07,2026-09-01,2026-09-01
sibom,https://sibom.slyt.gba.gob.ar/bulletins/2103/contents/1315069,General Villegas,Resolución Nº996/18 en el boletín 69º de General Villegas,,07/05/2019,,,volumen_alto,no,gomeria,https://sibom.slyt.gba.gob.ar/bulletins/2103/contents/1315069,"Que mediante Resolución Nº 668/16, agregada a fojas 65 y 66, se registró la habilitación y traslado provisorios, correspondiente al Contribuyente Nº 5158. Que se labraron Acta ... […] El Expediente Nº 4953/10, correspondiente a la habilitación municipal y traslado de un comercio, perteneciente al señor Hernán Miguel Perello, dedicado a la explotación de los rubros “Taller de mecánica pesada – Gomería ”, a partir del 1 de junio de 2009; y ... […] PESADA – GOMERÍA ”, denominación comercial “TALLER EL SANTA”, del señor HERNAN MIGUEL PERELLO, D.N.I. Nº 21.619.290, Contribuyente Nº 5158, Codificado",2019-05-07,2026-09-01,2026-09-01
sibom,https://sibom.slyt.gba.gob.ar/bulletins/2056/contents/1309637,Nueve de Julio,Decreto Nº1179/19 en el boletín 28º de Nueve de Julio,,22/04/2019,,adjudicada,volumen_alto,no,"neumatico,neumaticos,protector de neumaticos",https://sibom.slyt.gba.gob.ar/bulletins/2056/contents/1309637,LICITACIÓN PRIVADA No 11 - COMPRA DE NEUMÁTICOS - ADJUDICACIÓN. ...,2019-04-22,2026-09-01,2026-09-01
sibom,https://sibom.slyt.gba.gob.ar/bulletins/2116/contents/1314866,Pilar,Decreto Nº952/19 en el boletín 74º de Pilar,,12/04/2019,,,objetivo,no,"llanta,llantas",https://sibom.slyt.gba.gob.ar/bulletins/2116/contents/1314866,"Que la Sra. Marello Patricia María manifiesta que cuando circulaba por la calle Arturo Frondizi en la zona cercana al Parque Industrial, se topa con un bache, ocasionándole daños en la llanta ... […] El expediente de referencia ... […] Corresponde al Expediente Nº 4089-2366/19 Pilar, 05 ABR 2019 ...",2019-04-12,2026-09-01,2026-09-01
sibom,https://sibom.slyt.gba.gob.ar/bulletins/1989/contents/1304475,General Villegas,Resolución Nº904/18 en el boletín 68º de General Villegas,,03/04/2019,,,volumen_alto,no,gomeria,https://sibom.slyt.gba.gob.ar/bulletins/1989/contents/1304475,"Que se labraron Acta de Inspección Nº 3259 y Censo de Comercio e Industria Nº 3434, declarando no poseer empleados en relación de dependencia (fojas 10 y 11). Que la Secretaría ... […] El Expediente Nº 4036/15, iniciado por el señor Luis Rodolfo Pérez, donde se tramita la habilitación municipal de un comercio, dedicado a la explotación de los rubros “ Gomería – Repuestos y accesorios”, desde el 1 de julio de 2015; y ... […] ARTÍCULO PRIMERO: Regístrese la habilitación al solo efecto de percibir las tasas municipales, del comercio dedicado a la explotación de los rubros “ GOMERIA – REPUESTOS Y ",2019-04-03,2026-09-01,2026-09-01
sibom,https://sibom.slyt.gba.gob.ar/bulletins/1942/contents/1298012,Bragado,Decreto Nº14 en el boletín 9º de Bragado,,01/04/2019,,,volumen_alto,no,"bateria,baterias",https://sibom.slyt.gba.gob.ar/bulletins/1942/contents/1298012,"OTORGANDO a la empresa BATERIAS ELPRA S.A . los beneficios previstos por la Ordenanza Nº 3758/09 de Promoción Industrial, según los art. 3º y 4º de la misma. Los beneficios otorgados se aplicarán ...",2019-04-01,2026-09-01,2026-09-01
sibom,https://sibom.slyt.gba.gob.ar/bulletins/2041/contents/1308031,Trenque Lauquen,Decreto Nº2404/18 en el boletín 20º de Trenque Lauquen,,29/03/2019,,,volumen_alto,no,"llanta,llantas",https://sibom.slyt.gba.gob.ar/bulletins/2041/contents/1308031,"Que en ellas el Presidente y Tesorero del Club Tres Llantas , de nuestra Ciudad; solicita una ayuda económica a fin de solventar los gastos que le ocasiona la organización de la tradicional “Cena Show ... […] Las actuaciones obrantes en Expediente Administrativo Nº 3.550/18 ... […] 2404-18 Subsidio NO Reinteg. DANDA JUAN CARLOS P- TRES LLANTAS ...",2019-03-29,2026-09-01,2026-09-01
sibom,https://sibom.slyt.gba.gob.ar/bulletins/2049/contents/1312299,Pilar,Decreto Nº873/19 en el boletín 72º de Pilar,,29/03/2019,,,objetivo,no,"llanta,llantas",https://sibom.slyt.gba.gob.ar/bulletins/2049/contents/1312299,"sus signos vitales y despertara con un llanto aliviador para tan difícil momento. Que restablecidas sus funciones vitales, ambos policías trasladaron a a niña hasta el Hospital Federico Falcón ... […] El desempeño de los policías del Comando de Patrulla Pilar los cuales lograron salvar la vida de una beba ... […] Corresponde al Expediente N° 132/19 - 3019/19 Pilar ...",2019-03-29,2026-09-01,2026-09-01
sibom,https://sibom.slyt.gba.gob.ar/bulletins/2041/contents/1310196,Trenque Lauquen,Decreto Nº2467/18 en el boletín 20º de Trenque Lauquen,,29/03/2019,,,volumen_alto,no,"llanta,llantas",https://sibom.slyt.gba.gob.ar/bulletins/2041/contents/1310196,", dominio AB748CK; Que el Sr. Serrago expresa en su nota que el siniestro habría ocurrido debido a un declive del suelo y que, como consecuencia del mismo, habría sufrido rotura de llanta y paragolpes ... […] El reclamo presentado por el señor Rodrigo Serrago, y el Expediente Administrativo Nº 2.541/18 ... […] 2467-18 No da lugar al Reclamo SERRAGO RODRIGO ...",2019-03-29,2026-09-01,2026-09-01
sibom,https://sibom.slyt.gba.gob.ar/bulletins/2006/contents/1311474,La Plata,Decreto Nº0241/19 en el boletín 1169º de La Plata,,28/03/2019,,,objetivo,no,"bateria,baterias",https://sibom.slyt.gba.gob.ar/bulletins/2006/contents/1311474,"Que la DIRECCION GENERAL DE COMPRAS Y SUMINISTROS conjuntamente con la DIRECCION DE HIDROMETEOROLOGÍA, han confeccionado el Pliego de Bases y Condiciones y Anexo, tendientes a lograr la adquisición de lo mencionado ... […] , dataloguer, modem 3G, gabinete, kit de baterías , UPS de resguardo eléctrico, incluyendo instalación, según especificaciones del Pliego de Bases y Condiciones y Anexo, con destino a SUBSECRETARÍA DE GESTIÓN DEL RIESGO, mediante solicitud de pedido N°427/19, obrante a Fojas 13; y ... […] meteorológica, dataloguer, modem 3G, gabinete, kit de baterías , UPS de resguardo eléct",2019-03-28,2026-09-01,2026-09-01
sibom,https://sibom.slyt.gba.gob.ar/bulletins/2016/contents/1307697,Nueve de Julio,Decreto Nº1116/19 en el boletín 27º de Nueve de Julio,,25/03/2019,,,volumen_alto,no,"neumatico,neumaticos,protector de neumaticos",https://sibom.slyt.gba.gob.ar/bulletins/2016/contents/1307697,LICITACIÓN PRIVADA No 11 - COMPRA NEUMÁTICOS - LLAMADO ...,2019-03-25,2026-09-01,2026-09-01
sibom,https://sibom.slyt.gba.gob.ar/bulletins/2016/contents/1307700,Nueve de Julio,Licitación Nº11/19 en el boletín 27º de Nueve de Julio,,25/03/2019,,,volumen_alto,no,"neumatico,neumaticos,protector de neumaticos",https://sibom.slyt.gba.gob.ar/bulletins/2016/contents/1307700,"Autorízase el llamado a licitación privada No 11 para la compra de neumáticos para el área de la Secretaría de Obras y Servicios Públicos y Secretaría de Gobierno, a llevarse a cabo el día 27 de febrero de 2019 a las 10:00 hs. en la Subsecretaría de Contrataciones de esta Municipalidad. ...",2019-03-25,2026-09-01,2026-09-01
sibom,https://sibom.slyt.gba.gob.ar/bulletins/1911/contents/1301769,General Villegas,Resolución Nº796/18 en el boletín 67º de General Villegas,,28/02/2019,,,volumen_alto,no,"gomeria,neumatico,neumaticos,protector de neumaticos",https://sibom.slyt.gba.gob.ar/bulletins/1911/contents/1301769,"Que a fojas 18 y 19, se adjunta el Acta de Inspección Nº 5186 y el Censo de Comercio e Industria Nº 5511, mediante el cual declara contar con un empleado en relación de dependencia ... […] El Expediente Nº 1070/17, iniciado por el señor Nelso Brochiero, en carácter de socio de la firma Brochiero Neumáticos Sociedad Simple, solicitando la habilitación municipal de un comercio dedicado a la explotación de los rubros “Gomería - Neumáticos ”, desde el día 1 de enero de 2017; y ... […] ARTÍCULO PRIMERO: Regístrese la habilitación provisoria de un comercio dedicado a la explotación de los rubros “Go",2019-02-28,2026-09-01,2026-09-01
sibom,https://sibom.slyt.gba.gob.ar/bulletins/1911/contents/1297313,General Villegas,Decreto Nº1234/18 en el boletín 67º de General Villegas,,28/02/2019,,,volumen_alto,no,"neumatico,neumaticos",https://sibom.slyt.gba.gob.ar/bulletins/1911/contents/1297313,"Que el Director de Mantenimiento y Control de las Reparaciones a cargo de Patrimonio interviene a fojas 5 a 59, adjuntando la planilla con los datos patrimoniales de los bienes aludidos ... […] El Expediente Nº 9538/18, iniciado por el Director Vial, solicitando la baja del patrimonio municipal de elementos de esa dependencia ... […] Sillón Neumático Regulable 2768 ...",2019-02-28,2026-09-01,2026-09-01
sibom,https://sibom.slyt.gba.gob.ar/bulletins/1966/contents/1301157,Pilar,Decreto Nº422 en el boletín 69º de Pilar,,22/02/2019,,,objetivo,no,"llanta,llantas",https://sibom.slyt.gba.gob.ar/bulletins/1966/contents/1301157,"con un bache, ocasionándole daños en la llanta y neumático, por lo que solicita un resarcimiento. Que con la documentación agregada, y tratándose de una denuncia cuya atribución de relación de causalidad ... […] El expediente de referencia ... […] Corresponde al Expediente N° 136/19 Pilar ...",2019-02-22,2026-09-01,2026-09-01
sibom,https://sibom.slyt.gba.gob.ar/bulletins/1878/contents/1300876,Chacabuco,Decreto Nº195/19 en el boletín 27º de Chacabuco,,21/02/2019,,,volumen_alto,no,protector de neumaticos,https://sibom.slyt.gba.gob.ar/bulletins/1878/contents/1300876,"Viable lo peticionado ... […] La solicitud presentada por la Sociedad Protectora de Ancianos Desvalidos, en el sentido de obtener una ayuda financiera no reintegrable para solventar los gastos del pago de una parte del retiro de residuos patogénicos. ... […] OTORGANDO UN SUBSIDIO A LA SOCIEDAD PROTECTORA DE ANCIANOS DESVALIDOS. ...",2019-02-21,2026-09-01,2026-09-01
sibom,https://sibom.slyt.gba.gob.ar/bulletins/1823/contents/1293200,Brandsen,Decreto Nº1480 en el boletín 24º de Brandsen,,18/02/2019,,,objetivo,no,camara de aire,https://sibom.slyt.gba.gob.ar/bulletins/1823/contents/1293200,"; Que a fs. 32 obra dictamen de la Jefe de Contrataciones y Licitaciones Interino: “Concurso de Precios Nº 34/2018. Expediente Nº 23.721/18. Detalle: Compra de equipos de aire acondicionado en el marco del convenio Específico de Cooperación entre ... […] Visto el expediente Nº 4015- 23.721/18, por el cual la Secretaria de Hacienda y Administración, gestiona un llamado a Concurso de Precios Nº 34/2018, para la adquisición de equipos de aire acondicionado frio calor ... […] ARTÍCULO 1º.- Autorizase el llamado a Concurso de Precios Nº 30/2018, para la adquisición de equipos de aire acondicionado ",2019-02-18,2026-09-01,2026-09-01
sibom,https://sibom.slyt.gba.gob.ar/bulletins/1949/contents/1298965,Trenque Lauquen,Decreto Nº2321/18 en el boletín 18º de Trenque Lauquen,,15/02/2019,,adjudicada,volumen_alto,no,camara de aire,https://sibom.slyt.gba.gob.ar/bulletins/1949/contents/1298965,"Que se han cumplido los recaudos legales pertinentes; Que se han examinado las propuestas presentadas y su cuadro comparativo de precios; Que la comisión de adjudicación ... […] Las actuaciones obrantes en el Expediente Nº 3303/2018 , LICITACION PRIVADA Nº 40/2018 , en la cual se gestiona la adquisición de: “UN SISTEMA DE AIRE ACONDICIONADO FRIO/CALOR”, con destino a obra ampliación Hospital de Treinta de Agosto; y ... […] 2321-18 Adj. Licitación Privada 40-18 - SIST. AIRE ACOND.FRIO-CALOR HOSP.T.AG. ...",2019-02-15,2026-09-01,2026-09-01
sibom,https://sibom.slyt.gba.gob.ar/bulletins/1852/contents/1291099,Chivilcoy,Decreto Nº1964 en el boletín 14º de Chivilcoy,,14/02/2019,,adjudicada,volumen_alto,no,"neumatico,neumaticos,protector de neumaticos",https://sibom.slyt.gba.gob.ar/bulletins/1852/contents/1291099,", y que conforme a las propuestas presentadas que surgen del citado expediente, a los intereses del municipio, es conveniente adjudicar el Concurso de Precios N° 51/2018 a las firmas: NEUMYSER S.A., TESTA NEUMATICOS S.A., ISNARDI HUGO HOMAR. ... […] el expediente Nº 4031-199590/18 mediante el cual la Directora de Compras de la Municipalidad de Chivilcoy solicita la adquisición de neumáticos , cámaras y protectores para vehículos destinados al Área de Pavimento, y ... […] Adjudicación concurso de Precios ...",2019-02-14,2026-09-01,2026-09-01
sibom,https://sibom.slyt.gba.gob.ar/bulletins/1852/contents/1288675,Chivilcoy,Decreto Nº1838 en el boletín 14º de Chivilcoy,,14/02/2019,,,volumen_alto,no,"cubierta,cubiertas",https://sibom.slyt.gba.gob.ar/bulletins/1852/contents/1288675,"lo informado por el Secretario de Gobierno y el Secretario de Hacienda de la Municipalidad de Chivilcoy ... […] el expediente N° 4031-199425/18 por el cual la agente municipal JORGE RAMON LENCINA solicita una ayuda económica para afrontar gastos médicos no cubiertos por la obra social IOMA, y ... […] Asistencia al Personal ...",2019-02-14,2026-09-01,2026-09-01
sibom,https://sibom.slyt.gba.gob.ar/bulletins/1852/contents/1289502,Chivilcoy,Decreto Nº1881 en el boletín 14º de Chivilcoy,,14/02/2019,,,volumen_alto,no,protector de neumaticos,https://sibom.slyt.gba.gob.ar/bulletins/1852/contents/1289502,"que por lo expuesto, el Concurso de Precios convocado se regirá por los términos y requisitos establecidos en los Pliegos de bases y Condiciones Generales, Particulares y de Especificaciones Técnicas ... […] el expediente Nº 4031-199587/18 mediante el cual la Directora de Compras de la Municipalidad de Chivilcoy solicita la adquisición de neumáticos , cámaras y protectores para vehículos destinados al área ... […] Llamado Concurso de Precios N° 52 ...",2019-02-14,2026-09-01,2026-09-01
sibom,https://sibom.slyt.gba.gob.ar/bulletins/1852/contents/1289136,Chivilcoy,Decreto Nº1880 en el boletín 14º de Chivilcoy,,14/02/2019,,,volumen_alto,no,protector de neumaticos,https://sibom.slyt.gba.gob.ar/bulletins/1852/contents/1289136,"que por lo expuesto, el Concurso de Precios convocado se regirá por los términos y requisitos establecidos en los Pliegos de bases y Condiciones Generales, Particulares y de Especificaciones Técnicas ... […] el expediente Nº 4031-199590/18 mediante el cual la Directora de Compras de la Municipalidad de Chivilcoy solicita la adquisición de neumáticos , cámaras y protectores para vehículos destinados al área ... […] Llamado Concurso de Precios N° 51 ...",2019-02-14,2026-09-01,2026-09-01
sibom,https://sibom.slyt.gba.gob.ar/bulletins/1852/contents/1291100,Chivilcoy,Decreto Nº1965 en el boletín 14º de Chivilcoy,,14/02/2019,,adjudicada,volumen_alto,no,protector de neumaticos,https://sibom.slyt.gba.gob.ar/bulletins/1852/contents/1291100,"el informe de la Directora de Compras de la Municipalidad de Chivilcoy, mediante el cual comunica que no se han encontrado objeciones en el proceso ... […] el expediente Nº 4031-199587/18 mediante el cual la Directora de Compras de la Municipalidad de Chivilcoy solicita la adquisición de neumáticos , cámaras y protectores para vehículos destinados al Área de Electrónica y ... […] Adjudicación Concurso de Precios N° 52 ...",2019-02-14,2026-09-01,2026-09-01
sibom,https://sibom.slyt.gba.gob.ar/bulletins/1756/contents/1285072,General Villegas,Decreto Nº996/18 en el boletín 66º de General Villegas,,01/02/2019,,,volumen_alto,no,"neumatico,neumaticos",https://sibom.slyt.gba.gob.ar/bulletins/1756/contents/1285072,"Que el Director de Mantenimiento y Control de las Reparaciones a cargo de Patrimonio interviene a fojas 4 a 18, adjuntando la planilla con los datos patrimoniales de los bienes aludidos ... […] El Expediente Nº 8273/18, iniciado por el Secretario de Obras y Servicios Públicos, solicitando la baja del patrimonio municipal de elementos de esa área ... […] Silla – Neumática giratoria C/A/B- Respaldo Alto Tapizados ...",2019-02-01,2026-09-01,2026-09-01
sibom,https://sibom.slyt.gba.gob.ar/bulletins/1756/contents/1289458,General Villegas,Resolución Nº665/18 en el boletín 66º de General Villegas,,01/02/2019,,,volumen_alto,no,gomeria,https://sibom.slyt.gba.gob.ar/bulletins/1756/contents/1289458,"Que mediante Resolución Nº 741/14, agregada a fojas 43 y 44, se le otorgó la habilitación provisoria, y subsiguientes renovaciones, correspondiente al Contribuyente Nº 9079 ... […] El Expediente Nº 8085/11, correspondiente a la habilitación municipal de un comercio, perteneciente al señor Alfredo César Ruppel, dedicado a la explotación del rubro “ Gomería ”, a partir del 1 de noviembre de 2011; y ... […] a la explotación del rubro “ GOMERÍA ”, denominación comercial “LA PANTERA”, del señor ALFREDO CÉSAR RUPPEL, D.N.I. Nº 16.670.730, Contribuyente Nº 9079, Codificador de Rentas Nº 71400-09, Usu",2019-02-01,2026-09-01,2026-09-01
sibom,https://sibom.slyt.gba.gob.ar/bulletins/1894/contents/1294793,Pilar,Decreto Nº143 en el boletín 65º de Pilar,,01/02/2019,,adjudicada,objetivo,no,"llanta,llantas",https://sibom.slyt.gba.gob.ar/bulletins/1894/contents/1294793,"de diciembre de 2018, presentándose las firmas: NEUMATICOS VERONA SRL (oferta 1), Su LLANT S.A.(oferta 2), PERLO AMERICO MAURICIO (oferta 3) y ALFREDO IGNACIO CORRAL (oferta 4), quedando desestimada la oferta 3 por no presentar póliza, y adjunta ... […] : NEUMATICOS VERONA SRL (OFERTA 1) y SU LLANT S.A. (OFERTA 2) y toda la documental presentada por las firmas oferentes con sus respectivos Certificados de Proveedor ... […] total $2.875.850,00 (Pesos dos millones ochocientos setenta y cinco mil ochocientos cincuenta con 00/100) y SU LLANT SA. CUIT 33-64998314-9, por un monto total $471.992,00 (",2019-02-01,2026-09-01,2026-09-01
sibom,https://sibom.slyt.gba.gob.ar/bulletins/1859/contents/1289167,Saladillo,Decreto Nº966/18 en el boletín 19º de Saladillo,,17/01/2019,,,volumen_alto,no,"gomeria,neumatico,neumaticos,protector de neumaticos",https://sibom.slyt.gba.gob.ar/bulletins/1859/contents/1289167,"Vial y Automotor, QUE se han invitado a participar del Concurso de Precios Nº 17/18, a las siguientes firmas, a saber: Benigni, Eduardo Ariel, La Esquina del Neumático S ... […] .A, Nueva Gomería Palermo SRL, Saladillo Neumático S.A, Cetaro, Cecilia Nora, Marconi julio Angel y Marconi Marcos Pablo, Marconi César Mateo, y Revulcam SA; QUE de la apertura de sobres ... […] ), La firma La Esquina del Neumático S.A, cotiza precio cuatrocientos un mil trescientos quince pesos con treinta y siete centavos ( $ 401.315,37 ...",2019-01-17,2026-09-01,2026-09-01
sibom,https://sibom.slyt.gba.gob.ar/bulletins/1797/contents/1285295,Trenque Lauquen,Decreto Nº2000/18 en el boletín 17º de Trenque Lauquen,,15/01/2019,,,volumen_alto,no,"llanta,llantas",https://sibom.slyt.gba.gob.ar/bulletins/1797/contents/1285295,"Que en las citadas actuaciones la Sra. GOÑI, DORA MÓNICA, solicita se realicen los trámites necesarios para proceder a la escrituración, por intermedio de la Escribanía General de Gobierno ... […] Las actuaciones obrantes en el Expediente Nº 4115-155/2018 ... […] 2000-18 Declara Interes Social Escritura Goñi Dora Monica - Tres Llantas ...",2019-01-15,2026-09-01,2026-09-01
sibom,https://sibom.slyt.gba.gob.ar/bulletins/1797/contents/1285303,Trenque Lauquen,Decreto Nº2001/18 en el boletín 17º de Trenque Lauquen,,15/01/2019,,,volumen_alto,no,"llanta,llantas",https://sibom.slyt.gba.gob.ar/bulletins/1797/contents/1285303,"Que en las citadas actuaciones el Sr. FLORES CORNEJO, FERNANDO ENRIQUE, solicita se realicen los trámites necesarios para proceder a la escrituración, por intermedio de la Escribanía General ... […] Las actuaciones obrantes en el Expediente Nº 4115-163/2018 ... […] 2001-18 Declara Interés Social Escritura Flores Cornejo Fernando Bo. Tres Llantas ...",2019-01-15,2026-09-01,2026-09-01
sibom,https://sibom.slyt.gba.gob.ar/bulletins/1817/contents/1284302,Saladillo,Decreto Nº753/18 en el boletín 17º de Saladillo,,08/01/2019,,,volumen_alto,no,"cubierta,cubiertas,protector de neumaticos",https://sibom.slyt.gba.gob.ar/bulletins/1817/contents/1284302,"; QUE de acuerdo a la legislación vigente, corresponde que la contratación para de adquirir cubiertas , cámaras y protectores para las unidades del Parque Vial y Automotor, se realice a través del procedimiento de concurso de precios. ... […] el expediente municipal Nº 2165-J-2018, en el marco del cual el Jefe de Compras, Diego Ariel Lucca, manifiesta la necesidad de adquirir cubiertas , cámaras y protectores para las unidades del Parque Vial y Automotor; y ... […] ARTICULO 1: Llamar a Concurso de Precios Nº 17/18 para adquirir cubiertas , cámaras y protectores para las unidades del Parque Via",2019-01-08,2026-09-01,2026-09-01
sibom,https://sibom.slyt.gba.gob.ar/bulletins/1370/contents/1252466,Chivilcoy,Ordenanza Nº9211 en el boletín 12º de Chivilcoy,,07/01/2019,,,volumen_alto,no,"neumatico,neumaticos,protector de neumaticos",https://sibom.slyt.gba.gob.ar/bulletins/1370/contents/1252466,",solicitud a nombre de Testa Neumáticos S.A, para su posterior habilitación de venta de neumaticos y alineación de vehículos. Artículo 2°: La excepción solicitada caducará ...",2019-01-07,2026-09-01,2026-09-01
sibom,https://sibom.slyt.gba.gob.ar/bulletins/1370/contents/1250732,Chivilcoy,Decreto Nº1295 en el boletín 12º de Chivilcoy,,07/01/2019,,,volumen_alto,no,"neumatico,neumaticos,protector de neumaticos",https://sibom.slyt.gba.gob.ar/bulletins/1370/contents/1250732,"que se debe proceder a su promulgación en tiempo y forma ... […] la Ordenanza N° 9211 sancionada por el Honorable Concejo Deliberante en la sesión pública ordinaria realizada el día 9 de agosto de 2018 por la cual se otorga la excepción solicitada de uso de suelo sobre inmueble a nombre de Testa Neumáticos S.A., y ... […] Promulga Ordenanza N° 9211 ...",2019-01-07,2026-09-01,2026-09-01
sibom,https://sibom.slyt.gba.gob.ar/bulletins/1370/contents/1251396,Chivilcoy,Decreto Nº1415 en el boletín 12º de Chivilcoy,,07/01/2019,,adjudicada,volumen_alto,no,"neumatico,neumaticos",https://sibom.slyt.gba.gob.ar/bulletins/1370/contents/1251396,", y que conforme a las propuestas presentadas que surgen del citado expediente, a los intereses del municipio, es conveniente adjudicar el Concurso de Precios N° 28/2018 a las firmas; NEUMYSER S.A (Ítem 1-5-8), ALFREDO I. CORRAL S.A (Ítem 2-7), MOREL HNOS. SH (Item3), TESTA NEUMATICOS S.A (Ítem 4-6) ... […] el expediente Nº 4031-196932/18 por el cual se solicita la adquisición de neumáticos y cámaras para vehículos pertenecientes al Área de Espacios Verdes, y ... […] Adjudicación Concurso de Precios N° 28 ...",2019-01-07,2026-09-01,2026-09-01
sibom,https://sibom.slyt.gba.gob.ar/bulletins/1370/contents/1251401,Chivilcoy,Decreto Nº1417 en el boletín 12º de Chivilcoy,,07/01/2019,,,volumen_alto,no,"neumatico,neumaticos",https://sibom.slyt.gba.gob.ar/bulletins/1370/contents/1251401,", y que conforme a las propuestas presentadas que surgen del citado expediente, a los intereses del municipio, es conveniente adjudicar el Concurso de Precios N° 30/2018 a las firmas; TESTA NEUMATICOS S.A (Ítem 4), ALFREDO I. CORRAL S.A (Ítem 1-2 y 3) ... […] el expediente Nº 4031-197027/18 por el cual se solicita la adquisición de neumáticos y cámaras para vehículos pertenecientes al área de Policía Comunal, y ... […] Adjudíca Concurso de Precios N° 30/2018 ...",2019-01-07,2026-09-01,2026-09-01
sibom,https://sibom.slyt.gba.gob.ar/bulletins/1370/contents/1250692,Chivilcoy,Decreto Nº1281 en el boletín 12º de Chivilcoy,,07/01/2019,,adjudicada,volumen_alto,no,"neumatico,neumaticos",https://sibom.slyt.gba.gob.ar/bulletins/1370/contents/1250692,"que surgen de las planillas comparativas de precios valores superiores desde un 15% hasta un 50% en algunos casos, por lo que no se puede proceder a su adjudicación, debido a no contar con los fondos ... […] el expediente Nº4031-194139/18 por el cual la Directora de Compras solicita desestimar el llamado a Licitación Publica N° 6/2018 para la adquisición de neumáticos para la Dirección de Automotores, y ... […] Desestima Llamado Licitación Pública N° 6 ...",2019-01-07,2026-09-01,2026-09-01
sibom,https://sibom.slyt.gba.gob.ar/bulletins/1612/contents/1266579,General Villegas,Decreto Nº952/18 en el boletín 65º de General Villegas,,20/12/2018,,,volumen_alto,no,"neumatico,neumaticos,protector de neumaticos",https://sibom.slyt.gba.gob.ar/bulletins/1612/contents/1266579,"Que el Director de Mantenimiento y Control de las Reparaciones a cargo de Patrimonio interviene a fojas 3 y 4, adjuntando la planilla con los datos patrimoniales de los bienes aludidos ... […] El Expediente Nº 6307/18, iniciado por la Directora de Educación, solicitando la reubicación de elementos de ésa área ... […] Silla-Silla Regal marca “Rolic” neumática . Asiento goma espuma inyectada. Interior de madera multilaminada. Estrella metálica recubierta en pcv. Con apoyabrazos. Color maratón rojo ...",2018-12-20,2026-09-01,2026-09-01
sibom,https://sibom.slyt.gba.gob.ar/bulletins/1732/contents/1276245,Pilar,Decreto Nº3632/18 en el boletín 60º de Pilar,,20/12/2018,,,objetivo,no,"llanta,llantas",https://sibom.slyt.gba.gob.ar/bulletins/1732/contents/1276245,"Que a fojas 1 la Secretaría de Servicios Públicos de la Municipalidad Del Pilar solicita la contratación de la referencia ... […] El expediente N° 13063/18, por el cual se solicita la adquisición de neumáticos, cámaras, accesorios y llantas para ser utilizados en el año 2019 en el mantenimiento de Flota Vial ... […] Corresponde al Expediente N° 13063/2018 Pilar ...",2018-12-20,2026-09-01,2026-09-01
sibom,https://sibom.slyt.gba.gob.ar/bulletins/1665/contents/1276900,Trenque Lauquen,Decreto Nº1743/18 en el boletín 15º de Trenque Lauquen,,19/12/2018,,,volumen_alto,no,"llanta,llantas",https://sibom.slyt.gba.gob.ar/bulletins/1665/contents/1276900,"Que en ellas el Presidente y Tesorero del Club Tres Llantas , de nuestra Ciudad; solicita una ayuda económica a fin de solventar los gastos que le ocasiona la organización de la “3º Edición de la Peña ... […] Las actuaciones obrantes en Expediente Administrativo Nº 2.766/18 ... […] 1743-18 Subsidio NO Reinteg. DANDA JUAN CARLOS P-CLUB TRES LLANTAS ...",2018-12-19,2026-09-01,2026-09-01
sibom,https://sibom.slyt.gba.gob.ar/bulletins/1721/contents/1276605,Coronel Dorrego,Decreto Nº1904/18 en el boletín 38º de Coronel Dorrego,,18/12/2018,,,volumen_alto,no,"llanta,llantas",https://sibom.slyt.gba.gob.ar/bulletins/1721/contents/1276605,"No contiene ... […] que la Dirección deVialidad Urbana y Rural, ha manifestado la necesidad de adquirir un carro para combustible de 3000 lts. de capacidad, con llantas duales, bomba de dosificación y caudalímetro para ser utilizado en el mantenimiento de caminos provinciales; ... […] Concurso de Precios Nº 90/2018 ...",2018-12-18,2026-09-01,2026-09-01
sibom,https://sibom.slyt.gba.gob.ar/bulletins/1695/contents/1276390,Bahia Blanca,Decreto Nº1129/18 en el boletín 20º de Bahia Blanca,,18/12/2018,,,volumen_alto,no,"llanta,llantas",https://sibom.slyt.gba.gob.ar/bulletins/1695/contents/1276390,"el reconocimiento de los daños ocasionados el dia 2 de diciembre de 2016, a la cubierta y llanta del vehículo marca VOLKWAGEN GOL TREND, DOMINIO LKZ 071 , propiedad del Señor MANUEL BLASCO IGLESIAS, DNI 38.550.920 ...",2018-12-18,2026-09-01,2026-09-01
sibom,https://sibom.slyt.gba.gob.ar/bulletins/1688/contents/1276110,Puan,Decreto Nº2161/17 en el boletín 9º de Puan,,14/12/2018,,,volumen_alto,no,protector de neumaticos,https://sibom.slyt.gba.gob.ar/bulletins/1688/contents/1276110,Otorgando subsidio a la ASOCIACIÓN PROTECTORA PARROQUIAL de Puan .- ...,2018-12-14,2026-09-01,2026-09-01
sibom,https://sibom.slyt.gba.gob.ar/bulletins/1602/contents/1271131,Tapalqué,Decreto Nº1037/18 en el boletín 15º de Tapalqué,,13/12/2018,,,volumen_alto,no,"cubierta,cubiertas",https://sibom.slyt.gba.gob.ar/bulletins/1602/contents/1271131,VISTO : El llamado a Concurso de Precios para la adquisición de cubiertas para vehículos y maquinarias municipales para el día 20 de Noviembre de 2018 a las 10 ... […] ARTÍCULO 1°: Adjudicase el Concurso de Precios para la adquisición de cubiertas para vehículos y maquinarias municipales ... […] 4 CUBIERTA P/AUTOMOTOR – 17-5-25 (DE TACO) PARA MOTONIVELADORA VOLVO DOMINIO ADJ22 ...,2018-12-13,2026-09-01,2026-09-01
sibom,https://sibom.slyt.gba.gob.ar/bulletins/1602/contents/1263962,Tapalqué,Decreto Nº0992/18 en el boletín 15º de Tapalqué,,13/12/2018,,,volumen_alto,no,"cubierta,cubiertas",https://sibom.slyt.gba.gob.ar/bulletins/1602/contents/1263962,"VISTO: La necesidad por parte de esta Municipalidad de proceder al llamado concurso de precios para la adquisición de cubiertas para vehículos y maquinarias Municipales, y; CONSIDERANDO: La necesidad de autorizar a la Oficina de Compras del Municipio a proceder al llamado concurso de precios, ... […] ARTICULO 1º: Autorízase a la Oficina de Compras de esta Municipalidad a proceder al llamado concurso de precios para la adquisición de cubiertas para vehículos ... […] Por ello el Intendente Municipal, en uso de sus facultades decreta ...",2018-12-13,2026-09-01,2026-09-01
sibom,https://sibom.slyt.gba.gob.ar/bulletins/1579/contents/1265412,General San Martín,Decreto Nº1931/18 en el boletín 1716º de General San Martín,,06/12/2018,,,objetivo,no,"llanta,llantas",https://sibom.slyt.gba.gob.ar/bulletins/1579/contents/1265412,"Que la misma reclama el pago de los presuntos daños sufridos en el tren delantero, las dos llantas y cubiertas del lado derecho de su vehículo Marca Renault Sandero - Dominio ... […] La presentación efectuada por la Señora Reina Ysabel Calvente a fs. 4 ... […] DECRETA ARTICULO 1°: Recházase la solicitud efectuada por la Señora Reina ...",2018-12-06,2026-09-01,2026-09-01
sibom,https://sibom.slyt.gba.gob.ar/bulletins/1641/contents/1271457,Saladillo,Decreto Nº456/18 en el boletín 11º de Saladillo,,03/12/2018,,,volumen_alto,no,protector de neumaticos,https://sibom.slyt.gba.gob.ar/bulletins/1641/contents/1271457,Subsidio Entidades de Bien Público - Sociedad Protectora de Desvalidos ...,2018-12-03,2026-09-01,2026-09-01
sibom,https://sibom.slyt.gba.gob.ar/bulletins/1586/contents/1261924,Bahia Blanca,Ordenanza Nº19304 en el boletín 18º de Bahia Blanca,,16/11/2018,,,volumen_alto,no,"llanta,llantas",https://sibom.slyt.gba.gob.ar/bulletins/1586/contents/1261924,"El Proyecto de Ordenanza referido al reconocimiento de daños ocasionados a la cubierta y la llanta , del vehículo marca VOLKSWAGEN GOL, Dominio CSD 561, propiedad del Señor DIEGO MARCELO ESPARZA, DNI Nº 30.191.237, a raíz ... […] de la MUNICIPALIDAD DE BAHIA BLANCA, por el daño causado a la cubierta y la llanta , VOLKSWAGEN GOL, Dominio CSD 561, propiedad del Señor DIEGO MARCELO ESPARZA, DNI 30.191.237, a raíz de un bache de grandes dimensiones, en calle Godoy Cruz a la altura ... […] ARTICULO 1º: Dispóngase el reconocimiento de los daños materiales ocasionados el día 26 de Mayo de 2016, a la ",2018-11-16,2026-09-01,2026-09-01
sibom,https://sibom.slyt.gba.gob.ar/bulletins/1566/contents/1263102,Trenque Lauquen,Decreto Nº1477/18 en el boletín 13º de Trenque Lauquen,,14/11/2018,,,volumen_alto,no,"llanta,llantas",https://sibom.slyt.gba.gob.ar/bulletins/1566/contents/1263102,".- Que a partir de las 20:00 horas, se iniciará un espectáculo musical con la participación de: Ballet Barrio Alegre – Taller La Vuelta del Club Tres Llantas – Academia Sentir Argentino – Centro Casto Euskal Sustraiak – Academia Isadora ... […] Que el próximo día nueve de septiembre del corriente año se realizará la “FIESTA DEL DÍA DEL INMIGRANTE Y LAS COLECTIVIDADES ... […] 1477-18 Declara de Int.Púb.y Munic. DIA DEL INMIGRANTE Y LAS COLECTIV ...",2018-11-14,2026-09-01,2026-09-01
sibom,https://sibom.slyt.gba.gob.ar/bulletins/1475/contents/1255039,Tapalqué,Decreto Nº0892/18 en el boletín 14º de Tapalqué,,05/11/2018,,,volumen_alto,no,"neumatico,neumaticos,protector de neumaticos",https://sibom.slyt.gba.gob.ar/bulletins/1475/contents/1255039,"VISTO : El llamado a Licitación Privada para la adquisición de rodillo neumático para el día 5 de octubre de 2018 en la Oficina de Compras de la Municipalidad, y; CONSIDERANDO: el estudio realizado ... […] ARTÍCULO 1°: Adjudicase la Licitación Privada para la adquisición de rodillo neumático ... […] Rodillo neumático 13 ruedas compactadoras, largo total lanza incluida 5 mts ...",2018-11-05,2026-09-01,2026-09-01
sibom,https://sibom.slyt.gba.gob.ar/bulletins/1511/contents/1260576,Bahia Blanca,Decreto Nº831/18 en el boletín 17º de Bahia Blanca,,01/11/2018,,adjudicada,volumen_alto,no,"bateria,baterias",https://sibom.slyt.gba.gob.ar/bulletins/1511/contents/1260576,"Blanca- para clases de Percusión y Batería - para el periodo comprendido desde 01/05/2018 al 30/11/2018; y CONSIDERANDO: Que resulta necesaria la adjudicación de servicios ... […] de una persona para el dictado de clases de Percusión y Batería ; según consta la solicitud de la mencionada Subsecretaria de Educación; Por todo lo expuesto, el INTENDENTE ... […] ), CUIT 30-52572025-6 , la provisión de servicios artísticos – para el dictado de clases de percusión y Batería , para el periodo comprendido desde 01/05/2018 al 30/11/2018, y por la suma total de PESOS VENTIOCHO MIL ($28.000 ...",2018-11-01,2026-09-01,2026-09-01
sibom,https://sibom.slyt.gba.gob.ar/bulletins/1437/contents/1255807,General Villegas,Resolución Nº289/18 en el boletín 63º de General Villegas,,25/10/2018,,,volumen_alto,no,gomeria,https://sibom.slyt.gba.gob.ar/bulletins/1437/contents/1255807,"Que se labraron Acta de Inspección Nº 3734 y Censo de Comercio e Industria Nº 4078, declarando no poseer empleados en relación de dependencia (fojas 12 y 13 ... […] El Expediente Nº 529/16 Alcance 1, iniciado por el señor Guillermo Luis Castelli, donde se tramita la habilitación municipal de un comercio, dedicado a la explotación del rubro “ Gomería ”, desde el 1 de febrero de 2016; y ... […] “ GOMERÍA ”, denominación comercial “ GOMERÍA MARTIN”, del señor GUILLERMO LUIS CASTELLI, D.N.I. Nº 17.881.813, Codificador de Rentas Nº 71400-09, no contando con empleados en relación de dependencia, NIS",2018-10-25,2026-09-01,2026-09-01
sibom,https://sibom.slyt.gba.gob.ar/bulletins/1437/contents/1255789,General Villegas,Resolución Nº286/18 en el boletín 63º de General Villegas,,25/10/2018,,,volumen_alto,no,gomeria,https://sibom.slyt.gba.gob.ar/bulletins/1437/contents/1255789,"Que mediante los Expedientes Nº 5599/06 alcances 6 y 7 respectivamente, se solicita el anexo del rubro: “ Gomería ” y el traslado a calle a Santo Tomas Moro Nº 415 de la ciudad ... […] El Expediente Nº 5599/06, correspondiente a la Habilitación Municipal de un comercio, perteneciente a la firma Stringhini Roberto Aníbal y Stringhini Alejandro S.H., dedicado ... […] ARTÍCULO PRIMERO: Regístrese la incorporación del rubro “ Gomería ”, Codificador de Rentas Nº 71400-09, a la actividad comercial principal dedicada a la explotación ...",2018-10-25,2026-09-01,2026-09-01
sibom,https://sibom.slyt.gba.gob.ar/bulletins/1364/contents/1247800,Nueve de Julio,Decreto Nº3175/18 en el boletín 21º de Nueve de Julio,,16/10/2018,,,volumen_alto,no,camara de aire,https://sibom.slyt.gba.gob.ar/bulletins/1364/contents/1247800,"Que se torna necesario librar viáticos para el agente mencionado. Que debe dictarse el acto administrativo correspondiente ... […] La nota de la Señora Secretaria de Cultura, Educación y Deportes solicitando el pago de viáticos para el agente Roque Gagliano para los viajes que realizará con la orquesta Aire Líquido. ... […] GAGLIANO, ROQUE – VIATICOS ...",2018-10-16,2026-09-01,2026-09-01
sibom,https://sibom.slyt.gba.gob.ar/bulletins/1346/contents/1250661,Tapalqué,Decreto Nº0859/18 en el boletín 13º de Tapalqué,,08/10/2018,,,volumen_alto,no,"neumatico,neumaticos,protector de neumaticos",https://sibom.slyt.gba.gob.ar/bulletins/1346/contents/1250661,"VISTO: La necesidad por parte de esta Municipalidad de proceder al llamado a Licitación Privada para la adquisición de rodillo neumático y; CONSIDERANDO: La necesidad de autorizar a la Oficina de Compras del Municipio a proceder al llamado a Licitación Privada, ... […] ARTICULO 1º: Autorízase a la Oficina de Compras de esta Municipalidad a proceder al llamado a licitación Privada para la adquisición de rodillo neumático según ... […] Por ello el Intendente Municipal, en uso de sus facultades decreta ...",2018-10-08,2026-09-01,2026-09-01
sibom,https://sibom.slyt.gba.gob.ar/bulletins/1362/contents/1245882,Coronel Suárez,Decreto Nº886/18 en el boletín 46º de Coronel Suárez,,18/09/2018,,adjudicada,volumen_alto,no,"neumatico,neumaticos,protector de neumaticos",https://sibom.slyt.gba.gob.ar/bulletins/1362/contents/1245882,": Presentada por LA ROCCA NEUMÁTICOS SA; OFERTA TERCERA : Presentada por BEMEC TIRES TRAIDING SA ... […] la Licitación Privada 8/2018 realizada en el Expediente de referencia, para la adquisición de “64 unidades de NEUMÁTICOS para la Dirección de Vialidad – (motoniveladoras), y- ... […] ///rresponde EXP.324/2018 ...",2018-09-18,2026-09-01,2026-09-01
sibom,https://sibom.slyt.gba.gob.ar/bulletins/1362/contents/1245940,Coronel Suárez,Decreto Nº1166/18 en el boletín 46º de Coronel Suárez,,18/09/2018,,adjudicada,volumen_alto,no,"neumatico,neumaticos,protector de neumaticos",https://sibom.slyt.gba.gob.ar/bulletins/1362/contents/1245940,"Que a fs. 117/120 las firmas Ruta 33 SRL, y BEMEC TIRES TRAIDING SA, han informado la imposibilidad de entregar las cubiertas al valor cotizado dado que ha vencido el plazo ... […] el Decreto 886/2018, que adjudica la Licitación Privada 8/2018, para la adquisición de “64 unidades de NEUMÁTICOS para la Dirección de Vialidad – (motoniveladoras) y- ... […] ///rresponde EXP. MCS: 324/2018 ...",2018-09-18,2026-09-01,2026-09-01
sibom,https://sibom.slyt.gba.gob.ar/bulletins/1219/contents/1233728,Chivilcoy,Decreto Nº1033 en el boletín 11º de Chivilcoy,,17/09/2018,,,volumen_alto,no,gomeria,https://sibom.slyt.gba.gob.ar/bulletins/1219/contents/1233728,que se debe proceder a su promulgación en tiempo y forma ... […] la Ordenanza N° 9177 sancionada por el Honorable Concejo Deliberante en la sesión pública ordinaria realizada el día 28 de junio de 2018 por la cual se otorga la excepción solicitada sobre uso de suelo ... […] Promulga Ordenanza N° 9177 ...,2018-09-17,2026-09-01,2026-09-01
sibom,https://sibom.slyt.gba.gob.ar/bulletins/1333/contents/1242967,Trenque Lauquen,Decreto Nº958/18 en el boletín 6º de Trenque Lauquen,,17/09/2018,,,volumen_alto,no,"llanta,llantas",https://sibom.slyt.gba.gob.ar/bulletins/1333/contents/1242967,"asistirán para la Jura de la Bandera Patria.- Que el Acto Oficial, tendrá lugar en las instalaciones del Club Tres Llantas de nuestra Ciudad el día martes 20 de Junio, a partir de las 10.00 horas ... […] La proximidad de un nuevo aniversario del ""Día de la Bandera ... […] 0958-18 Declara Int. Púb.y Munic. ACTO OFICIAL DIA DE LA BANDERA ...",2018-09-17,2026-09-01,2026-09-01
sibom,https://sibom.slyt.gba.gob.ar/bulletins/1333/contents/1244060,Trenque Lauquen,Decreto Nº1090/18 en el boletín 6º de Trenque Lauquen,,17/09/2018,,,volumen_alto,no,"llanta,llantas",https://sibom.slyt.gba.gob.ar/bulletins/1333/contents/1244060,destinadas a la comunidad y se llevará a cabo una cena aniversario el día 09 de Julio del corriente año a las 21:00 horas en las instalaciones del Club Tres Llantas de nuestra Ciudad.- Que se invita a toda la comunidad ... […] Que el próximo día lunes 09 de Julio del corriente año se conmemorará el “83 ANIVERSARIO DE LA ESCUELA MUNICIPAL DE APOYO Y FORMACIÓN LABORAL DE TRENQUE LAUQUEN ... […] 1090-18 Declara Int.Púb.y Munic. 83 ANIV.ESC.MUNIC.DE APOYO Y FORMAC.LAB.TL ...,2018-09-17,2026-09-01,2026-09-01
sibom,https://sibom.slyt.gba.gob.ar/bulletins/483/contents/1228733,Coronel Rosales,Decreto Nº186/17 en el boletín 4º de Coronel Rosales,,13/09/2018,,,volumen_alto,no,"bateria,baterias",https://sibom.slyt.gba.gob.ar/bulletins/483/contents/1228733,"la compra de 10 radios portátiles Mototurbo DGP, 10 Micrófonos Motorola N4024 y 10 baterías Motorola N4406. Que, según el estudio de mercado efectuado mediante el análisis ... […] Las actuaciones caratuladas como Expte. D-45/17, relacionadas con la necesidad de contar con equipamiento para satisfacer necesidades del Depto. de Comunicación de la Policía Comunal ... […] Motorola N4024, 10 baterías Motorola N4406 por la suma de PESOS DOSCIENTOS SESENTA Y CINCO MIL OCHOCIENTOS SESENTA Y TRES ($265.863) al proveedor CONECTIA WIRELESS S ...",2018-09-13,2026-09-01,2026-09-01
sibom,https://sibom.slyt.gba.gob.ar/bulletins/1287/contents/1239957,Bahia Blanca,Decreto Nº382/18 en el boletín 13º de Bahia Blanca,,06/09/2018,,,volumen_alto,no,"llanta,llantas",https://sibom.slyt.gba.gob.ar/bulletins/1287/contents/1239957,"el reconocimiento de los daños ocasionados el dia 14 de octubre de 2016, a la cubierta y llanta del vehículo marca FIAT GRAND SIENA ATTRACTIVE 1.4 8V, DOMINIO 00F 528 , propiedad del Señor Astudillo Heriberto Enrique, DNI ...",2018-09-06,2026-09-01,2026-09-01
sibom,https://sibom.slyt.gba.gob.ar/bulletins/1287/contents/1239952,Bahia Blanca,Decreto Nº382/18 en el boletín 13º de Bahia Blanca,,06/09/2018,,,volumen_alto,no,"llanta,llantas",https://sibom.slyt.gba.gob.ar/bulletins/1287/contents/1239952,"el reconocimiento de los daños ocasionados el dia 14 de octubre de 2016, a la cubierta y llanta del vehículo marca FIAT GRAND SIENA ATTRACTIVE 1.4 8V, DOMINIO 00F 528 , propiedad del Señor Astudillo Heriberto Enrique, DNI ...",2018-09-06,2026-09-01,2026-09-01
sibom,https://sibom.slyt.gba.gob.ar/bulletins/1287/contents/1239951,Bahia Blanca,Decreto Nº381/18 en el boletín 13º de Bahia Blanca,,06/09/2018,,,volumen_alto,no,"llanta,llantas",https://sibom.slyt.gba.gob.ar/bulletins/1287/contents/1239951,", mediante el cual se dispone el reconocimiento de los daños materiales ocasionados el dia 16 de Julio de 2016, a la cubierta y llanta del vehículo marca Peugeot 205, Dominio BMQ 758 , propiedad del Señor ...",2018-09-06,2026-09-01,2026-09-01
sibom,https://sibom.slyt.gba.gob.ar/bulletins/1210/contents/1232760,Bahia Blanca,Ordenanza Nº19138 en el boletín 12º de Bahia Blanca,,24/08/2018,,,volumen_alto,no,"llanta,llantas",https://sibom.slyt.gba.gob.ar/bulletins/1210/contents/1232760,"KIK 931 (cuya constancia obra a fs. 3), hecho ocurrido el 26 de Junio de 2016, cuando al transitar por la esquina de Donado y Teniente Farías, cruzando el paso a nivel, el auto impactó contra un pozo, produciendo la rotura de dos llantas y cubiertas ... […] por la esquina de Donado y Teniente Farías, cruzando el paso a nivel, el auto impactó contra un pozo, produciendo la rotura de dos llantas y cubiertas el día 26 de Junio de 2016 y, abónese en tal concepto a la nombrada la suma de Cinco Mil Quinientos ...",2018-08-24,2026-09-01,2026-09-01
sibom,https://sibom.slyt.gba.gob.ar/bulletins/1199/contents/1238141,Balcarce,Ordenanza Nº104/18 en el boletín 19º de Balcarce,,23/08/2018,,,volumen_alto,no,"llanta,llantas",https://sibom.slyt.gba.gob.ar/bulletins/1199/contents/1238141,"TESTIMONIO: VISTO ... […] marca Mainero completa con llantas y gomas, identificada con el numero de Bien Municipal 3475.- ARTÍCULO 2.- Cúmplase, comuníquese, regístrese ...",2018-08-23,2026-09-01,2026-09-01
sibom,https://sibom.slyt.gba.gob.ar/bulletins/1133/contents/1227466,Chivilcoy,Ordenanza Nº9177 en el boletín 10º de Chivilcoy,,07/08/2018,,,volumen_alto,no,gomeria,https://sibom.slyt.gba.gob.ar/bulletins/1133/contents/1227466,". Lisandro de la Torre Nº 50, a nombre de Javier Anibal Trod para su posterior habilitación de gomeria . Artículo 2°: La excepción solicitada caducará con el vencimiento de la habilitación ...",2018-08-07,2026-09-01,2026-09-01
sibom,https://sibom.slyt.gba.gob.ar/bulletins/1175/contents/1232438,General San Martín,Decreto Nº766/18 en el boletín 1694º de General San Martín,,02/08/2018,,,objetivo,no,"llanta,llantas",https://sibom.slyt.gba.gob.ar/bulletins/1175/contents/1232438,"de un pozo, provocando un daño en la cubierta y llanta cuando se encontraría circulando por calle Juárez, en la intersección con la calle Intendente Campos de nuestra Comuna ... […] La presentación efectuada a fs. 3 por la Señora Miriam Rosa Bahamondes ... […] DECRETA: ARTICULO 1°: Recházase la solicitud efectuada por el Señora Miriam Rosa Bahamondes, DNI Nº 16.639.117 ...",2018-08-02,2026-09-01,2026-09-01
sibom,https://sibom.slyt.gba.gob.ar/bulletins/678/contents/1224183,Puan,Decreto Nº609/17 en el boletín 3º de Puan,,24/07/2018,,,volumen_alto,no,gomeria,https://sibom.slyt.gba.gob.ar/bulletins/678/contents/1224183,"Habilitando comercio en el rubro de GOMERIA , al Sr. ANTONIO HUGO MULLER, de Puan. A partir del 15/3/17.- ...",2018-07-24,2026-09-01,2026-09-01
sibom,https://sibom.slyt.gba.gob.ar/bulletins/678/contents/1190894,Puan,Decreto Nº522/17 en el boletín 3º de Puan,,24/07/2018,,,volumen_alto,no,gomeria,https://sibom.slyt.gba.gob.ar/bulletins/678/contents/1190894,"Dando de baja comercial GOMERÍA de Conrado Marcelo Prost de Darregueira, a partir del 06/03/17 ...",2018-07-24,2026-09-01,2026-09-01
sibom,https://sibom.slyt.gba.gob.ar/bulletins/1101/contents/1226442,Bahia Blanca,Ordenanza Nº19097 en el boletín 10º de Bahia Blanca,,17/07/2018,,,volumen_alto,no,"llanta,llantas",https://sibom.slyt.gba.gob.ar/bulletins/1101/contents/1226442,", cuya constancia obra a fs. 7, hecho ocurrido el 7 de julio de 2016, cuando al pasar sobre un bache que había en la esquina de calles Almafuerte y Rondeau, rompe la cubierta delantera izquierda y la llanta . Analizadas ... […] un bache que había en la esquina de calles Almafuerte y Rondeau, rompe la cubierta delantera izquierda y la llanta y, abónese en tal concepto a la nombrada la suma de DOS MIL CUATROCIENTOS VEINTE PESOS ($ 2.420,00.-) en un todo de acuerdo ...",2018-07-17,2026-09-01,2026-09-01
sibom,https://sibom.slyt.gba.gob.ar/bulletins/1093/contents/1224928,Chivilcoy,Decreto Nº607 en el boletín 9º de Chivilcoy,,12/07/2018,,,volumen_alto,no,gomeria,https://sibom.slyt.gba.gob.ar/bulletins/1093/contents/1224928,que se debe proceder a su promulgación en tiempo y forma ... […] la Ordenanza N° 9025 sancionada por el Honorable Concejo Deliberante en la sesión pública ordinaria realizada el día 26 de abril de 2018 por la cual se otorga la excepción solicitada de uso de suelo ... […] Promulga Ordenanza N° 9025 ...,2018-07-12,2026-09-01,2026-09-01
sibom,https://sibom.slyt.gba.gob.ar/bulletins/1091/contents/1224160,Bahia Blanca,Resolución Nº34/18 en el boletín 9º de Bahia Blanca,,03/07/2018,,,volumen_alto,no,"llanta,llantas",https://sibom.slyt.gba.gob.ar/bulletins/1091/contents/1224160,"de la llanta , hecho ocurrido el día 01 de septiembre de 2017 a las 23:45 hs.; lo informado por el Departamento Logística y Mantenimiento Urbano a fs. 11 vta., y CONSIDERANDO: Que de acuerdo al dictamen ...",2018-07-03,2026-09-01,2026-09-01
sibom,https://sibom.slyt.gba.gob.ar/bulletins/1020/contents/1223414,Chivilcoy,Ordenanza Nº9025 en el boletín 8º de Chivilcoy,,02/07/2018,,,volumen_alto,no,gomeria,https://sibom.slyt.gba.gob.ar/bulletins/1020/contents/1223414,"Bergues sito en calle 25 de mayo Nº 651, para su posterior habilitación de gomeria . Artículo 2°: La excepción solicitada caducará con el vencimiento de la habilitación ...",2018-07-02,2026-09-01,2026-09-01
sibom,https://sibom.slyt.gba.gob.ar/bulletins/1022/contents/1219355,Quilmes,Decreto Nº1906/18 en el boletín 287º de Quilmes,,27/06/2018,,,objetivo,no,camara de aire,https://sibom.slyt.gba.gob.ar/bulletins/1022/contents/1219355,"Llámese a Licitación Privada Nº 26/2018 para el día 8 de Junio para la adquisición de equipo de aire acondicionado para la adquisición de equipo de aire acondicionado para el Centre Único de Monitoreo, conforme Solicitud de Pedido Nº 1780.- ...",2018-06-27,2026-09-01,2026-09-01
sibom,https://sibom.slyt.gba.gob.ar/bulletins/1070/contents/1221408,Balcarce,Decreto Nº3446/17 en el boletín 16º de Balcarce,,26/06/2018,,,volumen_alto,no,protector de neumaticos,https://sibom.slyt.gba.gob.ar/bulletins/1070/contents/1221408,"ARTICULO 1º: Otórgase un subsidio a favor de la ASOCIACION CIVIL ""HOGAR SAN ROQUE PROTECTORA DE ANIMALES"", por la suma de Pesos Diez Mil ($10.000,00.-) destinado a solventar gastos de compra de alimento balanceado para animales alojados en predio. ...",2018-06-26,2026-09-01,2026-09-01
sibom,https://sibom.slyt.gba.gob.ar/bulletins/1043/contents/1219082,Tapalqué,Decreto Nº0351/18 en el boletín 9º de Tapalqué,,21/06/2018,,adjudicada,volumen_alto,no,"cubierta,cubiertas",https://sibom.slyt.gba.gob.ar/bulletins/1043/contents/1219082,"el estudio realizado a las propuestas presentadas, la Oficina de Compras de la Municipalidad aconseja aprobar el llamado a Licitación Privada de referencia y adjudicar la misma ... […] : El llamado a Licitación Privada para la provisión y ejecución de montaje de la cubierta de policarbonato alveolar para cubrir el natatorio del balneario municipal para el día 04 de Mayo de 2018 en la Oficina de Compras de la Municipalidad, y; ... […] de la cubierta de policarbonato alveolar para cubrir el natatorio del balneario municipal a: ASIMET S.R.L ...",2018-06-21,2026-09-01,2026-09-01
sibom,https://sibom.slyt.gba.gob.ar/bulletins/948/contents/1212302,Nueve de Julio,Licitación Nº22/18 en el boletín 17º de Nueve de Julio,,13/06/2018,,,volumen_alto,no,"neumatico,neumaticos,protector de neumaticos",https://sibom.slyt.gba.gob.ar/bulletins/948/contents/1212302,Autorízase el llamado a licitación privada Nº 22 para la compra de neumáticos para el área de la Secretaría de Gobierno a llevarse a cabo el día 22 de mayo de 2018 a las 9:00 hs. en la Subsecretaría de Contrataciones de esta Municipalidad. ...,2018-06-13,2026-09-01,2026-09-01
sibom,https://sibom.slyt.gba.gob.ar/bulletins/948/contents/1213423,Nueve de Julio,Decreto Nº1794/18 en el boletín 17º de Nueve de Julio,,13/06/2018,,adjudicada,volumen_alto,no,"neumatico,neumaticos,protector de neumaticos",https://sibom.slyt.gba.gob.ar/bulletins/948/contents/1213423,"Que corresponde dictar acto administrativo expreso, de conformidad a las constancias enunciadas ... […] El expediente Nº 4082-1071/2018. La solicitud de la Secretaría de Gobierno. Las invitaciones a cotizar y los presupuestos presentados por distintas firmas. El informe de la Oficina de Compras ... […] COMPRA NEUMATICOS – ADJUDICACION . ...",2018-06-13,2026-09-01,2026-09-01
sibom,https://sibom.slyt.gba.gob.ar/bulletins/948/contents/1212301,Nueve de Julio,Decreto Nº1726/18 en el boletín 17º de Nueve de Julio,,13/06/2018,,,volumen_alto,no,"neumatico,neumaticos",https://sibom.slyt.gba.gob.ar/bulletins/948/contents/1212301,"Que se encuentra plenamente justificado acceder al pedido objeto del presente, debiéndose dictar el acto administrativo pertinente ... […] El expediente Municipal Nº 4082-1071/18. La solicitud allí presentadas por la Secretaria de Gobierno. La opinión favorable de los funcionarios intervinientes y lo establecido ... […] LICITACION PRIVADA Nº 22 – AUTORIZA LLAMADO A LICITACION ...",2018-06-13,2026-09-01,2026-09-01
sibom,https://sibom.slyt.gba.gob.ar/bulletins/901/contents/1205078,Lincoln,Decreto Nº3686/16 en el boletín 13º de Lincoln,,11/06/2018,,,volumen_alto,no,"llanta,llantas",https://sibom.slyt.gba.gob.ar/bulletins/901/contents/1205078,Que en consecuencia y por ello ... […] La necesidad de disponer el segundo llamado a LICITACION PRIVADA Nº 09/2016 – EXPEDIENTE Nº4065-0158/16 PARA LA “ADQUISICION DE DOS VEHICULOS UTILITARIOS OK COLOR BLANCO ... […] DISPONIENDO EL SEGUNDO LLAMADO A LICITACION PRIVADA Nº 09/2016 – EXPEDIENTE Nº4065-0158/16 PARA LA “ADQUISICION DE DOS VEHICULOS UTILITARIOS OK COLOR BLANCO ...,2018-06-11,2026-09-01,2026-09-01
sibom,https://sibom.slyt.gba.gob.ar/bulletins/1045/contents/1217980,Chacabuco,Decreto Nº654/18 en el boletín 16º de Chacabuco,,11/06/2018,,,volumen_alto,no,protector de neumaticos,https://sibom.slyt.gba.gob.ar/bulletins/1045/contents/1217980,"La solicitud presentada por la Sociedad Protectora de Ancianos Desvalidos, en el sentido de obtener una ayuda financiera no reintegrable para solventar los gastos del pago de una parte del retiro de residuos patogénicos. ... […] OTORGANDO UN SUBSIDIO A LA SOCIEDAD PROTECTORA DE ANCIANOS DESVALIDOS ... […] ARTICULO 1º : Otorgar a la Sociedad Protectora de Ancianos Desvalidos de esta ciudad, un subsidio mensual desde el mes ...",2018-06-11,2026-09-01,2026-09-01
sibom,https://sibom.slyt.gba.gob.ar/bulletins/964/contents/1215405,Moreno,Ordenanza Nº5892/18 en el boletín 214º de Moreno,,08/06/2018,,,objetivo,no,camara de aire,https://sibom.slyt.gba.gob.ar/bulletins/964/contents/1215405,"a partir de los Fondos de Fomento Concursable para Medios de Comunicación (Fomeca), vigentes en la Ley de Medios. Sin embargo, en el último feriado de Carnaval, los inspectores del Enacom sacaron del aire la radio a partir de la Resolución N° 9435 ... […] . La FM cumplió con la salida del aire y con los tres días hábiles de plazo para hacer la verificación técnica de no interferencia. El 3 de Marzo, entregaron todo en la mesa de entradas de la Enacom, pero a pesar de que los plazos se vencieron ... […] como principal objetivo que las personas con discapacidad puedan ejercer el derecho de conve",2018-06-08,2026-09-01,2026-09-01
sibom,https://sibom.slyt.gba.gob.ar/bulletins/984/contents/1216060,Tapalqué,Decreto Nº0303/18 en el boletín 7º de Tapalqué,,08/06/2018,,,volumen_alto,no,protector de neumaticos,https://sibom.slyt.gba.gob.ar/bulletins/984/contents/1216060,"La disponibilidad de fondos en la partida correspondiente ... […] La solicitud presentada por la Asociación Protectora de Animales, Refugio Tapalqué por intermedio de la cual solicita un subsidio de $ 12.000 (Pesos doce mil) para solventar gastos de veterinaria, medicamentos, alimentos y gastos varios del predio, y; ... […] ARTICULO 1º : Otórgase a favor de la Asociación Protectora de Animales Refugio Tapalqué, la suma $12.000 (Pesos doce mil) para solventar gastos ...",2018-06-08,2026-09-01,2026-09-01
sibom,https://sibom.slyt.gba.gob.ar/bulletins/978/contents/1213356,Vicente López,Decreto Nº1673/18 en el boletín 620º de Vicente López,,05/06/2018,,,objetivo,no,camara de aire,https://sibom.slyt.gba.gob.ar/bulletins/978/contents/1213356,"Que conforme Acta de Apertura obrante a fs. 415/16 se han presentado dos oferentes, de los cuales uno fue intimado a presentar documentación faltante. Que vencido el plazo intimado, no acompaña la documentación ... […] El Llamado a Licitación Privada N° 38 dispuesto por Decreto N° 883/18, para la contratación de la obra ""INSTALACION DE EXTRACCION DE AIRE EN EL DEPOSITO DE ARCHIVO"", y ... […] CORRESPONDE A EXPEDIENTE N° 4119 - 005944/2017 ...",2018-06-05,2026-09-01,2026-09-01
sibom,https://sibom.slyt.gba.gob.ar/bulletins/947/contents/1212870,Chivilcoy,Decreto Nº386 en el boletín 7º de Chivilcoy,,01/06/2018,,,volumen_alto,no,"cubierta,cubiertas",https://sibom.slyt.gba.gob.ar/bulletins/947/contents/1212870,"lo informado por el Secretario de Gobierno y el Secretario de Hacienda de la Municipalidad de Chivilcoy ... […] el expediente N° 4031-191778/18 por el cual, la agente TORRICELLI MARTA solicita una ayuda económica para poder afrontar gastos médicos no cubiertos por IOMA, y ... […] Asistencia al personal ...",2018-06-01,2026-09-01,2026-09-01
sibom,https://sibom.slyt.gba.gob.ar/bulletins/854/contents/1202189,General Villegas,Resolución Nº84/18 en el boletín 59º de General Villegas,,22/05/2018,,,volumen_alto,no,gomeria,https://sibom.slyt.gba.gob.ar/bulletins/854/contents/1202189,"Que mediante Acta de Constatación Nº 4513, realizada el 7 de octubre de 2015, se verificó que el comercio ha dejado de funcionar como tal (fojas 16 ... […] El Expediente Nº 21389/80, donde se tramita la habilitación de un comercio, perteneciente al señor René Ercilio Cabrera, dedicado a la explotación del rubro “ Gomería ”, con fecha de alta 19 de marzo de 1974, Contribuyente Nº 1140; y ... […] , del comercio perteneciente al señor RENÉ ERCILIO CABRERA, DNI Nº 5.028.370, Contribuyente Nº 1140, habilitado con el rubro “ GOMERÍA ”, denominación comercial “ GOMERIA RENE”, Codificador de Rentas Nº",2018-05-22,2026-09-01,2026-09-01
sibom,https://sibom.slyt.gba.gob.ar/bulletins/854/contents/1211686,General Villegas,Decreto Nº166/18 en el boletín 59º de General Villegas,,22/05/2018,,,volumen_alto,no,gomeria,https://sibom.slyt.gba.gob.ar/bulletins/854/contents/1211686,"Que por Expediente Nº 10296/83 Alcance 1, agregado a fojas 11, el recurrente solicitó la baja de la actividad comercial, desde el 27 de noviembre de 2017 ... […] El Expediente Nº 10296/83, iniciado por el señor Roberto José Etchetto, correspondiente a la habilitación municipal de un comercio, dedicado a la explotación de los rubros “Taller de Gomeria y Lavadero”, fecha de alta desde el 02 de agosto de 1983, registrado como Contribuyente Nº 9051; y ... […] 13.667.910, Contribuyente Nº 9051, habilitado con el rubro “TALLER DE GOMERIA Y LAVADERO”, Codificador de Rentas Nº 71400-09, con domicilio ",2018-05-22,2026-09-01,2026-09-01
sibom,https://sibom.slyt.gba.gob.ar/bulletins/859/contents/1205803,Tapalqué,Decreto Nº0226/18 en el boletín 6º de Tapalqué,,18/05/2018,,adjudicada,volumen_alto,no,"cubierta,cubiertas",https://sibom.slyt.gba.gob.ar/bulletins/859/contents/1205803,"El estudio realizado a las propuestas presentadas, la Oficina de Compras de la Municipalidad aconseja aprobar el llamado a Concurso de precios de referencia y adjudicar la misma ... […] El llamado a Concurso de Precios para la adquisición de cubiertas para maquinarias y equipos del Corralón Municipal para el día 22 de Marzo de 2018 a las 10,00 horas, en la Oficina de Compras de la Municipalidad, y; ... […] ARTÍCULO 1°: Adjudicase el Concurso de Precios para la adquisición de cubiertas para maquinarias y equipos del Corralón Municipal ...",2018-05-18,2026-09-01,2026-09-01
sibom,https://sibom.slyt.gba.gob.ar/bulletins/859/contents/1202313,Tapalqué,Decreto Nº0138/18 en el boletín 6º de Tapalqué,,18/05/2018,,,volumen_alto,no,"cubierta,cubiertas",https://sibom.slyt.gba.gob.ar/bulletins/859/contents/1202313,"La necesidad de autorizar a la Oficina de Compras del Municipio a proceder al llamado concurso de precios ... […] La necesidad por parte de esta Municipalidad de proceder al llamado concurso de precios para la adquisición de cubiertas para maquinarias y equipos del Corralón Municipal, y; ... […] ARTICULO 1º: Autorízase a la Oficina de Compras de esta Municipalidad a proceder al llamado concurso de precios adquisición de cubiertas para maquinarias ...",2018-05-18,2026-09-01,2026-09-01
sibom,https://sibom.slyt.gba.gob.ar/bulletins/896/contents/1208998,Vicente López,Ordenanza Nº35914 en el boletín 619º de Vicente López,,18/05/2018,,,objetivo,no,"bateria,baterias",https://sibom.slyt.gba.gob.ar/bulletins/896/contents/1208998,"Acepta donación efectuada por el Club de Padres y Amigos del Jardín Maternal N° 6 consistente en 1 Caja de Sonido Activa, 1 Bateria recargable, 2 Vías 200 w15 y 1 Sistema Inalámbrico con 2 Micrófonos, destinado al Jardín Maternal N° 6.- ...",2018-05-18,2026-09-01,2026-09-01
sibom,https://sibom.slyt.gba.gob.ar/bulletins/914/contents/1207003,Coronel Dorrego,Decreto Nº0613/18 en el boletín 33º de Coronel Dorrego,,16/05/2018,,adjudicada,volumen_alto,no,"camara de aire,neumatico,neumaticos,protector de neumaticos",https://sibom.slyt.gba.gob.ar/bulletins/914/contents/1207003,"ROBERTO RUBÉN; SOBRE Nº 3: ALVAREZ NEUMÁTICOS S.A. y SOBRE Nº4: MORALES MIRTA NOEMÍ; quienes realizaron las siguientes ofertas ... […] ROSELLO ROBERTO RUBEN ALVAREZ NEUMATICOS S ... […] el Concurso de Precios N° 29/2018 formalizado en el día de la fecha, a fin de proceder a realizar la adquisición de 6 neumáticos para utilizar en la Pala 608 perteneciente al Corralón Municipal de Coronel Dorrego; y ...",2018-05-16,2026-09-01,2026-09-01
sibom,https://sibom.slyt.gba.gob.ar/bulletins/914/contents/1206142,Coronel Dorrego,Decreto Nº0553/18 en el boletín 33º de Coronel Dorrego,,16/05/2018,,,volumen_alto,no,"cubierta,cubiertas",https://sibom.slyt.gba.gob.ar/bulletins/914/contents/1206142,No contiene ... […] que la Secretaria de Servicios ha manifestado la necesidad de proceder a la adquisición de 2 cubiertas 650x16 y 4 cubiertas 16/70/20 para ser utilizadas en la maquinarias pertenecientes al Corralón Municipal de Coronel Dorrego; ... […] Concurso de Precios Nº 29/2018 ...,2018-05-16,2026-09-01,2026-09-01
sibom,https://sibom.slyt.gba.gob.ar/bulletins/865/contents/1205008,Balcarce,Ordenanza Nº10/2018 en el boletín 8º de Balcarce,,25/04/2018,,,volumen_alto,no,camara de aire,https://sibom.slyt.gba.gob.ar/bulletins/865/contents/1205008,"Nacional María Paula. Lopardo. Que se ha adquirido un equipo de aire acondicionado Mihura split de 3500 frigorías S/N 7796885452203, un equipo de aire acondicionado de Mihura ... […] de aire acondicionado Mihura split de 3500 frigorías S/N 7796885452203 por un valor de pesos diez mil trescientos treinta y cinco con 50/100 ($ 10.335,50), un equipo de aire acondicionado de Mihura split 5300 frigorías S/N 7796885452227 por un valor ...",2018-04-25,2026-09-01,2026-09-01
sibom,https://sibom.slyt.gba.gob.ar/bulletins/715/contents/1190584,Chivilcoy,Decreto Nº111 en el boletín 5º de Chivilcoy,,20/04/2018,,,volumen_alto,no,"cubierta,cubiertas",https://sibom.slyt.gba.gob.ar/bulletins/715/contents/1190584,"el informe del Director de Educación de la Municipalidad de Chivilcoy, y de la oficina de Presupuesto dependiente de la Secretaria de Hacienda ... […] el expediente Nº 4031-187483/18 , por el cual autoridades del Consejo Escolar de Chivilcoy requieren un subsidio para arreglo de cubierta en el J.I N° 914 de Chivilcoy, y el Expediente N° 4031 ... […] -187298/18 cuya solicitud es para la obtención de un subsidio destinado al arreglo de cubierta en la E.S. N°7 de nuestra ciudad, y ...",2018-04-20,2026-09-01,2026-09-01
sibom,https://sibom.slyt.gba.gob.ar/bulletins/715/contents/1190581,Chivilcoy,Decreto Nº109 en el boletín 5º de Chivilcoy,,20/04/2018,,,volumen_alto,no,"cubierta,cubiertas",https://sibom.slyt.gba.gob.ar/bulletins/715/contents/1190581,"el informe del Director de Educación de la Municipalidad de Chivilcoy, y de la oficina de Presupuesto dependiente de la Secretaria de Hacienda ... […] el expediente Nº 4031-187482/18, por el cual autoridades del Consejo Escolar de Chivilcoy requieren un subsidio para arreglo de cubierta en la E.P N° 2 de Chivilcoy, y ... […] Subsidio destinado a la refacción de cubierta , en la E.P N° 2 ...",2018-04-20,2026-09-01,2026-09-01
sibom,https://sibom.slyt.gba.gob.ar/bulletins/715/contents/1190583,Chivilcoy,Decreto Nº110 en el boletín 5º de Chivilcoy,,20/04/2018,,,volumen_alto,no,"cubierta,cubiertas",https://sibom.slyt.gba.gob.ar/bulletins/715/contents/1190583,"el informe del Director de Educación de la Municipalidad de Chivilcoy, y de la oficina de Presupuesto dependiente de la Secretaria de Hacienda ... […] el expediente Nº 4031-187426/18 , por el cual autoridades del Consejo Escolar de Chivilcoy requieren un subsidio para arreglo de cubierta en la E.S N° 11 de Chivilcoy, y ... […] Subsidio destinados a la refacción de cubierta , en la E.S N° 11 ...",2018-04-20,2026-09-01,2026-09-01
sibom,https://sibom.slyt.gba.gob.ar/bulletins/502/contents/1192956,Lincoln,Decreto Nº3001/16 en el boletín 11º de Lincoln,,19/04/2018,,,volumen_alto,no,"llanta,llantas",https://sibom.slyt.gba.gob.ar/bulletins/502/contents/1192956,"para desempeño elevado de carga. Conjuntos de embrague modulado hacia adelante y hacia atrás, permitiendo cambios suaves de dirección. Tracción en las cuatros llantas , estándar. Un botón en la consola central permite el acoplamiento sin esfuerzo ... […] de la tracción en las 4 llantas . Neumáticos ... […] Tracción en 4 llantas - 12,5/80x18 10 lonas delanteras - 19,5lx ...",2018-04-19,2026-09-01,2026-09-01
sibom,https://sibom.slyt.gba.gob.ar/bulletins/765/contents/1197346,Nueve de Julio,Decreto Nº864/18 en el boletín 15º de Nueve de Julio,,16/04/2018,,adjudicada,volumen_alto,no,"neumatico,neumaticos",https://sibom.slyt.gba.gob.ar/bulletins/765/contents/1197346,"Que corresponde dictar acto administrativo expreso, de conformidad a las constancias enunciadas ... […] El expediente Nº 4082-360/2018. La solicitud allí presentadas por el Señor Secretario de Obras y Servicios Públicos y Secretario de Gobierno. Las invitaciones a cotizar y los presupuestos presentados ... […] COMPRA DE NEUMÁTICOS Y CÁMARAS – ADJUDICACION . ...",2018-04-16,2026-09-01,2026-09-01
sibom,https://sibom.slyt.gba.gob.ar/bulletins/840/contents/1200603,Balcarce,Decreto Nº2913/17 en el boletín 7º de Balcarce,,16/04/2018,,,volumen_alto,no,gomeria,https://sibom.slyt.gba.gob.ar/bulletins/840/contents/1200603,"Que las presentes actuaciones se inician a fin de determinar la existencia de diferencias entre los montos imponibles declarados por el contribuyente en ARBA y en el Municipio ... […] El Expediente N"" 9771/B/16 caratulado ""Fiscalización Tasa por Inspección de Seguridad e Higiene"", contribuyente Gomería Centenario SA, Comercio N° 1274"", y ... […] . ARTICULO 2: Notifíquese al contribuyente Gomería Centenario SA, Titular del Comercio 1274 lo establecido­ en el artículo anterior. ARTICULO 3: Cúmplase, comuníquese, !tomen razón ...",2018-04-16,2026-09-01,2026-09-01
sibom,https://sibom.slyt.gba.gob.ar/bulletins/840/contents/1200622,Balcarce,Decreto Nº2915/17 en el boletín 7º de Balcarce,,16/04/2018,,,volumen_alto,no,gomeria,https://sibom.slyt.gba.gob.ar/bulletins/840/contents/1200622,"Que las presentes actuaciones se inician a fin de determinar la existencia de diferencias entre los montos imponibles declarados por el contribuyente en ARBA y en el Municipio a los fines ... […] El Expediente N"" 648/B/17 caratulado ""Fiscalización Tasa por Inspección de Seguridad e Higiene"" contribuyente Gomería Centenario SA, Comercio N° 1274"", Y ... […] . ARTICULO 2: Notifíquese al contribuyente Gomería Centenario SA, Titular del Comercio 1274 lo establecido­ en el artículo anterior ...",2018-04-16,2026-09-01,2026-09-01
sibom,https://sibom.slyt.gba.gob.ar/bulletins/821/contents/1199798,Tapalqué,Decreto Nº0099/18 en el boletín 5º de Tapalqué,,11/04/2018,,,volumen_alto,no,protector de neumaticos,https://sibom.slyt.gba.gob.ar/bulletins/821/contents/1199798,"La disponibilidad de fondos en la partida correspondiente ... […] La solicitud presentada por la Asociación Protectora de Animales, Refugio Tapalqué por intermedio de la cual solicita un subsidio de $ 6.850 (Pesos seis mil ochocientos cincuenta) para solventar gastos de veterinaria, ... […] ARTICULO 1º : Otórgase a favor de la Asociación Protectora de Animales Refugio Tapalqué, la suma $6.850 (Pesos seis mil ochocientos cincuenta ...",2018-04-11,2026-09-01,2026-09-01
sibom,https://sibom.slyt.gba.gob.ar/bulletins/777/contents/1197558,General Villegas,Ordenanza Nº5870/17 en el boletín 58º de General Villegas,,06/04/2018,,,volumen_alto,no,recapado,https://sibom.slyt.gba.gob.ar/bulletins/777/contents/1197558,"VISTO: El Expediente Nº 13037/17, iniciado por la Secretaria de Hacienda y Finanzas ... […] Gomerías, vulcanización, recapado , etc ... […] Gomerías, vulcanización, recapado , etc. $ 134.95 ...",2018-04-06,2026-09-01,2026-09-01
sibom,https://sibom.slyt.gba.gob.ar/bulletins/777/contents/1195936,General Villegas,Decreto Nº2022/17 en el boletín 58º de General Villegas,,06/04/2018,,,volumen_alto,no,gomeria,https://sibom.slyt.gba.gob.ar/bulletins/777/contents/1195936,"Que por Acta de Constatación Nº 5285, de fecha 15 de junio de 2016, obrante a fojas 25, surge que el comercio se encuentra totalmente cerrado ... […] El Expediente Nº 2245/94, iniciado por el señor Juan Ricardo Galliano, correspondiente a la habilitación municipal de un comercio, dedicado a la explotación del rubro “ Gomería ”, fecha de alta 2 de mayo de 1994, registrado como Contribuyente Nº 1981; y ... […] a nombre del señor JUAN RICARDO GALLIANO – D.N.I. Nº 23.137.745, Contribuyente Nº 1981, habilitado con el rubro “ GOMERÍA ”, Codificador de Rentas Nº 71400-09, con domicilio comercial en c",2018-04-06,2026-09-01,2026-09-01
sibom,https://sibom.slyt.gba.gob.ar/bulletins/543/contents/1175327,Tapalqué,Decreto Nº1241/17 en el boletín 4º de Tapalqué,,03/04/2018,,,volumen_alto,no,protector de neumaticos,https://sibom.slyt.gba.gob.ar/bulletins/543/contents/1175327,"La disponibilidad de fondos en la partida correspondiente ... […] La solicitud presentada por la Asociación Protectora de Animales, Refugio Tapalqué por intermedio de la cual solicita un subsidio de $ 8.000 (Pesos ocho mil) para solventar gastos de atención veterinaria, medicamentos, alimento y gastos varios para el mantenimiento del predio ... […] ARTICULO 1º : Otórgase a favor de la Asociación Protectora de Animales Refugio ...",2018-04-03,2026-09-01,2026-09-01
sibom,https://sibom.slyt.gba.gob.ar/bulletins/755/contents/1197842,Vicente López,Decreto Nº883/18 en el boletín 613º de Vicente López,,23/03/2018,,,objetivo,no,camara de aire,https://sibom.slyt.gba.gob.ar/bulletins/755/contents/1197842,"La Solicitud de Gastos No 1-1132 obrante a fs. 52 producida por la Dirección General de Contaduría ... […] El presente expediente mediante el cual se tramita la obra ""INSTALACION DE EXTRACCION DE AIRE EN EL DEPOSITO DE ARCHIVO"", y ... […] CORRESPONDE A EXPEDIENTE N° 4119 - 005944/2017 ...",2018-03-23,2026-09-01,2026-09-01
sibom,https://sibom.slyt.gba.gob.ar/bulletins/773/contents/1196282,Chacabuco,Decreto Nº294/18 en el boletín 11º de Chacabuco,,18/03/2018,,,volumen_alto,no,"cubierta,cubiertas",https://sibom.slyt.gba.gob.ar/bulletins/773/contents/1196282,"Lo solicitado por el Secretario de Salud, solicitando se declare de Interés Municipal la capacitación de RCP que se llevará a cabo el día 13 de marzo del cte. año, en el patio cubierto de la Municipalidad. ... […] DECLARANDO DE INTERES MUNICIPAL LA CAPACITACION RCP ... […] ARTICULO 1º: Declárase de Interés Municipal la capacitación de RCP que se llevará a cabo el día 13 de marzo del cte. año, en el patio cubierto ...",2018-03-18,2026-09-01,2026-09-01
sibom,https://sibom.slyt.gba.gob.ar/bulletins/778/contents/1195840,Coronel Suárez,Decreto Nº174/18 en el boletín 32º de Coronel Suárez,,15/03/2018,,,volumen_alto,no,"neumatico,neumaticos,protector de neumaticos",https://sibom.slyt.gba.gob.ar/bulletins/778/contents/1195840,"Que es necesaria su adquisición, a través de un Concurso de Precios, según lo establece la Ley Orgánica Municipal ... […] la necesidad de adquirir neumáticos para los equipos del Corralón Municipal (Camiones Prensa), dependientes de la Secretaría de Servicios Públicos, y – ... […] /////rreponde EXP. MCS: 53/2018 ...",2018-03-15,2026-09-01,2026-09-01
sibom,https://sibom.slyt.gba.gob.ar/bulletins/748/contents/1194201,General Villegas,Decreto Nº1843/17 en el boletín 57º de General Villegas,,14/03/2018,,,volumen_alto,no,camara de aire,https://sibom.slyt.gba.gob.ar/bulletins/748/contents/1194201,"como los siguientes RP 5722, 6604, 6605, 9931, 9932, 10357, 10471, 10538, 10581. Que los RP 5723 y 5724, son dos equipos de aire acondicionado que no están en funcionamiento y serán ... […] El Expediente Nº 10604/17, iniciado por la Jefe de la Comisaría de la Mujer y la Familia General Villegas, solicitando la desafectación de elementos de esa oficina, por no encontrarse en esa dependencia y estar inactivos ... […] Cámara Fotográfica – cámara digital Kodak a pilas ...",2018-03-14,2026-09-01,2026-09-01
sibom,https://sibom.slyt.gba.gob.ar/bulletins/517/contents/1181371,Bahia Blanca,Ordenanza Nº19065 en el boletín 4º de Bahia Blanca,,13/03/2018,,,volumen_alto,no,"llanta,llantas",https://sibom.slyt.gba.gob.ar/bulletins/517/contents/1181371,"ARTICULO 1º: Dispóngase el reconocimiento de los daños materiales ocasionados el día 2 de Noviembre de 2016, a las llantas y rayos del vehículo marca GUERRERO TRIP 2013, Dominio JGS-663, propiedad del Señor MENGARELLI LUCIANO ...",2018-03-13,2026-09-01,2026-09-01
sibom,https://sibom.slyt.gba.gob.ar/bulletins/622/contents/1181392,Coronel Dorrego,Decreto Nº3142/17 en el boletín 27º de Coronel Dorrego,,09/03/2018,,cerrada,volumen_alto,no,gomeria,https://sibom.slyt.gba.gob.ar/bulletins/622/contents/1181392,"que para esta Licitación no se recibió ninguna oferta ... […] /2017, para realizar la concesión de una superficie de terreno ubicado en la playa de camiones de la localidad de Oriente, Partido de Coronel Dorrego, para proceder a la instalación de gomería cumpliendo con lo requerido en la Ordenanza Nº 3721/17; y ... […] Licitación Pública Nº 13/2017 ...",2018-03-09,2026-09-01,2026-09-01
sibom,https://sibom.slyt.gba.gob.ar/bulletins/621/contents/1182619,General Villegas,Decreto Nº1505/17 en el boletín 55º de General Villegas,,29/01/2018,,,volumen_alto,no,"bateria,baterias",https://sibom.slyt.gba.gob.ar/bulletins/621/contents/1182619,"Que el Director de Mantenimiento y Control de las Reparaciones a cargo de Patrimonio interviene a fojas 2 a 10, adjuntando la planilla con los datos patrimoniales de los bienes aludidos ... […] El Expediente Nº 6616/17, iniciado por el Subdirector de Comunicación y Prensa, solicitando la baja de bienes patrimoniales ... […] para Secretaria de Intendencia. 13000 4.3.9.01703.9999 Cargador de batería portátil. 13001 4.3.9 ...",2018-01-29,2026-09-01,2026-09-01
sibom,https://sibom.slyt.gba.gob.ar/bulletins/655/contents/1183969,Campana,Ordenanza Nº6602/17 en el boletín 3º de Campana,,17/01/2018,,,objetivo,no,recapado,https://sibom.slyt.gba.gob.ar/bulletins/655/contents/1183969,"VISTO ... […] Gomerías, vulcanizado, recapado , etc ...",2018-01-17,2026-09-01,2026-09-01
sibom,https://sibom.slyt.gba.gob.ar/bulletins/605/contents/1179940,Coronel Dorrego,Licitación Nº2958/17 en el boletín 26º de Coronel Dorrego,,04/01/2018,,,volumen_alto,no,gomeria,https://sibom.slyt.gba.gob.ar/bulletins/605/contents/1179940,"que los servicios mencionados, se enmarcan dentro de las prestaciones primordiales que contribuyen a mejorar la calidad de vida de no solamente los usuarios de la playa sino ... […] con el objeto de proceder a la concesión de una superficie de terreno ubicado en la playa de camiones de la localidad de Oriente, Partido de Coronel Dorrego, para la instalación de gomería y conformidad con el Pliego de Bases y Condiciones que se adjunta al presente como Anexo Nº I; ... […] de camiones de la localidad de Oriente, Partido de Coronel Dorrego, para la instalación de gomería y conformidad con el Pliego",2018-01-04,2026-09-01,2026-09-01
sibom,https://sibom.slyt.gba.gob.ar/bulletins/544/contents/1178957,General Villegas,Resolución Nº653/17 en el boletín 54º de General Villegas,,04/01/2018,,,volumen_alto,no,gomeria,https://sibom.slyt.gba.gob.ar/bulletins/544/contents/1178957,"Que a fojas 23 y 24 se acompañan Actas de Constatación de fecha 24 de noviembre y 10 de diciembre de 2015 respectivamente, donde surge que el comercio no abrió sus puertas ... […] El Expediente Nº 5636/15 Alcance 1, iniciado por el señor Jorge Néstor Prieto en su carácter de Presidente de la firma Petrolauquen S.A., solicitando la habilitación municipal de un comercio dedicado a la explotación de los rubros “Venta de neumáticos y servicio de gomería ”, desde el día 15 de noviembre de 2015; y ... […] ARTÍCULO PRIMERO: Regístrese la Habilitación Provisoria de un comercio dedicado a la explotació",2018-01-04,2026-09-01,2026-09-01
sibom,https://sibom.slyt.gba.gob.ar/bulletins/582/contents/1178716,Coronel Dorrego,Ordenanza Nº3721/17 en el boletín 25º de Coronel Dorrego,,02/01/2018,,,volumen_alto,no,gomeria,https://sibom.slyt.gba.gob.ar/bulletins/582/contents/1178716,: Que es intención concretar en el espacio precitado la instalación de una gomería ... […] ARTÍCULO 1° ) Autorízase al Departamento Ejecutivo a llamar a Licitación Pública para ============ la explotación en concesión de una gomería ...,2018-01-02,2026-09-01,2026-09-01
sibom,https://sibom.slyt.gba.gob.ar/bulletins/522/contents/1175448,Avellaneda,Ordenanza Nº27886 en el boletín 1º de Avellaneda,,26/12/2017,,,objetivo,no,recapado,https://sibom.slyt.gba.gob.ar/bulletins/522/contents/1175448,"VISTO: El expediente I-47370/2017 y Cuerpo I; y CONSIDERANDO ... […] Gomerías, vulcanizadas, recapado , etc ...",2017-12-26,2026-09-01,2026-09-01
sibom,https://sibom.slyt.gba.gob.ar/bulletins/527/contents/1174066,Pilar,Decreto Nº3914/17 en el boletín 23º de Pilar,,15/12/2017,,,objetivo,no,gomeria,https://sibom.slyt.gba.gob.ar/bulletins/527/contents/1174066,"Que del total de los 15 vecinos consultados, 11 han dado su conformidad, 2 no la han dado y 2 no han sido localizados para realizar la consulta, cuya firma se verifica de fs. 14 a 29 del expte. de referencia ... […] El expediente de referencia, por el cual el Sr. TADDEO MARTIN HERNAN, DNI N° 23.705.650, tramita el “Uso Conforme de Suelo y Excepción al Código de Zonificación” para la instalación de una “ Gomería ”, ubicada ... […] Corresponde al Expediente 712/17 - 11374/2017 PILAR ...",2017-12-15,2026-09-01,2026-09-01
sibom,https://sibom.slyt.gba.gob.ar/bulletins/428/contents/1173824,General Villegas,Resolución Nº581/17 en el boletín 53º de General Villegas,,06/12/2017,,,volumen_alto,no,gomeria,https://sibom.slyt.gba.gob.ar/bulletins/428/contents/1173824,"Que mediante Resolución Nº 642/15, agregada a fojas 41 y 42, se registró la habilitación provisoria, correspondiente al Contribuyente Nº 4123. Que por Expediente Nº 8252/16 ... […] El Expediente Nº 426/09, correspondiente a la habilitación de un comercio, perteneciente al señor Claudio Hernán León, dedicado a la explotación del rubro “ Gomería ”, a partir del 1 de enero de 2009; y ... […] ARTÍCULO PRIMERO: Prorrógase la habilitación provisoria otorgada por Resolución Nº 642/15, de un comercio dedicado a la explotación del rubro “ GOMERÍA ”, denominación comercial “LA NUEVA”, del señor ...",2017-12-06,2026-09-01,2026-09-01
sibom,https://sibom.slyt.gba.gob.ar/bulletins/524/contents/1172927,Chacabuco,Decreto Nº1561/17 en el boletín 4º de Chacabuco,,01/12/2017,,,volumen_alto,no,protector de neumaticos,https://sibom.slyt.gba.gob.ar/bulletins/524/contents/1172927,"Viable lo peticionado ... […] La solicitud presentada por la Sociedad Protectora de Ancianos Desvalidos, en el sentido de obtener una ayuda financiera no reintegrable para solventar los gastos para la realización de diferentes reparaciones edilicias; ... […] OTORGANDO UN SUBSIDIO A LA SOCIEDAD PROTECTORA DE ANCIANOS DESVALIDOS.- ...",2017-12-01,2026-09-01,2026-09-01
sibom,https://sibom.slyt.gba.gob.ar/bulletins/462/contents/1168694,Tapalqué,Decreto Nº1075/17 en el boletín 2º de Tapalqué,,16/11/2017,,,volumen_alto,no,protector de neumaticos,https://sibom.slyt.gba.gob.ar/bulletins/462/contents/1168694,"La disponibilidad de fondos en la partida correspondiente ... […] La solicitud presentada por la Asociación Protectora de Animales, Refugio Tapalqué por intermedio de la cual solicita un subsidio de $ 8.000 (Pesos ocho mil) para solventar gastos de atención veterinaria, medicamentos, alimento y gastos varios para el mantenimiento del predio, y ... […] ARTICULO 1º : Otórgase a favor de la Asociación Protectora de Animales Refugio Tapalqué, la suma $ 8.000 (Pesos ocho mil) con destino a solventar gastos de atención veterinaria, medicamentos, alimento ...",2017-11-16,2026-09-01,2026-09-01
sibom,https://sibom.slyt.gba.gob.ar/bulletins/351/contents/1159379,Coronel Rosales,Decreto Nº100/17 en el boletín 3º de Coronel Rosales,,07/11/2017,,,volumen_alto,no,"bateria,baterias",https://sibom.slyt.gba.gob.ar/bulletins/351/contents/1159379,"Que debe en consecuencia procederse al dictado del acto administrativo pertinente, POR ELLO ... […] El Pliego de Bases y Condiciones instrumentado para el llamado a Licitación Privada Nº3/17, referido a la adquisición de equipos de comunicación radio portátil (handies), micrófonos, parlantes y baterías para la Policía Comunal de Coronel Rosales, y ... […] ARTICULO 1º.- Apruébase el Pliego de Bases y Condiciones para el llamado a Licitación Privada Nº 03/17, para la adquisición de equipos de comunicación radio portátil, micrófonos, parlantes y baterías para la Policía ...",2017-11-07,2026-09-01,2026-09-01
sibom,https://sibom.slyt.gba.gob.ar/bulletins/378/contents/1166019,Vicente López,Ordenanza Nº35531 en el boletín 603º de Vicente López,,23/10/2017,,,objetivo,no,camara de aire,https://sibom.slyt.gba.gob.ar/bulletins/378/contents/1166019,"Aceptando la donación de 1 Bomba Daiwa, 1 Tensiómetro Aneroide de Mano, 1 Brazal con Cámara N° 7 Reus Warehouse, 1 Brazal y Cámara N° 8 Reus Flex y 1 Brazal y Cámara N°9 Reus Flex, con destino al Servicio de Pediatria del Hospital Municipal, por parte del Colegio Northlands- Sede Olivos, a traves del Servicio de Voluntarias del mismo.- ...",2017-10-23,2026-09-01,2026-09-01
sibom,https://sibom.slyt.gba.gob.ar/bulletins/331/contents/1157162,General Villegas,Decreto Nº763/17 en el boletín 51º de General Villegas,,21/09/2017,,,volumen_alto,no,"llanta,llantas",https://sibom.slyt.gba.gob.ar/bulletins/331/contents/1157162,"de profundidad, ocasionándole incluso pérdida momentánea de conocimiento. En cuanto al automóvil menciona que se activaron ambos airbags y en el frente del vehículo se dañó la parrilla, radiador, llantas y motor ... […] Las actuaciones obrantes en el Expediente N° 13.635/16, iniciado por el señor Gabriel Gustavo Recalde, DNI N° 20.346.967, solicitando se le abonen los gastos de reparación de una pick-up Volkswagen Saveiro 1.6 GP ... […] ARTÍCULO PRIMERO: Abónese la suma de Pesos Ochenta y un mil quinientos sesenta y seis con sesenta y ocho centavos ($ 81.566,68) a El Malambo S.A. Matrícula 899",2017-09-21,2026-09-01,2026-09-01
sibom,https://sibom.slyt.gba.gob.ar/bulletins/289/contents/1156133,Vicente López,Ordenanza Nº35425 en el boletín 601º de Vicente López,,06/09/2017,,,objetivo,no,"bateria,baterias",https://sibom.slyt.gba.gob.ar/bulletins/289/contents/1156133,"Aceptando la donación de 1 Cabezal oftalmoscópico y 1 Mango bateria recargable, con destino al Servicio de Oftalmología del Hospital Municipal, por parte del Servicio de Voluntarias del mismo.- ...",2017-09-06,2026-09-01,2026-09-01
sibom,https://sibom.slyt.gba.gob.ar/bulletins/313/contents/1155204,General Villegas,Resolución Nº319/17 en el boletín 50º de General Villegas,,04/09/2017,,,volumen_alto,no,gomeria,https://sibom.slyt.gba.gob.ar/bulletins/313/contents/1155204,"Que se labraron Acta de Inspección Nº 3197 y Censo de Comercio e Industria Nº 3299, la titular declara no poseer empleados en relación de dependencia (fojas 21 y 22). Que División ... […] El Expediente Nº 6408/15, iniciado por la señora Claudia Mariela Giménez, donde se tramita la habilitación municipal de un comercio, dedicado a la explotación del rubro “ Gomería ”, desde el 25 de septiembre de 2015; y ... […] ARTÍCULO PRIMERO: Regístrese la habilitación al solo efecto de percibir las tasas municipales, del comercio dedicado a la explotación del rubro “ GOMERÍA ”, denominación comercial “ GOM",2017-09-04,2026-09-01,2026-09-01
sibom,https://sibom.slyt.gba.gob.ar/bulletins/300/contents/1153968,General Villegas,Resolución Nº241/17 en el boletín 49º de General Villegas,,29/08/2017,,,volumen_alto,no,gomeria,https://sibom.slyt.gba.gob.ar/bulletins/300/contents/1153968,"Que a fojas 68, toma intervención la División Comercio e Inspección informando que en el Artículo Segundo de la Resolución Nº 668/16, se registra el traslado del comercio a calle Morgavi Nº 503 de la localidad de Coronel Charlone; sin aclarar ... […] Los Expediente Nº 4953/10 y 4953/10 Alc.2, mediante los cuales se tramitó la habilitación y posterior traslado del comercio dedicado al rubro “Taller de mecánica pesada - Gomería ”, del señor Hernán Miguel Perello, Contribuyente Nº 5158; y ... […] , la que quedará redactada de la siguiente manera: Donde dice: “...Regístrese el traslado del comerci",2017-08-29,2026-09-01,2026-09-01
sibom,https://sibom.slyt.gba.gob.ar/bulletins/294/contents/1153514,General Villegas,Resolución Nº175/17 en el boletín 48º de General Villegas,,24/08/2017,,,volumen_alto,no,gomeria,https://sibom.slyt.gba.gob.ar/bulletins/294/contents/1153514,"Que a fojas 12 y 13, se adjunta el Acta de Inspección Nº 989 y el Censo de Comercio e Industria Nº 1740, mediante el cual declara no contar con empleados en relación de dependencia. Que el Departamento Catastro a fojas ... […] El Expediente Nº 6688/11, iniciado por el señor Ricardo Alberto Mutuberria, solicitando la habilitación municipal de un comercio dedicado a la explotación del rubro “ Gomería ”, desde el día 1 de octubre de 2011; y ... […] ARTÍCULO PRIMERO: Regístrese la habilitación provisoria de un comercio dedicado a la explotación del rubro “ Gomeria ”, denominación comercial “El Vas",2017-08-24,2026-09-01,2026-09-01
sibom,https://sibom.slyt.gba.gob.ar/bulletins/234/contents/1148999,Pilar,Decreto Nº2732/17 en el boletín 15º de Pilar,,10/08/2017,,,objetivo,no,"llanta,llantas",https://sibom.slyt.gba.gob.ar/bulletins/234/contents/1148999,"Que a fojas 1 y 2 la Secretaría de Servicios Públicos da inicio al expediente para cumplir con el objeto de la presente. Que a fojas 3 se adjunta la Solicitud de Pedido N° 3-611 ... […] El expediente N° 1893/17, por el cual se solicita la adquisición de 2 (dos) carretones con lanza, 13 (trece) carretones para minicargadora, 2 (dos) minicargadoras, 1 (un) minicargador con accesorios fresa y martillo ... […] Corresponde al Expediente N° 1893/17 Cuerpo 4 Pilar ...",2017-08-10,2026-09-01,2026-09-01
sibom,https://sibom.slyt.gba.gob.ar/bulletins/240/contents/1149188,Lincoln,Decreto Nº2002/16 en el boletín 8º de Lincoln,,02/08/2017,,,volumen_alto,no,"llanta,llantas",https://sibom.slyt.gba.gob.ar/bulletins/240/contents/1149188,Que en consecuencia y por ello ... […] La necesidad de disponer el llamado a LICITACION PRIVADA Nº 06/2016 – EXPEDIENTE Nº4065-0092/16 PARA LA “ADQUISICION DE UNA PICK UPS DOBLE CABINA 4X2 OKM COLOR BLANCA ... […] DISPONIENDO EL LLAMADO A LICITACION PRIVADA Nº 06/2016 – EXPEDIENTE Nº4065-0092/16 PARA LA “ADQUISICION DE UNA PICK UP DOBLE CABINA 4X2 OKM COLOR BLANCA ...,2017-08-02,2026-09-01,2026-09-01
sibom,https://sibom.slyt.gba.gob.ar/bulletins/178/contents/1142110,Coronel Dorrego,Ordenanza Nº3657/17 en el boletín 15º de Coronel Dorrego,,15/06/2017,,,volumen_alto,no,camara de aire,https://sibom.slyt.gba.gob.ar/bulletins/178/contents/1142110,".- Que la Universidad, juntamente con la Cámara Olivícola del Sur viene desarrollando hace varios años el proyecto “Manejo Eficiente del Olivar”. Que el mencionado equipo brinda el servicio de análisis a los productores olivícolas en época ... […] ARTICULO 1º) Incorpórase al Artículo 1º), de la Ordenanza Nº 3508/16, el bien inventariado ============ bajo el Número: 2686, correspondiente a secadora de cereal con termostato digital y timer digital, aire forzado ...",2017-06-15,2026-09-01,2026-09-01
sibom,https://sibom.slyt.gba.gob.ar/bulletins/128/contents/1139732,Nueve de Julio,Decreto Nº1686/17 en el boletín 5º de Nueve de Julio,,12/06/2017,,adjudicada,volumen_alto,no,"neumatico,neumaticos",https://sibom.slyt.gba.gob.ar/bulletins/128/contents/1139732,"Que corresponde dictar acto administrativo expreso, de conformidad a las constancias enunciadas ... […] El expediente Nº 4082-1178/2017. La solicitud de fojas 01 de la Secretaría de Obras y Servicios Públicos. El informe de la Oficina de Compras, en el sentido que, por el monto de la operación corresponde arbitrar la modalidad ... […] ADQUISICION DE CUBIERTAS – OBRAS Y SERVICIOS PUBLICOS ...",2017-06-12,2026-09-01,2026-09-01
sibom,https://sibom.slyt.gba.gob.ar/bulletins/120/contents/1139749,Coronel Suárez,Decreto Nº1021/17 en el boletín 5º de Coronel Suárez,,01/06/2017,,,volumen_alto,no,"cubierta,cubiertas",https://sibom.slyt.gba.gob.ar/bulletins/120/contents/1139749,"Que es necesaria su adquisición, a través de un Concurso de Precios, según lo establece la Ley Orgánica Municipal ... […] la necesidad de adquirir cubiertas para los equipos del Corralón Municipal (Colectivo – Camioneta – Camiones – Tractores – Tanques Regadores – Pala Cargadora), dependientes de la Secretaría de Servicios Públicos, y – ... […] /////rreponde EXP. MCS: 381/2017.- Coronel Suárez, 8 de mayo de 2017 ...",2017-06-01,2026-09-01,2026-09-01
sibom,https://sibom.slyt.gba.gob.ar/bulletins/62/contents/1132247,Moreno,Decreto Nº0467/17 en el boletín 199º de Moreno,,10/04/2017,,,objetivo,no,"neumatico,neumaticos,protector de neumaticos",https://sibom.slyt.gba.gob.ar/bulletins/62/contents/1132247,"Ajudiquese el Concurso de Precios N° 07/16 (2do llamado), realizado para contratar la provisión de neumáticos para camiones internos. ...",2017-04-10,2026-09-01,2026-09-01
sibom,https://sibom.slyt.gba.gob.ar/bulletins/62/contents/1132320,Moreno,Decreto Nº0620/17 en el boletín 199º de Moreno,,10/04/2017,,adjudicada,objetivo,no,"bateria,baterias",https://sibom.slyt.gba.gob.ar/bulletins/62/contents/1132320,"Adjudíquese el Concurso de Precios N° 17/17, realizado para contratar la provisión de Baterías , solicitada por la Secretaría de Infraestructura y Desarrollo Urbano. ...",2017-04-10,2026-09-01,2026-09-01
sibom,https://sibom.slyt.gba.gob.ar/bulletins/76/contents/1078077,Coronel Suárez,Decreto Nº460/17 en el boletín 3º de Coronel Suárez,,05/04/2017,,,volumen_alto,no,"neumatico,neumaticos,protector de neumaticos",https://sibom.slyt.gba.gob.ar/bulletins/76/contents/1078077,"Que es necesaria su adquisición, a través de un Concurso de Precios, según lo establece la Ley Orgánica Municipal ... […] la necesidad de adquirir neumáticos para los equipos del Corralón Municipal (Motoniveladora – Pala – Tractor – Tanques Regadores - Camiones Prensa), dependientes de la Secretaría de Servicios Públicos, y – ... […] /////rreponde EXP. MCS: 163/2017 ...",2017-04-05,2026-09-01,2026-09-01
sibom,https://sibom.slyt.gba.gob.ar/bulletins/26/contents/593624,Chivilcoy,Decreto Nº183 en el boletín 1º de Chivilcoy,,04/04/2017,,,volumen_alto,no,gomeria,https://sibom.slyt.gba.gob.ar/bulletins/26/contents/593624,"la solicitud del Secretario de Cultura y Educación de la Municipalidad de Chivilcoy, mediante expediente Administrativo N° 4031-178155/17 ... […] Interes Municipal evento muestar fotografia ... […] Artículo 1º: Declárese de Interés Municipal la Muestra Fotográfica “La Gomería ” por Irina Maradei que se realizará el próximo 26 de febrero a las 18 horas, en la gomeria sita en avenida Urquiza y calle Rivadavia.- Artículo 2º: Comuníquese, publíquese, tome nota quien corresponda, dése al R. O. archívese.- ...",2017-04-04,2026-09-01,2026-09-01
sibom,https://sibom.slyt.gba.gob.ar/bulletins/15624/contents/2438393,Berazategui,Resolución Nº095 en el boletín 159º de Berazategui,,01/09/2026,,,objetivo,no,protector de neumaticos,https://sibom.slyt.gba.gob.ar/bulletins/15624/contents/2438393,": “ COMPRA DE NEUMÁTICOS , PROTECTORES Y CÁMARAS PARA LA FLOTA VEHÍCULAR DEL DISTRITO ...",2026-09-01,2026-09-01,2026-09-04
comprar,315-0004-LPR26,Nación · unidad 604,"Adquisición de neumáticos, servicios de colocación, cambio de válvula , alineación y balanceo",Licitación Privada,,15/09/2026 11:00 Hrs.,Publicado,,no,neumatic,https://comprar.gob.ar/Compras.aspx,,2026-09-01,2026-09-01,2026-09-04
comprar,23-0011-LPR26,Nación · unidad 589,Provisión de neumáticos destinados a los vehículos que componen la flota de la SGP.,Licitación Privada,,10/09/2026 12:00 Hrs.,Publicado,,no,neumatic,https://comprar.gob.ar/Compras.aspx,,2026-09-01,2026-09-01,2026-09-04
comprar,37/115-0841-CDI26,Nación · unidad 1233,ADQUISISCION DE NEUMATICOS PARA VEHICULOS,Contratación Directa,,04/09/2026 10:00 Hrs.,Publicado,,no,neumatic,https://comprar.gob.ar/Compras.aspx,,2026-09-01,2026-09-01,2026-09-04
comprar,37/1-0194-LPR26,Nación · unidad 1131,ADQUISICION DE NEUMATICOS,Licitación Privada,,08/09/2026 10:00 Hrs.,Publicado,,no,neumatic,https://comprar.gob.ar/Compras.aspx,,2026-09-01,2026-09-01,2026-09-04
comprar,74/4-0339-LPR26,Nación · unidad 1056,ADQUISICION DE NEUMATICOS DE VEHICULOS OFICIALES - PARQUE NACIONAL LOS ALERCES,Licitación Privada,,14/09/2026 10:00 Hrs.,Publicado,,no,neumatic,https://comprar.gob.ar/Compras.aspx,,2026-09-01,2026-09-01,2026-09-04
comprar,39-0004-LPR26,Nación · unidad 1082,ADQUISICIÓN DE BATERÍAS PARA LOS MEDIOS NAVALES DE LA INSTITUCIÓN.,Licitación Privada,,03/09/2026 09:00 Hrs.,Publicado,,no,bateria,https://comprar.gob.ar/Compras.aspx,,2026-09-01,2026-09-01,2026-09-04
comprar,74/7-0356-LPR26,Nación · unidad 1328,Adquisicion de neumáticos y llantas,Licitación Privada,,04/09/2026 12:00 Hrs.,Publicado,,no,"neumatic,llanta",https://comprar.gob.ar/Compras.aspx,,2026-09-01,2026-09-01,2026-09-04
comprar,37/35-0204-LPR26,Nación · unidad 1164,Adquisición de Neumáticos (REGENTRES),Licitación Privada,,14/09/2026 12:30 Hrs.,Publicado,,no,neumatic,https://comprar.gob.ar/Compras.aspx,,2026-09-01,2026-09-01,2026-09-04
comprar,49-0052-CDI26,Nación · unidad 1048,ADQUISICIÓN DE CUBIERTAS PARA LA FLOTA AUTOMOTOR DEL INV.,Contratación Directa,,09/09/2026 12:00 Hrs.,Publicado,,no,cubierta,https://comprar.gob.ar/Compras.aspx,,2026-09-01,2026-09-01,2026-09-04
comprar,74/3-0362-LPR26,Nación · unidad 1250,SERVICIO INTEGRAL DE GOMERÍA PARA LA FLOTA DE VEHÍCULOS OFICIALES DEL PARQUE NACIONAL LANÍN,Licitación Privada,,16/09/2026 12:00 Hrs.,Publicado,,no,gomeria,https://comprar.gob.ar/Compras.aspx,,2026-09-01,2026-09-01,2026-09-04
comprar,37/87-0833-CDI26,Nación · unidad 1210,“ADQUISICION DE BATERIAS Y ESTABILIZADORES DE TENSION PARA EQUIPOS DE COMUNICACIÓNES E INFORMATICA”,Contratación Directa,,09/09/2026 10:00 Hrs.,Publicado,,no,bateria,https://comprar.gob.ar/Compras.aspx,,2026-09-02,2026-09-02,2026-09-04
comprar,37/77-0888-CDI26,Nación · unidad 1789,ADQUISICION DE NEUMATICOS PARA VEHICULOS,Contratación Directa,,11/09/2026 10:00 Hrs.,Publicado,,no,neumatic,https://comprar.gob.ar/Compras.aspx,,2026-09-03,2026-09-03,2026-09-04
